sample_id,split,reference_identity,reference_image,probe_image,reference_probe_same_file,probe_present_in_reference_gallery,embedding_source_split,leakage_detected
P_285b1591,train,n000115,data/processed/faces\S_ba079356.jpg,data/processed/faces\S_7e9872cf.jpg,False,False,train,False
P_bb1f7296,train,n000115,data/processed/faces\S_ba079356.jpg,data/processed/faces\S_cd671a61.jpg,False,False,train,False
P_1a79e4ab,train,n000115,data/processed/faces\S_ba079356.jpg,data/processed/faces\S_00d26bed.jpg,False,False,train,False
P_e31a0b2b,train,n000115,data/processed/faces\S_ba079356.jpg,data/processed/faces\S_60d0a052.jpg,False,False,train,False
P_4437e24c,train,n000115,data/processed/faces\S_ba079356.jpg,data/processed/faces\S_de32257c.jpg,False,False,train,False
P_b3ab88c7,train,n000115,data/processed/faces\S_ba079356.jpg,data/processed/faces\S_e58e919f.jpg,False,False,train,False
P_8f2aecd7,train,n000115,data/processed/faces\S_ba079356.jpg,data/processed/faces\S_54482917.jpg,False,False,train,False
P_636a91b3,train,n000115,data/processed/faces\S_ba079356.jpg,data/processed/faces\S_c1133b49.jpg,False,False,train,False
P_64bd8f37,train,n000115,data/processed/faces\S_ba079356.jpg,data/processed/faces\S_5ebb946e.jpg,False,False,train,False
P_d78c5013,train,n000115,data/processed/faces\S_ba079356.jpg,data/processed/faces\S_136cffea.jpg,False,False,train,False
P_77efb21b,train,n000115,data/processed/faces\S_ba079356.jpg,data/processed/faces\S_21f36679.jpg,False,False,train,False
P_c93468e0,train,n000115,data/processed/faces\S_ba079356.jpg,data/processed/faces\S_55cc6ae9.jpg,False,False,train,False
P_8e3c173b,train,n000115,data/processed/faces\S_ba079356.jpg,data/processed/faces\S_d69fc5b7.jpg,False,False,train,False
P_c57ec5f3,train,n000115,data/processed/faces\S_ba079356.jpg,data/processed/faces\S_2d730a85.jpg,False,False,train,False
P_5fa7a57b,train,n000115,data/processed/faces\S_ba079356.jpg,data/processed/faces\S_245bc581.jpg,False,False,train,False
P_3cda40d2,train,n000115,data/processed/faces\S_ba079356.jpg,data/processed/faces\S_38285125.jpg,False,False,train,False
P_2bf8b4f0,train,n000115,data/processed/faces\S_ba079356.jpg,data/processed/faces\S_ca032fca.jpg,False,False,train,False
P_09ad55d4,train,n000115,data/processed/faces\S_ba079356.jpg,data/processed/faces\S_aeb255e7.jpg,False,False,train,False
P_6c634734,train,n000115,data/processed/faces\S_ba079356.jpg,data/processed/faces\S_110d2c5f.jpg,False,False,train,False
P_832e926d,train,n000115,data/processed/faces\S_ba079356.jpg,data/processed/faces\S_5f0ca27c.jpg,False,False,train,False
P_1e69867d,train,n000115,data/processed/faces\S_ba079356.jpg,data/processed/faces\S_75fcb36c.jpg,False,False,train,False
P_7ba63ae2,train,n000115,data/processed/faces\S_ba079356.jpg,data/processed/faces\S_beda5cfd.jpg,False,False,train,False
P_36adc235,train,n000115,data/processed/faces\S_ba079356.jpg,data/processed/faces\S_328e5564.jpg,False,False,train,False
P_175303f8,train,n000115,data/processed/faces\S_ba079356.jpg,data/processed/faces\S_d4f26152.jpg,False,False,train,False
P_0c985c33,train,n000115,data/processed/faces\S_ba079356.jpg,data/processed/faces\S_c98880ec.jpg,False,False,train,False
P_e4294a5d,train,n000115,data/processed/faces\S_ba079356.jpg,data/processed/faces\S_22d691dd.jpg,False,False,train,False
P_409a9a88,train,n000115,data/processed/faces\S_ba079356.jpg,data/processed/faces\S_c48b0e31.jpg,False,False,train,False
P_f52b2d2a,train,n000115,data/processed/faces\S_ba079356.jpg,data/processed/faces\S_3f32737f.jpg,False,False,train,False
P_b1c33f42,train,n000115,data/processed/faces\S_ba079356.jpg,data/processed/faces\S_ffe79a17.jpg,False,False,train,False
P_cfb713ee,train,n000115,data/processed/faces\S_ba079356.jpg,data/processed/faces\S_5f894aee.jpg,False,False,train,False
P_2957fd1b,train,n000115,data/processed/faces\S_ba079356.jpg,data/processed/faces\S_5e51f007.jpg,False,False,train,False
P_cae98a12,train,n000115,data/processed/faces\S_ba079356.jpg,data/processed/faces\S_5327ae07.jpg,False,False,train,False
P_1e456125,train,n000115,data/processed/faces\S_ba079356.jpg,data/processed/faces\S_eec4bda2.jpg,False,False,train,False
P_06a8c967,train,n000115,data/processed/faces\S_ba079356.jpg,data/processed/faces\S_9a069543.jpg,False,False,train,False
P_0ea64ddc,train,n000115,data/processed/faces\S_ba079356.jpg,data/processed/faces\S_1384d6b2.jpg,False,False,train,False
P_b6771dcd,train,n000115,data/processed/faces\S_ba079356.jpg,data/processed/faces\S_65cbfa3b.jpg,False,False,train,False
P_0465486d,train,n000115,data/processed/faces\S_ba079356.jpg,data/processed/faces\S_7663365f.jpg,False,False,train,False
P_7050b39a,train,n000115,data/processed/faces\S_ba079356.jpg,data/processed/faces\S_b96a99af.jpg,False,False,train,False
P_2f4a8be0,train,n000115,data/processed/faces\S_ba079356.jpg,data/processed/faces\S_6fc43ad3.jpg,False,False,train,False
P_81d5653d,train,n000115,data/processed/faces\S_ba079356.jpg,data/processed/faces\S_1c1ae6d6.jpg,False,False,train,False
P_ffcaf9de,train,n000115,data/processed/faces\S_ba079356.jpg,data/processed/faces\S_697cce4a.jpg,False,False,train,False
P_5c02809a,train,n000115,data/processed/faces\S_ba079356.jpg,data/processed/faces\S_a24f7bce.jpg,False,False,train,False
P_a8760358,train,n000115,data/processed/faces\S_ba079356.jpg,data/processed/faces\S_9ab647a6.jpg,False,False,train,False
P_ecde3eaf,train,n000115,data/processed/faces\S_ba079356.jpg,data/processed/faces\S_39608fb8.jpg,False,False,train,False
P_8b5863ff,train,n000115,data/processed/faces\S_ba079356.jpg,data/processed/faces\S_c0d0403f.jpg,False,False,train,False
P_90f973c2,train,n000115,data/processed/faces\S_ba079356.jpg,data/processed/faces\S_58fc011b.jpg,False,False,train,False
P_ef1f8bdb,train,n000115,data/processed/faces\S_ba079356.jpg,data/processed/faces\S_0b07f641.jpg,False,False,train,False
P_c4f4c49e,train,n000115,data/processed/faces\S_ba079356.jpg,data/processed/faces\S_6cdfd88c.jpg,False,False,train,False
P_78e2ab94,train,n000115,data/processed/faces\S_ba079356.jpg,data/processed/faces\S_d1927593.jpg,False,False,train,False
P_f053a8ca,train,n000115,data/processed/faces\S_ba079356.jpg,data/processed/faces\S_9930f5d0.jpg,False,False,train,False
P_9f891c72,train,n000115,data/processed/faces\S_ba079356.jpg,data/processed/faces\S_8d417382.jpg,False,False,train,False
P_735f0978,train,n000115,data/processed/faces\S_ba079356.jpg,data/processed/faces\S_ca6ac1a0.jpg,False,False,train,False
P_438c786b,train,n000115,data/processed/faces\S_ba079356.jpg,data/processed/faces\S_1f1f6647.jpg,False,False,train,False
P_4f95f283,train,n000115,data/processed/faces\S_ba079356.jpg,data/processed/faces\S_deaee3cf.jpg,False,False,train,False
P_a89fe945,train,n000115,data/processed/faces\S_ba079356.jpg,data/processed/faces\S_5ab4ed80.jpg,False,False,train,False
P_4a0f46f3,train,n000115,data/processed/faces\S_ba079356.jpg,data/processed/faces\S_d3a9d8ae.jpg,False,False,train,False
P_28cf5201,train,n000115,data/processed/faces\S_ba079356.jpg,data/processed/faces\S_50e327cf.jpg,False,False,train,False
P_0f44e5e3,train,n000115,data/processed/faces\S_ba079356.jpg,data/processed/faces\S_eb371c22.jpg,False,False,train,False
P_6af86a45,train,n000115,data/processed/faces\S_ba079356.jpg,data/processed/faces\S_f8ac9c99.jpg,False,False,train,False
P_ec63660e,train,n000115,data/processed/faces\S_ba079356.jpg,data/processed/faces\S_5160737f.jpg,False,False,train,False
P_9610b271,train,n000115,data/processed/faces\S_ba079356.jpg,data/processed/faces\S_6090abe0.jpg,False,False,train,False
P_11ff5fe7,train,n000115,data/processed/faces\S_ba079356.jpg,data/processed/faces\S_c9599fb0.jpg,False,False,train,False
P_3fbc6541,train,n000115,data/processed/faces\S_ba079356.jpg,data/processed/faces\S_2c22c48c.jpg,False,False,train,False
P_68a4ed00,train,n000115,data/processed/faces\S_ba079356.jpg,data/processed/faces\S_dd903e10.jpg,False,False,train,False
P_c55b5599,train,n000115,data/processed/faces\S_ba079356.jpg,data/processed/faces\S_a9b4acae.jpg,False,False,train,False
P_d5c20b2b,train,n000115,data/processed/faces\S_ba079356.jpg,data/processed/faces\S_0b355319.jpg,False,False,train,False
P_86c344f6,train,n000115,data/processed/faces\S_ba079356.jpg,data/processed/faces\S_fd57bd8a.jpg,False,False,train,False
P_7cff2cc8,train,n000115,data/processed/faces\S_ba079356.jpg,data/processed/faces\S_4d9158ea.jpg,False,False,train,False
P_3e78ade7,train,n000115,data/processed/faces\S_ba079356.jpg,data/generated/face_swaps\SW_61fae7ff.jpg,False,False,train,False
P_94923990,train,n000115,data/processed/faces\S_ba079356.jpg,data/generated/face_swaps\SW_1fdac72c.jpg,False,False,train,False
P_8f294e7b,train,n000115,data/processed/faces\S_ba079356.jpg,data/generated/face_swaps\SW_5e20059f.jpg,False,False,train,False
P_cdedc852,train,n000115,data/processed/faces\S_ba079356.jpg,data/generated/face_swaps\SW_2d706a5e.jpg,False,False,train,False
P_19730c80,train,n000115,data/processed/faces\S_ba079356.jpg,data/generated/face_swaps\SW_6afb2fe7.jpg,False,False,train,False
P_e0e4c135,train,n000115,data/processed/faces\S_ba079356.jpg,data/generated/face_swaps\SW_5ce0db3e.jpg,False,False,train,False
P_1b7fc57a,train,n000115,data/processed/faces\S_ba079356.jpg,data/generated/face_swaps\SW_7f98fe65.jpg,False,False,train,False
P_eca80545,train,n000115,data/processed/faces\S_ba079356.jpg,data/generated/face_swaps\SW_7de74ddc.jpg,False,False,train,False
P_eb4e26e0,train,n000115,data/processed/faces\S_ba079356.jpg,data/generated/face_swaps\SW_d0e5dc06.jpg,False,False,train,False
P_38c5c3c7,train,n000698,data/processed/faces\S_585d024c.jpg,data/processed/faces\S_f11d900e.jpg,False,False,train,False
P_849ece25,train,n000698,data/processed/faces\S_585d024c.jpg,data/processed/faces\S_200ac673.jpg,False,False,train,False
P_bfbcff2b,train,n000698,data/processed/faces\S_585d024c.jpg,data/processed/faces\S_d136d852.jpg,False,False,train,False
P_81bfc34a,train,n000698,data/processed/faces\S_585d024c.jpg,data/processed/faces\S_bd44c237.jpg,False,False,train,False
P_0148aa84,train,n000698,data/processed/faces\S_585d024c.jpg,data/processed/faces\S_c0ad76cd.jpg,False,False,train,False
P_3fee1b39,train,n000698,data/processed/faces\S_585d024c.jpg,data/processed/faces\S_d6719cc1.jpg,False,False,train,False
P_d61eb5cc,train,n000698,data/processed/faces\S_585d024c.jpg,data/processed/faces\S_5556a5e3.jpg,False,False,train,False
P_df6dd167,train,n000698,data/processed/faces\S_585d024c.jpg,data/processed/faces\S_1c1ae6d6.jpg,False,False,train,False
P_8c5017d3,train,n000698,data/processed/faces\S_585d024c.jpg,data/processed/faces\S_17aa7291.jpg,False,False,train,False
P_08c12c6f,train,n000698,data/processed/faces\S_585d024c.jpg,data/processed/faces\S_a944d6cb.jpg,False,False,train,False
P_083d16e1,train,n000698,data/processed/faces\S_585d024c.jpg,data/processed/faces\S_c62b1d5d.jpg,False,False,train,False
P_fa270a6f,train,n000698,data/processed/faces\S_585d024c.jpg,data/processed/faces\S_bb88f434.jpg,False,False,train,False
P_e37db4e7,train,n000698,data/processed/faces\S_585d024c.jpg,data/processed/faces\S_0f34201c.jpg,False,False,train,False
P_f9e9682f,train,n000698,data/processed/faces\S_585d024c.jpg,data/processed/faces\S_8c138616.jpg,False,False,train,False
P_3c8e767c,train,n000698,data/processed/faces\S_585d024c.jpg,data/processed/faces\S_18954d92.jpg,False,False,train,False
P_e532cb88,train,n000698,data/processed/faces\S_585d024c.jpg,data/processed/faces\S_13349a72.jpg,False,False,train,False
P_88e0fc0e,train,n000698,data/processed/faces\S_585d024c.jpg,data/processed/faces\S_cf5f9f09.jpg,False,False,train,False
P_5bde34fc,train,n000698,data/processed/faces\S_585d024c.jpg,data/processed/faces\S_59ed2d7f.jpg,False,False,train,False
P_10464117,train,n000698,data/processed/faces\S_585d024c.jpg,data/processed/faces\S_353b9e6d.jpg,False,False,train,False
P_3bb90daf,train,n000698,data/processed/faces\S_585d024c.jpg,data/processed/faces\S_5b680d14.jpg,False,False,train,False
P_acbd1c8b,train,n000698,data/processed/faces\S_585d024c.jpg,data/processed/faces\S_ce769d15.jpg,False,False,train,False
P_0661b9ca,train,n000698,data/processed/faces\S_585d024c.jpg,data/processed/faces\S_794d2a1a.jpg,False,False,train,False
P_70f51b84,train,n000698,data/processed/faces\S_585d024c.jpg,data/processed/faces\S_08d31f66.jpg,False,False,train,False
P_6664c5e2,train,n000698,data/processed/faces\S_585d024c.jpg,data/processed/faces\S_cc837c74.jpg,False,False,train,False
P_ac4f1e7b,train,n000698,data/processed/faces\S_585d024c.jpg,data/processed/faces\S_da7584be.jpg,False,False,train,False
P_c7118ba0,train,n000698,data/processed/faces\S_585d024c.jpg,data/processed/faces\S_915d66a1.jpg,False,False,train,False
P_27c070e6,train,n000698,data/processed/faces\S_585d024c.jpg,data/processed/faces\S_baafe2bb.jpg,False,False,train,False
P_528e3462,train,n000698,data/processed/faces\S_585d024c.jpg,data/processed/faces\S_4d3d4304.jpg,False,False,train,False
P_845811bc,train,n000698,data/processed/faces\S_585d024c.jpg,data/processed/faces\S_723c7056.jpg,False,False,train,False
P_f1320c3b,train,n000698,data/processed/faces\S_585d024c.jpg,data/processed/faces\S_aa5942a8.jpg,False,False,train,False
P_cd6c9cad,train,n000698,data/processed/faces\S_585d024c.jpg,data/processed/faces\S_3eea25b3.jpg,False,False,train,False
P_1e514b02,train,n000698,data/processed/faces\S_585d024c.jpg,data/processed/faces\S_8ddcc610.jpg,False,False,train,False
P_b7feaa9f,train,n000698,data/processed/faces\S_585d024c.jpg,data/processed/faces\S_ed4d3dc4.jpg,False,False,train,False
P_a7baba67,train,n000698,data/processed/faces\S_585d024c.jpg,data/processed/faces\S_2699f319.jpg,False,False,train,False
P_78814fb7,train,n000698,data/processed/faces\S_585d024c.jpg,data/processed/faces\S_32f1dc01.jpg,False,False,train,False
P_67a0a82c,train,n000698,data/processed/faces\S_585d024c.jpg,data/processed/faces\S_2ee58533.jpg,False,False,train,False
P_0ea9f686,train,n000698,data/processed/faces\S_585d024c.jpg,data/processed/faces\S_52d5a72e.jpg,False,False,train,False
P_9a3a0a58,train,n000698,data/processed/faces\S_585d024c.jpg,data/processed/faces\S_c09dfe35.jpg,False,False,train,False
P_f692e957,train,n000698,data/processed/faces\S_585d024c.jpg,data/processed/faces\S_1bc53ed0.jpg,False,False,train,False
P_34f0a1d3,train,n000698,data/processed/faces\S_585d024c.jpg,data/processed/faces\S_3f32737f.jpg,False,False,train,False
P_7a5af0b6,train,n000698,data/processed/faces\S_585d024c.jpg,data/processed/faces\S_c04db482.jpg,False,False,train,False
P_2664e528,train,n000698,data/processed/faces\S_585d024c.jpg,data/processed/faces\S_a24f7bce.jpg,False,False,train,False
P_92d17d5f,train,n000698,data/processed/faces\S_585d024c.jpg,data/processed/faces\S_a5e97867.jpg,False,False,train,False
P_93a6af39,train,n000698,data/processed/faces\S_585d024c.jpg,data/processed/faces\S_b88f6d9d.jpg,False,False,train,False
P_1ac839ca,train,n000698,data/processed/faces\S_585d024c.jpg,data/processed/faces\S_cb31e8fb.jpg,False,False,train,False
P_d8061d9e,train,n000698,data/processed/faces\S_585d024c.jpg,data/processed/faces\S_58fc011b.jpg,False,False,train,False
P_1880d507,train,n000698,data/processed/faces\S_585d024c.jpg,data/processed/faces\S_3eb37d3a.jpg,False,False,train,False
P_05b4a9a8,train,n000698,data/processed/faces\S_585d024c.jpg,data/processed/faces\S_005616c8.jpg,False,False,train,False
P_ce9d5cc1,train,n000698,data/processed/faces\S_585d024c.jpg,data/processed/faces\S_182d6651.jpg,False,False,train,False
P_20c48143,train,n000698,data/processed/faces\S_585d024c.jpg,data/processed/faces\S_9d4db5da.jpg,False,False,train,False
P_e21db768,train,n000698,data/processed/faces\S_585d024c.jpg,data/processed/faces\S_ccf00454.jpg,False,False,train,False
P_71dde899,train,n000698,data/processed/faces\S_585d024c.jpg,data/processed/faces\S_bcb1bcc4.jpg,False,False,train,False
P_3f76ed8d,train,n000698,data/processed/faces\S_585d024c.jpg,data/processed/faces\S_63fd6fbc.jpg,False,False,train,False
P_ccccc5b3,train,n000698,data/processed/faces\S_585d024c.jpg,data/processed/faces\S_79c7676e.jpg,False,False,train,False
P_12fe5bd2,train,n000698,data/processed/faces\S_585d024c.jpg,data/processed/faces\S_f49fb622.jpg,False,False,train,False
P_95657fd7,train,n000698,data/processed/faces\S_585d024c.jpg,data/processed/faces\S_e032580e.jpg,False,False,train,False
P_5bbabc1a,train,n000698,data/processed/faces\S_585d024c.jpg,data/processed/faces\S_9b42aafd.jpg,False,False,train,False
P_6912141a,train,n000698,data/processed/faces\S_585d024c.jpg,data/processed/faces\S_4eddba74.jpg,False,False,train,False
P_0bc3942b,train,n000698,data/processed/faces\S_585d024c.jpg,data/processed/faces\S_b8ebc091.jpg,False,False,train,False
P_d4400ce8,train,n000698,data/processed/faces\S_585d024c.jpg,data/processed/faces\S_b31eccc9.jpg,False,False,train,False
P_a02e6937,train,n000698,data/processed/faces\S_585d024c.jpg,data/processed/faces\S_ba157285.jpg,False,False,train,False
P_45a12548,train,n000698,data/processed/faces\S_585d024c.jpg,data/processed/faces\S_50d8ed0e.jpg,False,False,train,False
P_854b318e,train,n000698,data/processed/faces\S_585d024c.jpg,data/processed/faces\S_c522b9ae.jpg,False,False,train,False
P_d1e83467,train,n000698,data/processed/faces\S_585d024c.jpg,data/processed/faces\S_f04d2f2e.jpg,False,False,train,False
P_6980762a,train,n000698,data/processed/faces\S_585d024c.jpg,data/processed/faces\S_5ef84c21.jpg,False,False,train,False
P_2535ba47,train,n000698,data/processed/faces\S_585d024c.jpg,data/processed/faces\S_52124b78.jpg,False,False,train,False
P_979e9c40,train,n000698,data/processed/faces\S_585d024c.jpg,data/processed/faces\S_ddc043dc.jpg,False,False,train,False
P_5a0cb7d6,train,n000698,data/processed/faces\S_585d024c.jpg,data/processed/faces\S_13ffe80a.jpg,False,False,train,False
P_a8dafb43,train,n000698,data/processed/faces\S_585d024c.jpg,data/generated/face_swaps\SW_c78e2315.jpg,False,False,train,False
P_5f62a373,train,n000698,data/processed/faces\S_585d024c.jpg,data/generated/face_swaps\SW_d8fbcd5c.jpg,False,False,train,False
P_10d81ce6,train,n000698,data/processed/faces\S_585d024c.jpg,data/generated/face_swaps\SW_2373f2ec.jpg,False,False,train,False
P_0877e2e3,train,n000698,data/processed/faces\S_585d024c.jpg,data/generated/face_swaps\SW_7bc609b5.jpg,False,False,train,False
P_585e5339,train,n000698,data/processed/faces\S_585d024c.jpg,data/generated/face_swaps\SW_aa14d3b6.jpg,False,False,train,False
P_cbba8262,train,n000698,data/processed/faces\S_585d024c.jpg,data/generated/face_swaps\SW_01c05050.jpg,False,False,train,False
P_21d37ce7,train,n000698,data/processed/faces\S_585d024c.jpg,data/generated/face_swaps\SW_4cafd2c0.jpg,False,False,train,False
P_0f044ccf,train,n000698,data/processed/faces\S_585d024c.jpg,data/generated/face_swaps\SW_ded13cd4.jpg,False,False,train,False
P_8454ec7f,train,n000698,data/processed/faces\S_585d024c.jpg,data/generated/face_swaps\SW_ebb22ff8.jpg,False,False,train,False
P_8871bd59,train,n000742,data/processed/faces\S_d93263c2.jpg,data/processed/faces\S_ff93ec18.jpg,False,False,train,False
P_82b29b7b,train,n000742,data/processed/faces\S_d93263c2.jpg,data/processed/faces\S_697cce4a.jpg,False,False,train,False
P_2d0b095d,train,n000742,data/processed/faces\S_d93263c2.jpg,data/processed/faces\S_68e101fb.jpg,False,False,train,False
P_fe21d87a,train,n000742,data/processed/faces\S_d93263c2.jpg,data/processed/faces\S_8913881c.jpg,False,False,train,False
P_6a743f9b,train,n000742,data/processed/faces\S_d93263c2.jpg,data/processed/faces\S_1a6d9af5.jpg,False,False,train,False
P_15af1fd4,train,n000742,data/processed/faces\S_d93263c2.jpg,data/processed/faces\S_2c4826de.jpg,False,False,train,False
P_70644a2a,train,n000742,data/processed/faces\S_d93263c2.jpg,data/processed/faces\S_645c7559.jpg,False,False,train,False
P_1189f773,train,n000742,data/processed/faces\S_d93263c2.jpg,data/processed/faces\S_5265f95c.jpg,False,False,train,False
P_21692f37,train,n000742,data/processed/faces\S_d93263c2.jpg,data/processed/faces\S_420d5d07.jpg,False,False,train,False
P_13cda371,train,n000742,data/processed/faces\S_d93263c2.jpg,data/processed/faces\S_f8668317.jpg,False,False,train,False
P_f48f72a1,train,n000742,data/processed/faces\S_d93263c2.jpg,data/processed/faces\S_e9c5673d.jpg,False,False,train,False
P_5903a094,train,n000742,data/processed/faces\S_d93263c2.jpg,data/processed/faces\S_9683e765.jpg,False,False,train,False
P_779ba351,train,n000742,data/processed/faces\S_d93263c2.jpg,data/processed/faces\S_c0b8d943.jpg,False,False,train,False
P_3a670f5a,train,n000742,data/processed/faces\S_d93263c2.jpg,data/processed/faces\S_c81869c5.jpg,False,False,train,False
P_49d467d1,train,n000742,data/processed/faces\S_d93263c2.jpg,data/processed/faces\S_95ab6b4c.jpg,False,False,train,False
P_30e2ba1c,train,n000742,data/processed/faces\S_d93263c2.jpg,data/processed/faces\S_25385045.jpg,False,False,train,False
P_71664e49,train,n000742,data/processed/faces\S_d93263c2.jpg,data/processed/faces\S_43ea10cc.jpg,False,False,train,False
P_13bd588e,train,n000742,data/processed/faces\S_d93263c2.jpg,data/processed/faces\S_f35e9f90.jpg,False,False,train,False
P_8c05ddd9,train,n000742,data/processed/faces\S_d93263c2.jpg,data/processed/faces\S_2e32645c.jpg,False,False,train,False
P_f57484d6,train,n000742,data/processed/faces\S_d93263c2.jpg,data/processed/faces\S_548e3b06.jpg,False,False,train,False
P_7fa658c8,train,n000742,data/processed/faces\S_d93263c2.jpg,data/processed/faces\S_39bd2b6a.jpg,False,False,train,False
P_d1051e92,train,n000742,data/processed/faces\S_d93263c2.jpg,data/processed/faces\S_c04db482.jpg,False,False,train,False
P_32cd9261,train,n000742,data/processed/faces\S_d93263c2.jpg,data/processed/faces\S_cb90267e.jpg,False,False,train,False
P_2de71959,train,n000742,data/processed/faces\S_d93263c2.jpg,data/processed/faces\S_b43ae9eb.jpg,False,False,train,False
P_35e6d62d,train,n000742,data/processed/faces\S_d93263c2.jpg,data/processed/faces\S_b478fdc4.jpg,False,False,train,False
P_ad704fed,train,n000742,data/processed/faces\S_d93263c2.jpg,data/processed/faces\S_c2609000.jpg,False,False,train,False
P_b649a6db,train,n000742,data/processed/faces\S_d93263c2.jpg,data/processed/faces\S_c42ef6f5.jpg,False,False,train,False
P_a028d1ef,train,n000742,data/processed/faces\S_d93263c2.jpg,data/processed/faces\S_5834109d.jpg,False,False,train,False
P_5237f3fb,train,n000742,data/processed/faces\S_d93263c2.jpg,data/processed/faces\S_f23b82a6.jpg,False,False,train,False
P_ba2137ad,train,n000742,data/processed/faces\S_d93263c2.jpg,data/processed/faces\S_b5a17d87.jpg,False,False,train,False
P_9a3d96fb,train,n000742,data/processed/faces\S_d93263c2.jpg,data/processed/faces\S_29f60d42.jpg,False,False,train,False
P_7cf2a52a,train,n000742,data/processed/faces\S_d93263c2.jpg,data/processed/faces\S_b70b6430.jpg,False,False,train,False
P_3b223970,train,n000742,data/processed/faces\S_d93263c2.jpg,data/processed/faces\S_bf42c35c.jpg,False,False,train,False
P_3d0d41c8,train,n000742,data/processed/faces\S_d93263c2.jpg,data/processed/faces\S_8cbd5080.jpg,False,False,train,False
P_15bfdca0,train,n000742,data/processed/faces\S_d93263c2.jpg,data/processed/faces\S_1591a1e9.jpg,False,False,train,False
P_eda9d887,train,n000742,data/processed/faces\S_d93263c2.jpg,data/processed/faces\S_aa53ef6c.jpg,False,False,train,False
P_855540ab,train,n000742,data/processed/faces\S_d93263c2.jpg,data/processed/faces\S_7b69ef9d.jpg,False,False,train,False
P_2b8dc6bf,train,n000742,data/processed/faces\S_d93263c2.jpg,data/processed/faces\S_06ed29f8.jpg,False,False,train,False
P_8e18441a,train,n000742,data/processed/faces\S_d93263c2.jpg,data/processed/faces\S_2be1afec.jpg,False,False,train,False
P_266d39b8,train,n000742,data/processed/faces\S_d93263c2.jpg,data/processed/faces\S_e58e919f.jpg,False,False,train,False
P_05527383,train,n000742,data/processed/faces\S_d93263c2.jpg,data/processed/faces\S_18954d92.jpg,False,False,train,False
P_f0acb613,train,n000742,data/processed/faces\S_d93263c2.jpg,data/processed/faces\S_f5a1eded.jpg,False,False,train,False
P_05555dcc,train,n000742,data/processed/faces\S_d93263c2.jpg,data/processed/faces\S_84993006.jpg,False,False,train,False
P_8af9475f,train,n000742,data/processed/faces\S_d93263c2.jpg,data/processed/faces\S_09714983.jpg,False,False,train,False
P_f5cc3b9e,train,n000742,data/processed/faces\S_d93263c2.jpg,data/processed/faces\S_d11bab8d.jpg,False,False,train,False
P_c4f18ec2,train,n000742,data/processed/faces\S_d93263c2.jpg,data/processed/faces\S_a3769031.jpg,False,False,train,False
P_1a52dd18,train,n000742,data/processed/faces\S_d93263c2.jpg,data/processed/faces\S_19ccd5a0.jpg,False,False,train,False
P_27152ba6,train,n000742,data/processed/faces\S_d93263c2.jpg,data/processed/faces\S_a90d1ca9.jpg,False,False,train,False
P_bc96bf70,train,n000742,data/processed/faces\S_d93263c2.jpg,data/processed/faces\S_ec849782.jpg,False,False,train,False
P_68347425,train,n000742,data/processed/faces\S_d93263c2.jpg,data/processed/faces\S_b931438a.jpg,False,False,train,False
P_b373cbd9,train,n000742,data/processed/faces\S_d93263c2.jpg,data/processed/faces\S_606b7a44.jpg,False,False,train,False
P_02c52282,train,n000742,data/processed/faces\S_d93263c2.jpg,data/processed/faces\S_b9d387ca.jpg,False,False,train,False
P_69b9256e,train,n000742,data/processed/faces\S_d93263c2.jpg,data/processed/faces\S_ac6ff8b6.jpg,False,False,train,False
P_7ae735c3,train,n000742,data/processed/faces\S_d93263c2.jpg,data/processed/faces\S_175890cb.jpg,False,False,train,False
P_36c7d054,train,n000742,data/processed/faces\S_d93263c2.jpg,data/processed/faces\S_cafbdbd2.jpg,False,False,train,False
P_b745d632,train,n000742,data/processed/faces\S_d93263c2.jpg,data/processed/faces\S_40b6c0c7.jpg,False,False,train,False
P_97fbbd9e,train,n000742,data/processed/faces\S_d93263c2.jpg,data/processed/faces\S_715e9871.jpg,False,False,train,False
P_9f796ea4,train,n000742,data/processed/faces\S_d93263c2.jpg,data/processed/faces\S_4eddba74.jpg,False,False,train,False
P_e5df1c7e,train,n000742,data/processed/faces\S_d93263c2.jpg,data/processed/faces\S_8a88a11b.jpg,False,False,train,False
P_70300925,train,n000742,data/processed/faces\S_d93263c2.jpg,data/processed/faces\S_b31eccc9.jpg,False,False,train,False
P_50f4ff32,train,n000742,data/processed/faces\S_d93263c2.jpg,data/processed/faces\S_d2eddef1.jpg,False,False,train,False
P_8d36e4a8,train,n000742,data/processed/faces\S_d93263c2.jpg,data/processed/faces\S_89302fbe.jpg,False,False,train,False
P_f016d06f,train,n000742,data/processed/faces\S_d93263c2.jpg,data/processed/faces\S_8d671e40.jpg,False,False,train,False
P_80ad6868,train,n000742,data/processed/faces\S_d93263c2.jpg,data/processed/faces\S_1e8e06c1.jpg,False,False,train,False
P_d5e99b6e,train,n000742,data/processed/faces\S_d93263c2.jpg,data/processed/faces\S_ea3f9289.jpg,False,False,train,False
P_dcbb40ff,train,n000742,data/processed/faces\S_d93263c2.jpg,data/processed/faces\S_4211262f.jpg,False,False,train,False
P_67ddb989,train,n000742,data/processed/faces\S_d93263c2.jpg,data/processed/faces\S_5ce3e9cd.jpg,False,False,train,False
P_77181a6b,train,n000742,data/processed/faces\S_d93263c2.jpg,data/processed/faces\S_f8dc3ac1.jpg,False,False,train,False
P_12164d65,train,n000742,data/processed/faces\S_d93263c2.jpg,data/generated/face_swaps\SW_92fd6125.jpg,False,False,train,False
P_c047b79d,train,n000742,data/processed/faces\S_d93263c2.jpg,data/generated/face_swaps\SW_d76f2139.jpg,False,False,train,False
P_f562051e,train,n000742,data/processed/faces\S_d93263c2.jpg,data/generated/face_swaps\SW_3ea18606.jpg,False,False,train,False
P_736550d9,train,n000742,data/processed/faces\S_d93263c2.jpg,data/generated/face_swaps\SW_f069df26.jpg,False,False,train,False
P_ae6d970e,train,n000742,data/processed/faces\S_d93263c2.jpg,data/generated/face_swaps\SW_23eae4ad.jpg,False,False,train,False
P_6c437b6b,train,n000742,data/processed/faces\S_d93263c2.jpg,data/generated/face_swaps\SW_adf21b50.jpg,False,False,train,False
P_9e362a69,train,n000742,data/processed/faces\S_d93263c2.jpg,data/generated/face_swaps\SW_82e4faeb.jpg,False,False,train,False
P_7ea8beb9,train,n000742,data/processed/faces\S_d93263c2.jpg,data/generated/face_swaps\SW_4686fd0d.jpg,False,False,train,False
P_50a55881,train,n000742,data/processed/faces\S_d93263c2.jpg,data/generated/face_swaps\SW_c4a1aee2.jpg,False,False,train,False
P_aa8b8e04,train,n000742,data/processed/faces\S_d93263c2.jpg,data/generated/face_swaps\SW_6d1f7912.jpg,False,False,train,False
P_85586c38,train,n001172,data/processed/faces\S_35ad3d2c.jpg,data/processed/faces\S_22c86c93.jpg,False,False,train,False
P_1e518fd1,train,n001172,data/processed/faces\S_35ad3d2c.jpg,data/processed/faces\S_159ae378.jpg,False,False,train,False
P_44a24603,train,n001172,data/processed/faces\S_35ad3d2c.jpg,data/processed/faces\S_6f0b741b.jpg,False,False,train,False
P_e6a4afaf,train,n001172,data/processed/faces\S_35ad3d2c.jpg,data/processed/faces\S_adb5f762.jpg,False,False,train,False
P_87f68fd0,train,n001172,data/processed/faces\S_35ad3d2c.jpg,data/processed/faces\S_9ef4be78.jpg,False,False,train,False
P_aaa3d238,train,n001172,data/processed/faces\S_35ad3d2c.jpg,data/processed/faces\S_08cb9aab.jpg,False,False,train,False
P_c250b7d3,train,n001172,data/processed/faces\S_35ad3d2c.jpg,data/processed/faces\S_f5a1eded.jpg,False,False,train,False
P_00fa31b6,train,n001172,data/processed/faces\S_35ad3d2c.jpg,data/processed/faces\S_10eb8169.jpg,False,False,train,False
P_d1de0226,train,n001172,data/processed/faces\S_35ad3d2c.jpg,data/processed/faces\S_4e5b75b6.jpg,False,False,train,False
P_f183050b,train,n001172,data/processed/faces\S_35ad3d2c.jpg,data/processed/faces\S_098bfa69.jpg,False,False,train,False
P_593ba9ed,train,n001172,data/processed/faces\S_35ad3d2c.jpg,data/processed/faces\S_e72705d6.jpg,False,False,train,False
P_b92004d8,train,n001172,data/processed/faces\S_35ad3d2c.jpg,data/processed/faces\S_9ad66f67.jpg,False,False,train,False
P_f2632334,train,n001172,data/processed/faces\S_35ad3d2c.jpg,data/processed/faces\S_988e9059.jpg,False,False,train,False
P_775da565,train,n001172,data/processed/faces\S_35ad3d2c.jpg,data/processed/faces\S_a14819ec.jpg,False,False,train,False
P_a593aeee,train,n001172,data/processed/faces\S_35ad3d2c.jpg,data/processed/faces\S_b186647f.jpg,False,False,train,False
P_634dba38,train,n001172,data/processed/faces\S_35ad3d2c.jpg,data/processed/faces\S_409af859.jpg,False,False,train,False
P_05a4736c,train,n001172,data/processed/faces\S_35ad3d2c.jpg,data/processed/faces\S_263173bd.jpg,False,False,train,False
P_060ad340,train,n001172,data/processed/faces\S_35ad3d2c.jpg,data/processed/faces\S_a24f7bce.jpg,False,False,train,False
P_0b2617cc,train,n001172,data/processed/faces\S_35ad3d2c.jpg,data/processed/faces\S_e6c5719c.jpg,False,False,train,False
P_3e259c51,train,n001172,data/processed/faces\S_35ad3d2c.jpg,data/processed/faces\S_a78ca4b2.jpg,False,False,train,False
P_f26bbfe9,train,n001172,data/processed/faces\S_35ad3d2c.jpg,data/processed/faces\S_f2e13fd2.jpg,False,False,train,False
P_bf5bff48,train,n001172,data/processed/faces\S_35ad3d2c.jpg,data/processed/faces\S_f99fe49d.jpg,False,False,train,False
P_63f51038,train,n001172,data/processed/faces\S_35ad3d2c.jpg,data/processed/faces\S_6a3b0b2b.jpg,False,False,train,False
P_188c932d,train,n001172,data/processed/faces\S_35ad3d2c.jpg,data/processed/faces\S_bfe12ce9.jpg,False,False,train,False
P_a3235ee2,train,n001172,data/processed/faces\S_35ad3d2c.jpg,data/processed/faces\S_9356d5d1.jpg,False,False,train,False
P_4165265e,train,n001172,data/processed/faces\S_35ad3d2c.jpg,data/processed/faces\S_deb79638.jpg,False,False,train,False
P_b08427fc,train,n001172,data/processed/faces\S_35ad3d2c.jpg,data/processed/faces\S_ac676436.jpg,False,False,train,False
P_ce28a7a0,train,n001172,data/processed/faces\S_35ad3d2c.jpg,data/processed/faces\S_e4ae902d.jpg,False,False,train,False
P_9556533a,train,n001172,data/processed/faces\S_35ad3d2c.jpg,data/processed/faces\S_e19334f2.jpg,False,False,train,False
P_46423d1b,train,n001172,data/processed/faces\S_35ad3d2c.jpg,data/processed/faces\S_bf7d0e94.jpg,False,False,train,False
P_0fce7c86,train,n001172,data/processed/faces\S_35ad3d2c.jpg,data/processed/faces\S_eb55d04d.jpg,False,False,train,False
P_8c99bcb3,train,n001172,data/processed/faces\S_35ad3d2c.jpg,data/processed/faces\S_ede4bd55.jpg,False,False,train,False
P_174b0cbd,train,n001172,data/processed/faces\S_35ad3d2c.jpg,data/processed/faces\S_43d9df86.jpg,False,False,train,False
P_a181404c,train,n001172,data/processed/faces\S_35ad3d2c.jpg,data/processed/faces\S_5e0ca483.jpg,False,False,train,False
P_8e9c6b15,train,n001172,data/processed/faces\S_35ad3d2c.jpg,data/processed/faces\S_6d404627.jpg,False,False,train,False
P_c967eb9b,train,n001172,data/processed/faces\S_35ad3d2c.jpg,data/processed/faces\S_be233737.jpg,False,False,train,False
P_f7efed57,train,n001172,data/processed/faces\S_35ad3d2c.jpg,data/processed/faces\S_334df9e7.jpg,False,False,train,False
P_0f4f05e2,train,n001172,data/processed/faces\S_35ad3d2c.jpg,data/processed/faces\S_b5da01ac.jpg,False,False,train,False
P_c68d7d1a,train,n001172,data/processed/faces\S_35ad3d2c.jpg,data/processed/faces\S_de32257c.jpg,False,False,train,False
P_57f1c896,train,n001172,data/processed/faces\S_35ad3d2c.jpg,data/processed/faces\S_8c138616.jpg,False,False,train,False
P_8cf9d734,train,n001172,data/processed/faces\S_35ad3d2c.jpg,data/processed/faces\S_7b69ef9d.jpg,False,False,train,False
P_efa1305d,train,n001172,data/processed/faces\S_35ad3d2c.jpg,data/processed/faces\S_98a31f16.jpg,False,False,train,False
P_9be41f3c,train,n001172,data/processed/faces\S_35ad3d2c.jpg,data/processed/faces\S_b88f6d9d.jpg,False,False,train,False
P_72559f08,train,n001172,data/processed/faces\S_35ad3d2c.jpg,data/processed/faces\S_0d834ea8.jpg,False,False,train,False
P_50cdbbc1,train,n001172,data/processed/faces\S_35ad3d2c.jpg,data/processed/faces\S_7348520f.jpg,False,False,train,False
P_de24b19c,train,n001172,data/processed/faces\S_35ad3d2c.jpg,data/processed/faces\S_06a421a4.jpg,False,False,train,False
P_b355bc91,train,n001172,data/processed/faces\S_35ad3d2c.jpg,data/processed/faces\S_3aff0296.jpg,False,False,train,False
P_31c51063,train,n001172,data/processed/faces\S_35ad3d2c.jpg,data/processed/faces\S_76a2d938.jpg,False,False,train,False
P_80d65b18,train,n001172,data/processed/faces\S_35ad3d2c.jpg,data/processed/faces\S_525751b9.jpg,False,False,train,False
P_19a92bad,train,n001172,data/processed/faces\S_35ad3d2c.jpg,data/processed/faces\S_f0ba58c7.jpg,False,False,train,False
P_4da997ef,train,n001172,data/processed/faces\S_35ad3d2c.jpg,data/processed/faces\S_01d0f3ac.jpg,False,False,train,False
P_d65e36c3,train,n001172,data/processed/faces\S_35ad3d2c.jpg,data/processed/faces\S_0abf85a1.jpg,False,False,train,False
P_5a2cf81f,train,n001172,data/processed/faces\S_35ad3d2c.jpg,data/processed/faces\S_43a97176.jpg,False,False,train,False
P_be1de3cd,train,n001172,data/processed/faces\S_35ad3d2c.jpg,data/processed/faces\S_d17140ee.jpg,False,False,train,False
P_9a0ab504,train,n001172,data/processed/faces\S_35ad3d2c.jpg,data/processed/faces\S_cd080de1.jpg,False,False,train,False
P_aa65fbd4,train,n001172,data/processed/faces\S_35ad3d2c.jpg,data/processed/faces\S_931a63ea.jpg,False,False,train,False
P_e4900f30,train,n001172,data/processed/faces\S_35ad3d2c.jpg,data/processed/faces\S_4f51a125.jpg,False,False,train,False
P_bd6bf3ae,train,n001172,data/processed/faces\S_35ad3d2c.jpg,data/processed/faces\S_68314d5e.jpg,False,False,train,False
P_28f531b9,train,n001172,data/processed/faces\S_35ad3d2c.jpg,data/processed/faces\S_29db818f.jpg,False,False,train,False
P_5f403e57,train,n001172,data/processed/faces\S_35ad3d2c.jpg,data/processed/faces\S_d8f1220c.jpg,False,False,train,False
P_500c41dd,train,n001172,data/processed/faces\S_35ad3d2c.jpg,data/processed/faces\S_ea7cda34.jpg,False,False,train,False
P_59d4a675,train,n001172,data/processed/faces\S_35ad3d2c.jpg,data/processed/faces\S_b80a6781.jpg,False,False,train,False
P_8ac901c4,train,n001172,data/processed/faces\S_35ad3d2c.jpg,data/processed/faces\S_01f4bccf.jpg,False,False,train,False
P_bdef0906,train,n001172,data/processed/faces\S_35ad3d2c.jpg,data/processed/faces\S_54e97d9f.jpg,False,False,train,False
P_6c294db1,train,n001172,data/processed/faces\S_35ad3d2c.jpg,data/processed/faces\S_283e00db.jpg,False,False,train,False
P_156325bd,train,n001172,data/processed/faces\S_35ad3d2c.jpg,data/processed/faces\S_7e80fb74.jpg,False,False,train,False
P_76a2ce6d,train,n001172,data/processed/faces\S_35ad3d2c.jpg,data/processed/faces\S_4d9158ea.jpg,False,False,train,False
P_851b03a9,train,n001172,data/processed/faces\S_35ad3d2c.jpg,data/generated/face_swaps\SW_9581f592.jpg,False,False,train,False
P_d5e35a6e,train,n001172,data/processed/faces\S_35ad3d2c.jpg,data/generated/face_swaps\SW_3e2a1a8e.jpg,False,False,train,False
P_3f632555,train,n001172,data/processed/faces\S_35ad3d2c.jpg,data/generated/face_swaps\SW_e779dd86.jpg,False,False,train,False
P_0ab98899,train,n001172,data/processed/faces\S_35ad3d2c.jpg,data/generated/face_swaps\SW_9b4c509f.jpg,False,False,train,False
P_9cd48c06,train,n001172,data/processed/faces\S_35ad3d2c.jpg,data/generated/face_swaps\SW_2ef94c02.jpg,False,False,train,False
P_26c45017,train,n001172,data/processed/faces\S_35ad3d2c.jpg,data/generated/face_swaps\SW_1a7caa14.jpg,False,False,train,False
P_46428648,train,n001172,data/processed/faces\S_35ad3d2c.jpg,data/generated/face_swaps\SW_91d29666.jpg,False,False,train,False
P_9e6699f8,train,n001172,data/processed/faces\S_35ad3d2c.jpg,data/generated/face_swaps\SW_4c73f355.jpg,False,False,train,False
P_2179c30f,train,n001172,data/processed/faces\S_35ad3d2c.jpg,data/generated/face_swaps\SW_6e17c2c9.jpg,False,False,train,False
P_0b701764,train,n001172,data/processed/faces\S_35ad3d2c.jpg,data/generated/face_swaps\SW_3196c273.jpg,False,False,train,False
P_514d712d,train,n001367,data/processed/faces\S_4c294dca.jpg,data/processed/faces\S_366c3fba.jpg,False,False,train,False
P_dab2f82e,train,n001367,data/processed/faces\S_4c294dca.jpg,data/processed/faces\S_756f2d29.jpg,False,False,train,False
P_55a9f531,train,n001367,data/processed/faces\S_4c294dca.jpg,data/processed/faces\S_f31b643b.jpg,False,False,train,False
P_b929c26c,train,n001367,data/processed/faces\S_4c294dca.jpg,data/processed/faces\S_d8eae5f9.jpg,False,False,train,False
P_8aeb03e8,train,n001367,data/processed/faces\S_4c294dca.jpg,data/processed/faces\S_d0ef04cb.jpg,False,False,train,False
P_686bb162,train,n001367,data/processed/faces\S_4c294dca.jpg,data/processed/faces\S_53f1fccf.jpg,False,False,train,False
P_35f1906a,train,n001367,data/processed/faces\S_4c294dca.jpg,data/processed/faces\S_c59ea3d7.jpg,False,False,train,False
P_06aa5a93,train,n001367,data/processed/faces\S_4c294dca.jpg,data/processed/faces\S_00002f06.jpg,False,False,train,False
P_885693db,train,n001367,data/processed/faces\S_4c294dca.jpg,data/processed/faces\S_689395cd.jpg,False,False,train,False
P_4b7695e4,train,n001367,data/processed/faces\S_4c294dca.jpg,data/processed/faces\S_a5e97867.jpg,False,False,train,False
P_0fc32508,train,n001367,data/processed/faces\S_4c294dca.jpg,data/processed/faces\S_ce11c5f0.jpg,False,False,train,False
P_269ef6ce,train,n001367,data/processed/faces\S_4c294dca.jpg,data/processed/faces\S_a52c111e.jpg,False,False,train,False
P_45c86742,train,n001367,data/processed/faces\S_4c294dca.jpg,data/processed/faces\S_ae20f5e9.jpg,False,False,train,False
P_254a2380,train,n001367,data/processed/faces\S_4c294dca.jpg,data/processed/faces\S_f9ffd9c0.jpg,False,False,train,False
P_3a555d5e,train,n001367,data/processed/faces\S_4c294dca.jpg,data/processed/faces\S_3b832e34.jpg,False,False,train,False
P_30a52f2d,train,n001367,data/processed/faces\S_4c294dca.jpg,data/processed/faces\S_9ab647a6.jpg,False,False,train,False
P_7b380947,train,n001367,data/processed/faces\S_4c294dca.jpg,data/processed/faces\S_82067637.jpg,False,False,train,False
P_3b445df7,train,n001367,data/processed/faces\S_4c294dca.jpg,data/processed/faces\S_50cf8b49.jpg,False,False,train,False
P_7ab9502d,train,n001367,data/processed/faces\S_4c294dca.jpg,data/processed/faces\S_b48eaa7c.jpg,False,False,train,False
P_fcb5d5e0,train,n001367,data/processed/faces\S_4c294dca.jpg,data/processed/faces\S_583232ef.jpg,False,False,train,False
P_cf85ebda,train,n001367,data/processed/faces\S_4c294dca.jpg,data/processed/faces\S_98a31f16.jpg,False,False,train,False
P_b031a3d9,train,n001367,data/processed/faces\S_4c294dca.jpg,data/processed/faces\S_6bbeea76.jpg,False,False,train,False
P_6ec6f7f4,train,n001367,data/processed/faces\S_4c294dca.jpg,data/processed/faces\S_541d997d.jpg,False,False,train,False
P_0558a20d,train,n001367,data/processed/faces\S_4c294dca.jpg,data/processed/faces\S_ede64a7a.jpg,False,False,train,False
P_434ea19c,train,n001367,data/processed/faces\S_4c294dca.jpg,data/processed/faces\S_84993006.jpg,False,False,train,False
P_a6ecc74f,train,n001367,data/processed/faces\S_4c294dca.jpg,data/processed/faces\S_e683712b.jpg,False,False,train,False
P_64cf66a0,train,n001367,data/processed/faces\S_4c294dca.jpg,data/processed/faces\S_314bfec3.jpg,False,False,train,False
P_17e69a72,train,n001367,data/processed/faces\S_4c294dca.jpg,data/processed/faces\S_fa93dd5e.jpg,False,False,train,False
P_5d2b6696,train,n001367,data/processed/faces\S_4c294dca.jpg,data/processed/faces\S_b9ad4113.jpg,False,False,train,False
P_71909b23,train,n001367,data/processed/faces\S_4c294dca.jpg,data/processed/faces\S_9b94ff02.jpg,False,False,train,False
P_d395c3a0,train,n001367,data/processed/faces\S_4c294dca.jpg,data/processed/faces\S_341aa204.jpg,False,False,train,False
P_ae0f1131,train,n001367,data/processed/faces\S_4c294dca.jpg,data/processed/faces\S_3688bd99.jpg,False,False,train,False
P_ff530559,train,n001367,data/processed/faces\S_4c294dca.jpg,data/processed/faces\S_73037de9.jpg,False,False,train,False
P_fba97e06,train,n001367,data/processed/faces\S_4c294dca.jpg,data/processed/faces\S_2d94c9a2.jpg,False,False,train,False
P_f2e40f57,train,n001367,data/processed/faces\S_4c294dca.jpg,data/processed/faces\S_4ac4ee51.jpg,False,False,train,False
P_b7433e84,train,n001367,data/processed/faces\S_4c294dca.jpg,data/processed/faces\S_20ec41b6.jpg,False,False,train,False
P_73324850,train,n001367,data/processed/faces\S_4c294dca.jpg,data/processed/faces\S_ce0956db.jpg,False,False,train,False
P_d0e8ad95,train,n001367,data/processed/faces\S_4c294dca.jpg,data/processed/faces\S_a47490b0.jpg,False,False,train,False
P_dd742d07,train,n001367,data/processed/faces\S_4c294dca.jpg,data/processed/faces\S_a94e656d.jpg,False,False,train,False
P_239c1a39,train,n001367,data/processed/faces\S_4c294dca.jpg,data/processed/faces\S_3f32737f.jpg,False,False,train,False
P_10ac83a1,train,n001367,data/processed/faces\S_4c294dca.jpg,data/processed/faces\S_1bc53ed0.jpg,False,False,train,False
P_5cfdad6d,train,n001367,data/processed/faces\S_4c294dca.jpg,data/processed/faces\S_1a6d9af5.jpg,False,False,train,False
P_d441fdb7,train,n001367,data/processed/faces\S_4c294dca.jpg,data/processed/faces\S_9356d5d1.jpg,False,False,train,False
P_1628cfe1,train,n001367,data/processed/faces\S_4c294dca.jpg,data/processed/faces\S_1a45954b.jpg,False,False,train,False
P_4071b87a,train,n001367,data/processed/faces\S_4c294dca.jpg,data/processed/faces\S_a6d2b9fd.jpg,False,False,train,False
P_49662850,train,n001367,data/processed/faces\S_4c294dca.jpg,data/processed/faces\S_bbb46215.jpg,False,False,train,False
P_c817b66d,train,n001367,data/processed/faces\S_4c294dca.jpg,data/processed/faces\S_51b967d5.jpg,False,False,train,False
P_6fdd1e13,train,n001367,data/processed/faces\S_4c294dca.jpg,data/processed/faces\S_5d19351b.jpg,False,False,train,False
P_9cbaaf60,train,n001367,data/processed/faces\S_4c294dca.jpg,data/processed/faces\S_8bb8a81a.jpg,False,False,train,False
P_d8cacedf,train,n001367,data/processed/faces\S_4c294dca.jpg,data/processed/faces\S_a57541bf.jpg,False,False,train,False
P_ede1db7c,train,n001367,data/processed/faces\S_4c294dca.jpg,data/processed/faces\S_64accbf1.jpg,False,False,train,False
P_1c332466,train,n001367,data/processed/faces\S_4c294dca.jpg,data/processed/faces\S_0ec6aaf6.jpg,False,False,train,False
P_dde55e3c,train,n001367,data/processed/faces\S_4c294dca.jpg,data/processed/faces\S_5c2d9926.jpg,False,False,train,False
P_191c4903,train,n001367,data/processed/faces\S_4c294dca.jpg,data/processed/faces\S_27f90786.jpg,False,False,train,False
P_458f4b3e,train,n001367,data/processed/faces\S_4c294dca.jpg,data/processed/faces\S_2207ab8e.jpg,False,False,train,False
P_4e4c9e82,train,n001367,data/processed/faces\S_4c294dca.jpg,data/processed/faces\S_65470745.jpg,False,False,train,False
P_867825e2,train,n001367,data/processed/faces\S_4c294dca.jpg,data/processed/faces\S_4521639a.jpg,False,False,train,False
P_ec4a3073,train,n001367,data/processed/faces\S_4c294dca.jpg,data/processed/faces\S_fe4a18ba.jpg,False,False,train,False
P_278ffdb8,train,n001367,data/processed/faces\S_4c294dca.jpg,data/processed/faces\S_3281b57d.jpg,False,False,train,False
P_93be9621,train,n001367,data/processed/faces\S_4c294dca.jpg,data/processed/faces\S_4546f4d6.jpg,False,False,train,False
P_f1dbb9e7,train,n001367,data/processed/faces\S_4c294dca.jpg,data/processed/faces\S_1e79ad08.jpg,False,False,train,False
P_61201411,train,n001367,data/processed/faces\S_4c294dca.jpg,data/processed/faces\S_ea7cda34.jpg,False,False,train,False
P_5d49691d,train,n001367,data/processed/faces\S_4c294dca.jpg,data/processed/faces\S_f03fe1dd.jpg,False,False,train,False
P_9c2699b0,train,n001367,data/processed/faces\S_4c294dca.jpg,data/processed/faces\S_36fc7e43.jpg,False,False,train,False
P_9f75c85d,train,n001367,data/processed/faces\S_4c294dca.jpg,data/processed/faces\S_90451390.jpg,False,False,train,False
P_cc0ce4eb,train,n001367,data/processed/faces\S_4c294dca.jpg,data/processed/faces\S_9b9689a1.jpg,False,False,train,False
P_8d046a8e,train,n001367,data/processed/faces\S_4c294dca.jpg,data/processed/faces\S_35fc1235.jpg,False,False,train,False
P_cb66617f,train,n001367,data/processed/faces\S_4c294dca.jpg,data/processed/faces\S_64e401fe.jpg,False,False,train,False
P_a979bd6f,train,n001367,data/processed/faces\S_4c294dca.jpg,data/generated/face_swaps\SW_729cd8eb.jpg,False,False,train,False
P_77490d9c,train,n001367,data/processed/faces\S_4c294dca.jpg,data/generated/face_swaps\SW_fad5de94.jpg,False,False,train,False
P_ed1dbb17,train,n001367,data/processed/faces\S_4c294dca.jpg,data/generated/face_swaps\SW_3d3bbfcf.jpg,False,False,train,False
P_54986c7a,train,n001367,data/processed/faces\S_4c294dca.jpg,data/generated/face_swaps\SW_3ce9e7be.jpg,False,False,train,False
P_9b83e026,train,n001367,data/processed/faces\S_4c294dca.jpg,data/generated/face_swaps\SW_fb19d348.jpg,False,False,train,False
P_33baf393,train,n001367,data/processed/faces\S_4c294dca.jpg,data/generated/face_swaps\SW_b583f7bf.jpg,False,False,train,False
P_5e8163b5,train,n001367,data/processed/faces\S_4c294dca.jpg,data/generated/face_swaps\SW_a87ec0ff.jpg,False,False,train,False
P_15eb7e02,train,n001367,data/processed/faces\S_4c294dca.jpg,data/generated/face_swaps\SW_444ebbf2.jpg,False,False,train,False
P_87919d50,train,n001367,data/processed/faces\S_4c294dca.jpg,data/generated/face_swaps\SW_7023e20c.jpg,False,False,train,False
P_c84b63f9,train,n001367,data/processed/faces\S_4c294dca.jpg,data/generated/face_swaps\SW_22e54808.jpg,False,False,train,False
P_d770bbee,train,n001415,data/processed/faces\S_97b37f50.jpg,data/processed/faces\S_d6a988b8.jpg,False,False,train,False
P_ad548d77,train,n001415,data/processed/faces\S_97b37f50.jpg,data/processed/faces\S_ef159389.jpg,False,False,train,False
P_eb48d97a,train,n001415,data/processed/faces\S_97b37f50.jpg,data/processed/faces\S_cdbe5bfe.jpg,False,False,train,False
P_ea085890,train,n001415,data/processed/faces\S_97b37f50.jpg,data/processed/faces\S_6c4a1be6.jpg,False,False,train,False
P_e6300e50,train,n001415,data/processed/faces\S_97b37f50.jpg,data/processed/faces\S_25f24844.jpg,False,False,train,False
P_16212b12,train,n001415,data/processed/faces\S_97b37f50.jpg,data/processed/faces\S_d1d1a2da.jpg,False,False,train,False
P_d6295654,train,n001415,data/processed/faces\S_97b37f50.jpg,data/processed/faces\S_e34b4079.jpg,False,False,train,False
P_08b689cd,train,n001415,data/processed/faces\S_97b37f50.jpg,data/processed/faces\S_85f026e1.jpg,False,False,train,False
P_e9256d1f,train,n001415,data/processed/faces\S_97b37f50.jpg,data/processed/faces\S_619145d4.jpg,False,False,train,False
P_468790f7,train,n001415,data/processed/faces\S_97b37f50.jpg,data/processed/faces\S_4d91fbc7.jpg,False,False,train,False
P_db0295c2,train,n001415,data/processed/faces\S_97b37f50.jpg,data/processed/faces\S_0191149a.jpg,False,False,train,False
P_c3bf59de,train,n001415,data/processed/faces\S_97b37f50.jpg,data/processed/faces\S_e8f28416.jpg,False,False,train,False
P_c1696462,train,n001415,data/processed/faces\S_97b37f50.jpg,data/processed/faces\S_75822fbe.jpg,False,False,train,False
P_a7c26ac7,train,n001415,data/processed/faces\S_97b37f50.jpg,data/processed/faces\S_b88f6d9d.jpg,False,False,train,False
P_73fbe10a,train,n001415,data/processed/faces\S_97b37f50.jpg,data/processed/faces\S_39608fb8.jpg,False,False,train,False
P_a7a1b800,train,n001415,data/processed/faces\S_97b37f50.jpg,data/processed/faces\S_81f855ca.jpg,False,False,train,False
P_a6f31cee,train,n001415,data/processed/faces\S_97b37f50.jpg,data/processed/faces\S_99a513de.jpg,False,False,train,False
P_35f2f9b9,train,n001415,data/processed/faces\S_97b37f50.jpg,data/processed/faces\S_09714983.jpg,False,False,train,False
P_af9d0136,train,n001415,data/processed/faces\S_97b37f50.jpg,data/processed/faces\S_6e034223.jpg,False,False,train,False
P_54667af7,train,n001415,data/processed/faces\S_97b37f50.jpg,data/processed/faces\S_9beeda32.jpg,False,False,train,False
P_de0946be,train,n001415,data/processed/faces\S_97b37f50.jpg,data/processed/faces\S_50bf445b.jpg,False,False,train,False
P_c2550437,train,n001415,data/processed/faces\S_97b37f50.jpg,data/processed/faces\S_280a4235.jpg,False,False,train,False
P_dea47a0c,train,n001415,data/processed/faces\S_97b37f50.jpg,data/processed/faces\S_2faf0437.jpg,False,False,train,False
P_ef9841c3,train,n001415,data/processed/faces\S_97b37f50.jpg,data/processed/faces\S_e3b0add7.jpg,False,False,train,False
P_6614ea4a,train,n001415,data/processed/faces\S_97b37f50.jpg,data/processed/faces\S_1a45954b.jpg,False,False,train,False
P_9c5c02ec,train,n001415,data/processed/faces\S_97b37f50.jpg,data/processed/faces\S_a925e05f.jpg,False,False,train,False
P_c54a58d7,train,n001415,data/processed/faces\S_97b37f50.jpg,data/processed/faces\S_de747010.jpg,False,False,train,False
P_7cdd849d,train,n001415,data/processed/faces\S_97b37f50.jpg,data/processed/faces\S_e2fb1ee1.jpg,False,False,train,False
P_c9c12410,train,n001415,data/processed/faces\S_97b37f50.jpg,data/processed/faces\S_f5381b7e.jpg,False,False,train,False
P_c70fec80,train,n001415,data/processed/faces\S_97b37f50.jpg,data/processed/faces\S_5fd270d5.jpg,False,False,train,False
P_949a6099,train,n001415,data/processed/faces\S_97b37f50.jpg,data/processed/faces\S_ddf1e2fa.jpg,False,False,train,False
P_2f44d6bd,train,n001415,data/processed/faces\S_97b37f50.jpg,data/processed/faces\S_cc48b707.jpg,False,False,train,False
P_91255a91,train,n001415,data/processed/faces\S_97b37f50.jpg,data/processed/faces\S_59bee913.jpg,False,False,train,False
P_2cb1acec,train,n001415,data/processed/faces\S_97b37f50.jpg,data/processed/faces\S_4ad98d6e.jpg,False,False,train,False
P_948a1a11,train,n001415,data/processed/faces\S_97b37f50.jpg,data/processed/faces\S_7a5b1748.jpg,False,False,train,False
P_f40160bb,train,n001415,data/processed/faces\S_97b37f50.jpg,data/processed/faces\S_95efc6e9.jpg,False,False,train,False
P_9d94e21d,train,n001415,data/processed/faces\S_97b37f50.jpg,data/processed/faces\S_3c641999.jpg,False,False,train,False
P_f14e2a46,train,n001415,data/processed/faces\S_97b37f50.jpg,data/processed/faces\S_e0382f41.jpg,False,False,train,False
P_254b2c40,train,n001415,data/processed/faces\S_97b37f50.jpg,data/processed/faces\S_bd4d3118.jpg,False,False,train,False
P_dd5cabf1,train,n001415,data/processed/faces\S_97b37f50.jpg,data/processed/faces\S_136cffea.jpg,False,False,train,False
P_72ff1dc4,train,n001415,data/processed/faces\S_97b37f50.jpg,data/processed/faces\S_cc837c74.jpg,False,False,train,False
P_0cfd90c1,train,n001415,data/processed/faces\S_97b37f50.jpg,data/processed/faces\S_e9c5673d.jpg,False,False,train,False
P_d0b11933,train,n001415,data/processed/faces\S_97b37f50.jpg,data/processed/faces\S_6d404627.jpg,False,False,train,False
P_c8a32a24,train,n001415,data/processed/faces\S_97b37f50.jpg,data/processed/faces\S_2d94c9a2.jpg,False,False,train,False
P_bd3c1cd1,train,n001415,data/processed/faces\S_97b37f50.jpg,data/processed/faces\S_111f786a.jpg,False,False,train,False
P_49376155,train,n001415,data/processed/faces\S_97b37f50.jpg,data/processed/faces\S_7af99415.jpg,False,False,train,False
P_c4468a0c,train,n001415,data/processed/faces\S_97b37f50.jpg,data/processed/faces\S_f3713a9c.jpg,False,False,train,False
P_5f65da29,train,n001415,data/processed/faces\S_97b37f50.jpg,data/processed/faces\S_8e8a6388.jpg,False,False,train,False
P_5c74292f,train,n001415,data/processed/faces\S_97b37f50.jpg,data/processed/faces\S_a9a6c4db.jpg,False,False,train,False
P_904824ed,train,n001415,data/processed/faces\S_97b37f50.jpg,data/processed/faces\S_4751ac76.jpg,False,False,train,False
P_99d0b03f,train,n001415,data/processed/faces\S_97b37f50.jpg,data/processed/faces\S_76f8a668.jpg,False,False,train,False
P_248412e9,train,n001415,data/processed/faces\S_97b37f50.jpg,data/processed/faces\S_eb479224.jpg,False,False,train,False
P_fe267605,train,n001415,data/processed/faces\S_97b37f50.jpg,data/processed/faces\S_427563e8.jpg,False,False,train,False
P_36f8a44f,train,n001415,data/processed/faces\S_97b37f50.jpg,data/processed/faces\S_372a9b24.jpg,False,False,train,False
P_82cbad3e,train,n001415,data/processed/faces\S_97b37f50.jpg,data/processed/faces\S_cafbdbd2.jpg,False,False,train,False
P_78e36815,train,n001415,data/processed/faces\S_97b37f50.jpg,data/processed/faces\S_73b8009a.jpg,False,False,train,False
P_19f3c2f6,train,n001415,data/processed/faces\S_97b37f50.jpg,data/processed/faces\S_a9800fc2.jpg,False,False,train,False
P_d0335606,train,n001415,data/processed/faces\S_97b37f50.jpg,data/processed/faces\S_a2981f28.jpg,False,False,train,False
P_9939af4c,train,n001415,data/processed/faces\S_97b37f50.jpg,data/processed/faces\S_b8183df2.jpg,False,False,train,False
P_4de6ea30,train,n001415,data/processed/faces\S_97b37f50.jpg,data/processed/faces\S_cbcc7e2c.jpg,False,False,train,False
P_2fa5136d,train,n001415,data/processed/faces\S_97b37f50.jpg,data/processed/faces\S_6090abe0.jpg,False,False,train,False
P_3bf9e01f,train,n001415,data/processed/faces\S_97b37f50.jpg,data/processed/faces\S_eb43a986.jpg,False,False,train,False
P_f4474555,train,n001415,data/processed/faces\S_97b37f50.jpg,data/processed/faces\S_fb158b4d.jpg,False,False,train,False
P_410bdb09,train,n001415,data/processed/faces\S_97b37f50.jpg,data/processed/faces\S_f19933fd.jpg,False,False,train,False
P_67cbe6f7,train,n001415,data/processed/faces\S_97b37f50.jpg,data/processed/faces\S_97d19c1d.jpg,False,False,train,False
P_55f890fb,train,n001415,data/processed/faces\S_97b37f50.jpg,data/processed/faces\S_1fdd0c31.jpg,False,False,train,False
P_40a5ad37,train,n001415,data/processed/faces\S_97b37f50.jpg,data/processed/faces\S_05759ad9.jpg,False,False,train,False
P_44227bef,train,n001415,data/processed/faces\S_97b37f50.jpg,data/processed/faces\S_d19831a7.jpg,False,False,train,False
P_a43fa464,train,n001415,data/processed/faces\S_97b37f50.jpg,data/generated/face_swaps\SW_522e92c5.jpg,False,False,train,False
P_034b1f58,train,n001415,data/processed/faces\S_97b37f50.jpg,data/generated/face_swaps\SW_fc9ee337.jpg,False,False,train,False
P_18f6aa0b,train,n001415,data/processed/faces\S_97b37f50.jpg,data/generated/face_swaps\SW_339b56fd.jpg,False,False,train,False
P_b566d0a4,train,n001415,data/processed/faces\S_97b37f50.jpg,data/generated/face_swaps\SW_3dd01f9a.jpg,False,False,train,False
P_a81dcdd9,train,n001415,data/processed/faces\S_97b37f50.jpg,data/generated/face_swaps\SW_55e3d761.jpg,False,False,train,False
P_bdf4d54b,train,n001415,data/processed/faces\S_97b37f50.jpg,data/generated/face_swaps\SW_aa251c60.jpg,False,False,train,False
P_fd7aa70b,train,n001415,data/processed/faces\S_97b37f50.jpg,data/generated/face_swaps\SW_e1c991ff.jpg,False,False,train,False
P_aa138bb8,train,n001415,data/processed/faces\S_97b37f50.jpg,data/generated/face_swaps\SW_9230d715.jpg,False,False,train,False
P_7a22f418,train,n001415,data/processed/faces\S_97b37f50.jpg,data/generated/face_swaps\SW_55270ffd.jpg,False,False,train,False
P_8545eedc,train,n001415,data/processed/faces\S_97b37f50.jpg,data/generated/face_swaps\SW_52c42bc7.jpg,False,False,train,False
P_958e0608,train,n001417,data/processed/faces\S_56a3f1b7.jpg,data/processed/faces\S_111f786a.jpg,False,False,train,False
P_00b50ab6,train,n001417,data/processed/faces\S_56a3f1b7.jpg,data/processed/faces\S_d4e8135f.jpg,False,False,train,False
P_327ec2ac,train,n001417,data/processed/faces\S_56a3f1b7.jpg,data/processed/faces\S_a9cda4ca.jpg,False,False,train,False
P_0c570fcd,train,n001417,data/processed/faces\S_56a3f1b7.jpg,data/processed/faces\S_526417d5.jpg,False,False,train,False
P_ef4233ea,train,n001417,data/processed/faces\S_56a3f1b7.jpg,data/processed/faces\S_c90ad0c0.jpg,False,False,train,False
P_29802594,train,n001417,data/processed/faces\S_56a3f1b7.jpg,data/processed/faces\S_c9266d58.jpg,False,False,train,False
P_512f4127,train,n001417,data/processed/faces\S_56a3f1b7.jpg,data/processed/faces\S_2e98a6c0.jpg,False,False,train,False
P_1904af57,train,n001417,data/processed/faces\S_56a3f1b7.jpg,data/processed/faces\S_41b1f11f.jpg,False,False,train,False
P_542e705f,train,n001417,data/processed/faces\S_56a3f1b7.jpg,data/processed/faces\S_c0d0403f.jpg,False,False,train,False
P_ceb640b1,train,n001417,data/processed/faces\S_56a3f1b7.jpg,data/processed/faces\S_3116536e.jpg,False,False,train,False
P_2aaa910f,train,n001417,data/processed/faces\S_56a3f1b7.jpg,data/processed/faces\S_0e28c8c9.jpg,False,False,train,False
P_3763219f,train,n001417,data/processed/faces\S_56a3f1b7.jpg,data/processed/faces\S_d91e8ad7.jpg,False,False,train,False
P_d98857b5,train,n001417,data/processed/faces\S_56a3f1b7.jpg,data/processed/faces\S_1f55609f.jpg,False,False,train,False
P_16b8a1a4,train,n001417,data/processed/faces\S_56a3f1b7.jpg,data/processed/faces\S_65532765.jpg,False,False,train,False
P_b1fcca09,train,n001417,data/processed/faces\S_56a3f1b7.jpg,data/processed/faces\S_046ea89c.jpg,False,False,train,False
P_4e04b094,train,n001417,data/processed/faces\S_56a3f1b7.jpg,data/processed/faces\S_dade5467.jpg,False,False,train,False
P_a5fa3855,train,n001417,data/processed/faces\S_56a3f1b7.jpg,data/processed/faces\S_c33d3b97.jpg,False,False,train,False
P_121bee76,train,n001417,data/processed/faces\S_56a3f1b7.jpg,data/processed/faces\S_a6e3a74f.jpg,False,False,train,False
P_49071f92,train,n001417,data/processed/faces\S_56a3f1b7.jpg,data/processed/faces\S_fe18e933.jpg,False,False,train,False
P_ddb305fc,train,n001417,data/processed/faces\S_56a3f1b7.jpg,data/processed/faces\S_da5f4999.jpg,False,False,train,False
P_9c9dcf26,train,n001417,data/processed/faces\S_56a3f1b7.jpg,data/processed/faces\S_63add05d.jpg,False,False,train,False
P_30725528,train,n001417,data/processed/faces\S_56a3f1b7.jpg,data/processed/faces\S_cb31e8fb.jpg,False,False,train,False
P_296e93f6,train,n001417,data/processed/faces\S_56a3f1b7.jpg,data/processed/faces\S_501f5350.jpg,False,False,train,False
P_9e2930ef,train,n001417,data/processed/faces\S_56a3f1b7.jpg,data/processed/faces\S_1403be49.jpg,False,False,train,False
P_4a37a288,train,n001417,data/processed/faces\S_56a3f1b7.jpg,data/processed/faces\S_82ba9820.jpg,False,False,train,False
P_c477eb75,train,n001417,data/processed/faces\S_56a3f1b7.jpg,data/processed/faces\S_12b5c3e1.jpg,False,False,train,False
P_e888880c,train,n001417,data/processed/faces\S_56a3f1b7.jpg,data/processed/faces\S_3b8f602d.jpg,False,False,train,False
P_903de776,train,n001417,data/processed/faces\S_56a3f1b7.jpg,data/processed/faces\S_c5ae74bb.jpg,False,False,train,False
P_3f67623e,train,n001417,data/processed/faces\S_56a3f1b7.jpg,data/processed/faces\S_7566759c.jpg,False,False,train,False
P_f7612827,train,n001417,data/processed/faces\S_56a3f1b7.jpg,data/processed/faces\S_d11bab8d.jpg,False,False,train,False
P_32911cb9,train,n001417,data/processed/faces\S_56a3f1b7.jpg,data/processed/faces\S_3db8d3b6.jpg,False,False,train,False
P_50459fe8,train,n001417,data/processed/faces\S_56a3f1b7.jpg,data/processed/faces\S_0d834ea8.jpg,False,False,train,False
P_9dd5171d,train,n001417,data/processed/faces\S_56a3f1b7.jpg,data/processed/faces\S_3e237883.jpg,False,False,train,False
P_e4896d0e,train,n001417,data/processed/faces\S_56a3f1b7.jpg,data/processed/faces\S_21e41514.jpg,False,False,train,False
P_a006f116,train,n001417,data/processed/faces\S_56a3f1b7.jpg,data/processed/faces\S_1eab86a8.jpg,False,False,train,False
P_b35648da,train,n001417,data/processed/faces\S_56a3f1b7.jpg,data/processed/faces\S_91c7e577.jpg,False,False,train,False
P_b7cd9c2b,train,n001417,data/processed/faces\S_56a3f1b7.jpg,data/processed/faces\S_c2d452dc.jpg,False,False,train,False
P_2f40b7b4,train,n001417,data/processed/faces\S_56a3f1b7.jpg,data/processed/faces\S_764445d3.jpg,False,False,train,False
P_13de9bd9,train,n001417,data/processed/faces\S_56a3f1b7.jpg,data/processed/faces\S_a6d2b9fd.jpg,False,False,train,False
P_7d70b102,train,n001417,data/processed/faces\S_56a3f1b7.jpg,data/processed/faces\S_6fc43ad3.jpg,False,False,train,False
P_96f97faa,train,n001417,data/processed/faces\S_56a3f1b7.jpg,data/processed/faces\S_4d3d4304.jpg,False,False,train,False
P_9edd23eb,train,n001417,data/processed/faces\S_56a3f1b7.jpg,data/processed/faces\S_c81869c5.jpg,False,False,train,False
P_9b0a09fa,train,n001417,data/processed/faces\S_56a3f1b7.jpg,data/processed/faces\S_6d404627.jpg,False,False,train,False
P_670f6612,train,n001417,data/processed/faces\S_56a3f1b7.jpg,data/processed/faces\S_ae20f5e9.jpg,False,False,train,False
P_affc9fba,train,n001417,data/processed/faces\S_56a3f1b7.jpg,data/processed/faces\S_9beeda32.jpg,False,False,train,False
P_83c0b9df,train,n001417,data/processed/faces\S_56a3f1b7.jpg,data/processed/faces\S_7348520f.jpg,False,False,train,False
P_5b31f76f,train,n001417,data/processed/faces\S_56a3f1b7.jpg,data/processed/faces\S_d584c825.jpg,False,False,train,False
P_785cbc3d,train,n001417,data/processed/faces\S_56a3f1b7.jpg,data/processed/faces\S_f02314f8.jpg,False,False,train,False
P_eab8bda6,train,n001417,data/processed/faces\S_56a3f1b7.jpg,data/processed/faces\S_c616ca58.jpg,False,False,train,False
P_b8ebe73c,train,n001417,data/processed/faces\S_56a3f1b7.jpg,data/processed/faces\S_6e6e3190.jpg,False,False,train,False
P_9fc5297b,train,n001417,data/processed/faces\S_56a3f1b7.jpg,data/processed/faces\S_64accbf1.jpg,False,False,train,False
P_6aaf5799,train,n001417,data/processed/faces\S_56a3f1b7.jpg,data/processed/faces\S_3509fd9a.jpg,False,False,train,False
P_c562b9b0,train,n001417,data/processed/faces\S_56a3f1b7.jpg,data/processed/faces\S_ea3b6011.jpg,False,False,train,False
P_7b9ce4f1,train,n001417,data/processed/faces\S_56a3f1b7.jpg,data/processed/faces\S_4adcbbbd.jpg,False,False,train,False
P_e6d81fde,train,n001417,data/processed/faces\S_56a3f1b7.jpg,data/processed/faces\S_b83dffc6.jpg,False,False,train,False
P_af91d118,train,n001417,data/processed/faces\S_56a3f1b7.jpg,data/processed/faces\S_f434f411.jpg,False,False,train,False
P_29df467a,train,n001417,data/processed/faces\S_56a3f1b7.jpg,data/processed/faces\S_931a63ea.jpg,False,False,train,False
P_d1de8328,train,n001417,data/processed/faces\S_56a3f1b7.jpg,data/processed/faces\S_690a7e26.jpg,False,False,train,False
P_d5f69202,train,n001417,data/processed/faces\S_56a3f1b7.jpg,data/processed/faces\S_90f286b1.jpg,False,False,train,False
P_7c0f8933,train,n001417,data/processed/faces\S_56a3f1b7.jpg,data/processed/faces\S_d7acdaf4.jpg,False,False,train,False
P_32ba86da,train,n001417,data/processed/faces\S_56a3f1b7.jpg,data/processed/faces\S_d2eddef1.jpg,False,False,train,False
P_40d39cc4,train,n001417,data/processed/faces\S_56a3f1b7.jpg,data/processed/faces\S_098dd505.jpg,False,False,train,False
P_295388a3,train,n001417,data/processed/faces\S_56a3f1b7.jpg,data/processed/faces\S_233f6135.jpg,False,False,train,False
P_07cd0f1e,train,n001417,data/processed/faces\S_56a3f1b7.jpg,data/processed/faces\S_a0106f66.jpg,False,False,train,False
P_a62f378b,train,n001417,data/processed/faces\S_56a3f1b7.jpg,data/processed/faces\S_6be9b255.jpg,False,False,train,False
P_ad196f25,train,n001417,data/processed/faces\S_56a3f1b7.jpg,data/processed/faces\S_3419cabd.jpg,False,False,train,False
P_21f63a7f,train,n001417,data/processed/faces\S_56a3f1b7.jpg,data/processed/faces\S_f225a580.jpg,False,False,train,False
P_5c70e0a0,train,n001417,data/processed/faces\S_56a3f1b7.jpg,data/processed/faces\S_a24b483c.jpg,False,False,train,False
P_7712072d,train,n001417,data/processed/faces\S_56a3f1b7.jpg,data/generated/face_swaps\SW_0585ca24.jpg,False,False,train,False
P_9eae737b,train,n001417,data/processed/faces\S_56a3f1b7.jpg,data/generated/face_swaps\SW_2c990e46.jpg,False,False,train,False
P_23c687e1,train,n001417,data/processed/faces\S_56a3f1b7.jpg,data/generated/face_swaps\SW_9a1f6693.jpg,False,False,train,False
P_d392d1c0,train,n001417,data/processed/faces\S_56a3f1b7.jpg,data/generated/face_swaps\SW_c6c69576.jpg,False,False,train,False
P_989e8478,train,n001417,data/processed/faces\S_56a3f1b7.jpg,data/generated/face_swaps\SW_98ad1124.jpg,False,False,train,False
P_a70ca68c,train,n001417,data/processed/faces\S_56a3f1b7.jpg,data/generated/face_swaps\SW_f06491cf.jpg,False,False,train,False
P_1d646f5d,train,n001417,data/processed/faces\S_56a3f1b7.jpg,data/generated/face_swaps\SW_d05107d4.jpg,False,False,train,False
P_79785cb8,train,n001417,data/processed/faces\S_56a3f1b7.jpg,data/generated/face_swaps\SW_a8db9be8.jpg,False,False,train,False
P_45abcefb,train,n001417,data/processed/faces\S_56a3f1b7.jpg,data/generated/face_swaps\SW_f0ab9dfb.jpg,False,False,train,False
P_67724397,train,n001417,data/processed/faces\S_56a3f1b7.jpg,data/generated/face_swaps\SW_e995eb11.jpg,False,False,train,False
P_be88e059,train,n002105,data/processed/faces\S_0c5fd71c.jpg,data/processed/faces\S_610a0467.jpg,False,False,train,False
P_8ae4d671,train,n002105,data/processed/faces\S_0c5fd71c.jpg,data/processed/faces\S_20fe4ac8.jpg,False,False,train,False
P_402a23ab,train,n002105,data/processed/faces\S_0c5fd71c.jpg,data/processed/faces\S_a3685065.jpg,False,False,train,False
P_d76b3343,train,n002105,data/processed/faces\S_0c5fd71c.jpg,data/processed/faces\S_6b2bc142.jpg,False,False,train,False
P_68b6f25a,train,n002105,data/processed/faces\S_0c5fd71c.jpg,data/processed/faces\S_1b0f2ed2.jpg,False,False,train,False
P_b2b76a75,train,n002105,data/processed/faces\S_0c5fd71c.jpg,data/processed/faces\S_93dba819.jpg,False,False,train,False
P_d8ffdfba,train,n002105,data/processed/faces\S_0c5fd71c.jpg,data/processed/faces\S_58fc011b.jpg,False,False,train,False
P_c37e395c,train,n002105,data/processed/faces\S_0c5fd71c.jpg,data/processed/faces\S_ddc01a26.jpg,False,False,train,False
P_9b999a78,train,n002105,data/processed/faces\S_0c5fd71c.jpg,data/processed/faces\S_c9cdd629.jpg,False,False,train,False
P_7c8118f0,train,n002105,data/processed/faces\S_0c5fd71c.jpg,data/processed/faces\S_cf43726c.jpg,False,False,train,False
P_27c290c0,train,n002105,data/processed/faces\S_0c5fd71c.jpg,data/processed/faces\S_d829dc37.jpg,False,False,train,False
P_5f163fd8,train,n002105,data/processed/faces\S_0c5fd71c.jpg,data/processed/faces\S_0bdd1ae3.jpg,False,False,train,False
P_9ef275ce,train,n002105,data/processed/faces\S_0c5fd71c.jpg,data/processed/faces\S_ce82b5d1.jpg,False,False,train,False
P_e4d0ac64,train,n002105,data/processed/faces\S_0c5fd71c.jpg,data/processed/faces\S_450d516e.jpg,False,False,train,False
P_a00235de,train,n002105,data/processed/faces\S_0c5fd71c.jpg,data/processed/faces\S_e6990b7c.jpg,False,False,train,False
P_af037854,train,n002105,data/processed/faces\S_0c5fd71c.jpg,data/processed/faces\S_9b77a128.jpg,False,False,train,False
P_ffe1342a,train,n002105,data/processed/faces\S_0c5fd71c.jpg,data/processed/faces\S_358b0143.jpg,False,False,train,False
P_f93bf3e9,train,n002105,data/processed/faces\S_0c5fd71c.jpg,data/processed/faces\S_5fcfe7c7.jpg,False,False,train,False
P_fd9b208d,train,n002105,data/processed/faces\S_0c5fd71c.jpg,data/processed/faces\S_9eb5b56e.jpg,False,False,train,False
P_dc297c5a,train,n002105,data/processed/faces\S_0c5fd71c.jpg,data/processed/faces\S_42ee04a9.jpg,False,False,train,False
P_4c660add,train,n002105,data/processed/faces\S_0c5fd71c.jpg,data/processed/faces\S_4a1f7761.jpg,False,False,train,False
P_47a1b2ab,train,n002105,data/processed/faces\S_0c5fd71c.jpg,data/processed/faces\S_fecde7fc.jpg,False,False,train,False
P_55ecc3e6,train,n002105,data/processed/faces\S_0c5fd71c.jpg,data/processed/faces\S_886a7246.jpg,False,False,train,False
P_92970a41,train,n002105,data/processed/faces\S_0c5fd71c.jpg,data/processed/faces\S_a3769031.jpg,False,False,train,False
P_2a316586,train,n002105,data/processed/faces\S_0c5fd71c.jpg,data/processed/faces\S_5e360016.jpg,False,False,train,False
P_8cefcc28,train,n002105,data/processed/faces\S_0c5fd71c.jpg,data/processed/faces\S_7348520f.jpg,False,False,train,False
P_3e677c2b,train,n002105,data/processed/faces\S_0c5fd71c.jpg,data/processed/faces\S_8b385b58.jpg,False,False,train,False
P_b303092c,train,n002105,data/processed/faces\S_0c5fd71c.jpg,data/processed/faces\S_2d37fbc7.jpg,False,False,train,False
P_ae83dab0,train,n002105,data/processed/faces\S_0c5fd71c.jpg,data/processed/faces\S_6437e769.jpg,False,False,train,False
P_1a1cd0a1,train,n002105,data/processed/faces\S_0c5fd71c.jpg,data/processed/faces\S_bbb46215.jpg,False,False,train,False
P_78dff508,train,n002105,data/processed/faces\S_0c5fd71c.jpg,data/processed/faces\S_3a64dd5a.jpg,False,False,train,False
P_eeba3210,train,n002105,data/processed/faces\S_0c5fd71c.jpg,data/processed/faces\S_db7c1a99.jpg,False,False,train,False
P_5440e4d3,train,n002105,data/processed/faces\S_0c5fd71c.jpg,data/processed/faces\S_8efdb194.jpg,False,False,train,False
P_51a44a14,train,n002105,data/processed/faces\S_0c5fd71c.jpg,data/processed/faces\S_7deead68.jpg,False,False,train,False
P_d6ef29b0,train,n002105,data/processed/faces\S_0c5fd71c.jpg,data/processed/faces\S_0fb95786.jpg,False,False,train,False
P_a9a68db7,train,n002105,data/processed/faces\S_0c5fd71c.jpg,data/processed/faces\S_ec075ef1.jpg,False,False,train,False
P_9a310eaa,train,n002105,data/processed/faces\S_0c5fd71c.jpg,data/processed/faces\S_7397911a.jpg,False,False,train,False
P_c6cd0632,train,n002105,data/processed/faces\S_0c5fd71c.jpg,data/processed/faces\S_abd77c2a.jpg,False,False,train,False
P_747c5898,train,n002105,data/processed/faces\S_0c5fd71c.jpg,data/processed/faces\S_7af99415.jpg,False,False,train,False
P_e83aab3b,train,n002105,data/processed/faces\S_0c5fd71c.jpg,data/processed/faces\S_de32257c.jpg,False,False,train,False
P_4e6aaf5c,train,n002105,data/processed/faces\S_0c5fd71c.jpg,data/processed/faces\S_ed4d3dc4.jpg,False,False,train,False
P_6836e208,train,n002105,data/processed/faces\S_0c5fd71c.jpg,data/processed/faces\S_25385045.jpg,False,False,train,False
P_36d96f92,train,n002105,data/processed/faces\S_0c5fd71c.jpg,data/processed/faces\S_a24f7bce.jpg,False,False,train,False
P_6979928e,train,n002105,data/processed/faces\S_0c5fd71c.jpg,data/processed/faces\S_3688bd99.jpg,False,False,train,False
P_b0077f7b,train,n002105,data/processed/faces\S_0c5fd71c.jpg,data/processed/faces\S_b88f6d9d.jpg,False,False,train,False
P_9f5dbed0,train,n002105,data/processed/faces\S_0c5fd71c.jpg,data/processed/faces\S_1eab86a8.jpg,False,False,train,False
P_a395a818,train,n002105,data/processed/faces\S_0c5fd71c.jpg,data/processed/faces\S_c69395a0.jpg,False,False,train,False
P_28dc6a92,train,n002105,data/processed/faces\S_0c5fd71c.jpg,data/processed/faces\S_6d186a65.jpg,False,False,train,False
P_b0ed06f1,train,n002105,data/processed/faces\S_0c5fd71c.jpg,data/processed/faces\S_627b49d5.jpg,False,False,train,False
P_6f153884,train,n002105,data/processed/faces\S_0c5fd71c.jpg,data/processed/faces\S_76d64054.jpg,False,False,train,False
P_45b87262,train,n002105,data/processed/faces\S_0c5fd71c.jpg,data/processed/faces\S_f0ba58c7.jpg,False,False,train,False
P_0a83464d,train,n002105,data/processed/faces\S_0c5fd71c.jpg,data/processed/faces\S_e914ff75.jpg,False,False,train,False
P_e8a779bc,train,n002105,data/processed/faces\S_0c5fd71c.jpg,data/processed/faces\S_7e2eaab9.jpg,False,False,train,False
P_62166924,train,n002105,data/processed/faces\S_0c5fd71c.jpg,data/processed/faces\S_fcf458df.jpg,False,False,train,False
P_031e2a19,train,n002105,data/processed/faces\S_0c5fd71c.jpg,data/processed/faces\S_c899e3a8.jpg,False,False,train,False
P_3a3c03c9,train,n002105,data/processed/faces\S_0c5fd71c.jpg,data/processed/faces\S_e314dd1a.jpg,False,False,train,False
P_353c9446,train,n002105,data/processed/faces\S_0c5fd71c.jpg,data/processed/faces\S_4521639a.jpg,False,False,train,False
P_037bcee2,train,n002105,data/processed/faces\S_0c5fd71c.jpg,data/processed/faces\S_46e350ad.jpg,False,False,train,False
P_50f8cd1c,train,n002105,data/processed/faces\S_0c5fd71c.jpg,data/processed/faces\S_526ba0d1.jpg,False,False,train,False
P_f40df85d,train,n002105,data/processed/faces\S_0c5fd71c.jpg,data/processed/faces\S_b433134f.jpg,False,False,train,False
P_47198a18,train,n002105,data/processed/faces\S_0c5fd71c.jpg,data/processed/faces\S_9300565d.jpg,False,False,train,False
P_f114849a,train,n002105,data/processed/faces\S_0c5fd71c.jpg,data/processed/faces\S_43ccbd1b.jpg,False,False,train,False
P_e4029b2a,train,n002105,data/processed/faces\S_0c5fd71c.jpg,data/processed/faces\S_2d0f4ac0.jpg,False,False,train,False
P_23285e35,train,n002105,data/processed/faces\S_0c5fd71c.jpg,data/processed/faces\S_a0106f66.jpg,False,False,train,False
P_c39f3555,train,n002105,data/processed/faces\S_0c5fd71c.jpg,data/processed/faces\S_cb67a5c2.jpg,False,False,train,False
P_b0a1214e,train,n002105,data/processed/faces\S_0c5fd71c.jpg,data/processed/faces\S_9be77c30.jpg,False,False,train,False
P_311737a6,train,n002105,data/processed/faces\S_0c5fd71c.jpg,data/processed/faces\S_c4aff379.jpg,False,False,train,False
P_7f54df3e,train,n002105,data/processed/faces\S_0c5fd71c.jpg,data/processed/faces\S_06ed0d86.jpg,False,False,train,False
P_ade0de8c,train,n002105,data/processed/faces\S_0c5fd71c.jpg,data/generated/face_swaps\SW_f246fbc3.jpg,False,False,train,False
P_55fb4f2c,train,n002105,data/processed/faces\S_0c5fd71c.jpg,data/generated/face_swaps\SW_f50e2197.jpg,False,False,train,False
P_aa93750a,train,n002105,data/processed/faces\S_0c5fd71c.jpg,data/generated/face_swaps\SW_f54f20ef.jpg,False,False,train,False
P_4d4714ab,train,n002105,data/processed/faces\S_0c5fd71c.jpg,data/generated/face_swaps\SW_8ab3556d.jpg,False,False,train,False
P_780a3447,train,n002105,data/processed/faces\S_0c5fd71c.jpg,data/generated/face_swaps\SW_305d2a84.jpg,False,False,train,False
P_c7782fb6,train,n002105,data/processed/faces\S_0c5fd71c.jpg,data/generated/face_swaps\SW_e7034246.jpg,False,False,train,False
P_ff1b5de4,train,n002105,data/processed/faces\S_0c5fd71c.jpg,data/generated/face_swaps\SW_8ccb5bc0.jpg,False,False,train,False
P_9c2608d3,train,n002105,data/processed/faces\S_0c5fd71c.jpg,data/generated/face_swaps\SW_0d04f981.jpg,False,False,train,False
P_2bb87ede,train,n002105,data/processed/faces\S_0c5fd71c.jpg,data/generated/face_swaps\SW_9a970cb2.jpg,False,False,train,False
P_49ce7879,train,n002105,data/processed/faces\S_0c5fd71c.jpg,data/generated/face_swaps\SW_77e2957e.jpg,False,False,train,False
P_a45af40a,train,n002590,data/processed/faces\S_f8a039dd.jpg,data/processed/faces\S_176f35cb.jpg,False,False,train,False
P_88966693,train,n002590,data/processed/faces\S_f8a039dd.jpg,data/processed/faces\S_021a8aef.jpg,False,False,train,False
P_68dfd0bb,train,n002590,data/processed/faces\S_f8a039dd.jpg,data/processed/faces\S_16e47e46.jpg,False,False,train,False
P_83b17177,train,n002590,data/processed/faces\S_f8a039dd.jpg,data/processed/faces\S_66eb2bcc.jpg,False,False,train,False
P_27df4d82,train,n002590,data/processed/faces\S_f8a039dd.jpg,data/processed/faces\S_1389f080.jpg,False,False,train,False
P_f9b733b8,train,n002590,data/processed/faces\S_f8a039dd.jpg,data/processed/faces\S_3eb37d3a.jpg,False,False,train,False
P_f02bb98f,train,n002590,data/processed/faces\S_f8a039dd.jpg,data/processed/faces\S_bbfad347.jpg,False,False,train,False
P_8f13f715,train,n002590,data/processed/faces\S_f8a039dd.jpg,data/processed/faces\S_12976ddf.jpg,False,False,train,False
P_36977373,train,n002590,data/processed/faces\S_f8a039dd.jpg,data/processed/faces\S_c69395a0.jpg,False,False,train,False
P_cdaebca3,train,n002590,data/processed/faces\S_f8a039dd.jpg,data/processed/faces\S_05f705d5.jpg,False,False,train,False
P_83383cec,train,n002590,data/processed/faces\S_f8a039dd.jpg,data/processed/faces\S_19ccd5a0.jpg,False,False,train,False
P_434cdf9b,train,n002590,data/processed/faces\S_f8a039dd.jpg,data/processed/faces\S_2a74d82f.jpg,False,False,train,False
P_0fa93e11,train,n002590,data/processed/faces\S_f8a039dd.jpg,data/processed/faces\S_5b756048.jpg,False,False,train,False
P_cc306b2e,train,n002590,data/processed/faces\S_f8a039dd.jpg,data/processed/faces\S_6817a167.jpg,False,False,train,False
P_a57f176d,train,n002590,data/processed/faces\S_f8a039dd.jpg,data/processed/faces\S_d5bf0c2c.jpg,False,False,train,False
P_cfa31c3b,train,n002590,data/processed/faces\S_f8a039dd.jpg,data/processed/faces\S_f87ebf1f.jpg,False,False,train,False
P_94fb5e37,train,n002590,data/processed/faces\S_f8a039dd.jpg,data/processed/faces\S_bd95eeb5.jpg,False,False,train,False
P_3f250861,train,n002590,data/processed/faces\S_f8a039dd.jpg,data/processed/faces\S_c4fc82d0.jpg,False,False,train,False
P_31ee73b9,train,n002590,data/processed/faces\S_f8a039dd.jpg,data/processed/faces\S_6606963b.jpg,False,False,train,False
P_8f88dc30,train,n002590,data/processed/faces\S_f8a039dd.jpg,data/processed/faces\S_9155a993.jpg,False,False,train,False
P_46081bf5,train,n002590,data/processed/faces\S_f8a039dd.jpg,data/processed/faces\S_f3713a9c.jpg,False,False,train,False
P_5d808ec3,train,n002590,data/processed/faces\S_f8a039dd.jpg,data/processed/faces\S_cf9f210b.jpg,False,False,train,False
P_33891b8c,train,n002590,data/processed/faces\S_f8a039dd.jpg,data/processed/faces\S_c22bb05e.jpg,False,False,train,False
P_9f756043,train,n002590,data/processed/faces\S_f8a039dd.jpg,data/processed/faces\S_d584c825.jpg,False,False,train,False
P_2d2636b0,train,n002590,data/processed/faces\S_f8a039dd.jpg,data/processed/faces\S_9414a8d7.jpg,False,False,train,False
P_a0ea8c02,train,n002590,data/processed/faces\S_f8a039dd.jpg,data/processed/faces\S_88b3224d.jpg,False,False,train,False
P_24ac3233,train,n002590,data/processed/faces\S_f8a039dd.jpg,data/processed/faces\S_081d3f28.jpg,False,False,train,False
P_ddd688ad,train,n002590,data/processed/faces\S_f8a039dd.jpg,data/processed/faces\S_84da2c15.jpg,False,False,train,False
P_b078611a,train,n002590,data/processed/faces\S_f8a039dd.jpg,data/processed/faces\S_bff923e4.jpg,False,False,train,False
P_b0cb62f3,train,n002590,data/processed/faces\S_f8a039dd.jpg,data/processed/faces\S_06a421a4.jpg,False,False,train,False
P_568a0f1e,train,n002590,data/processed/faces\S_f8a039dd.jpg,data/processed/faces\S_50c9dcf5.jpg,False,False,train,False
P_ab657843,train,n002590,data/processed/faces\S_f8a039dd.jpg,data/processed/faces\S_5fa300bc.jpg,False,False,train,False
P_d1dac8a3,train,n002590,data/processed/faces\S_f8a039dd.jpg,data/processed/faces\S_c2501f0a.jpg,False,False,train,False
P_377b9e92,train,n002590,data/processed/faces\S_f8a039dd.jpg,data/processed/faces\S_51b967d5.jpg,False,False,train,False
P_3167f392,train,n002590,data/processed/faces\S_f8a039dd.jpg,data/processed/faces\S_0b07f641.jpg,False,False,train,False
P_ed81dc6a,train,n002590,data/processed/faces\S_f8a039dd.jpg,data/processed/faces\S_e85fd257.jpg,False,False,train,False
P_7e2df8e3,train,n002590,data/processed/faces\S_f8a039dd.jpg,data/processed/faces\S_cdf27a72.jpg,False,False,train,False
P_598c6aa3,train,n002590,data/processed/faces\S_f8a039dd.jpg,data/processed/faces\S_d69fc5b7.jpg,False,False,train,False
P_6c240407,train,n002590,data/processed/faces\S_f8a039dd.jpg,data/processed/faces\S_0f34201c.jpg,False,False,train,False
P_fc079f8d,train,n002590,data/processed/faces\S_f8a039dd.jpg,data/processed/faces\S_1591a1e9.jpg,False,False,train,False
P_bbc725a3,train,n002590,data/processed/faces\S_f8a039dd.jpg,data/processed/faces\S_e19334f2.jpg,False,False,train,False
P_1c3ae16e,train,n002590,data/processed/faces\S_f8a039dd.jpg,data/processed/faces\S_689395cd.jpg,False,False,train,False
P_95974fea,train,n002590,data/processed/faces\S_f8a039dd.jpg,data/processed/faces\S_e2fb1ee1.jpg,False,False,train,False
P_d6d6e148,train,n002590,data/processed/faces\S_f8a039dd.jpg,data/processed/faces\S_d91e8ad7.jpg,False,False,train,False
P_cbb6bf52,train,n002590,data/processed/faces\S_f8a039dd.jpg,data/processed/faces\S_5fcfe7c7.jpg,False,False,train,False
P_0544a682,train,n002590,data/processed/faces\S_f8a039dd.jpg,data/processed/faces\S_c4f6a2eb.jpg,False,False,train,False
P_58177fdc,train,n002590,data/processed/faces\S_f8a039dd.jpg,data/processed/faces\S_57dedfff.jpg,False,False,train,False
P_db264735,train,n002590,data/processed/faces\S_f8a039dd.jpg,data/processed/faces\S_c3502c90.jpg,False,False,train,False
P_636cb441,train,n002590,data/processed/faces\S_f8a039dd.jpg,data/processed/faces\S_68ff3edf.jpg,False,False,train,False
P_624ab999,train,n002590,data/processed/faces\S_f8a039dd.jpg,data/processed/faces\S_01d0f3ac.jpg,False,False,train,False
P_0f3971c4,train,n002590,data/processed/faces\S_f8a039dd.jpg,data/processed/faces\S_bef8ba6e.jpg,False,False,train,False
P_51b071b9,train,n002590,data/processed/faces\S_f8a039dd.jpg,data/processed/faces\S_372a9b24.jpg,False,False,train,False
P_5a299f65,train,n002590,data/processed/faces\S_f8a039dd.jpg,data/processed/faces\S_3e5d7f51.jpg,False,False,train,False
P_c181dc1d,train,n002590,data/processed/faces\S_f8a039dd.jpg,data/processed/faces\S_a1914430.jpg,False,False,train,False
P_dfa1cd79,train,n002590,data/processed/faces\S_f8a039dd.jpg,data/processed/faces\S_a9800fc2.jpg,False,False,train,False
P_66826367,train,n002590,data/processed/faces\S_f8a039dd.jpg,data/processed/faces\S_5b46e367.jpg,False,False,train,False
P_78133a16,train,n002590,data/processed/faces\S_f8a039dd.jpg,data/processed/faces\S_b1023e95.jpg,False,False,train,False
P_6ce20698,train,n002590,data/processed/faces\S_f8a039dd.jpg,data/processed/faces\S_b433134f.jpg,False,False,train,False
P_2e5ca221,train,n002590,data/processed/faces\S_f8a039dd.jpg,data/processed/faces\S_5210adf4.jpg,False,False,train,False
P_0bdc9fb0,train,n002590,data/processed/faces\S_f8a039dd.jpg,data/processed/faces\S_2b3c9962.jpg,False,False,train,False
P_f80235e0,train,n002590,data/processed/faces\S_f8a039dd.jpg,data/processed/faces\S_64d1ec99.jpg,False,False,train,False
P_c57861ca,train,n002590,data/processed/faces\S_f8a039dd.jpg,data/processed/faces\S_6f3b8de3.jpg,False,False,train,False
P_357422d4,train,n002590,data/processed/faces\S_f8a039dd.jpg,data/processed/faces\S_54e97d9f.jpg,False,False,train,False
P_bec3f970,train,n002590,data/processed/faces\S_f8a039dd.jpg,data/processed/faces\S_1fdd0c31.jpg,False,False,train,False
P_9add9b58,train,n002590,data/processed/faces\S_f8a039dd.jpg,data/processed/faces\S_98a4d488.jpg,False,False,train,False
P_60194bda,train,n002590,data/processed/faces\S_f8a039dd.jpg,data/processed/faces\S_7177b872.jpg,False,False,train,False
P_41a68e67,train,n002590,data/processed/faces\S_f8a039dd.jpg,data/generated/face_swaps\SW_b468a058.jpg,False,False,train,False
P_7f8cc578,train,n002590,data/processed/faces\S_f8a039dd.jpg,data/generated/face_swaps\SW_8fdf2804.jpg,False,False,train,False
P_c581f2d4,train,n002590,data/processed/faces\S_f8a039dd.jpg,data/generated/face_swaps\SW_6597c2e1.jpg,False,False,train,False
P_aaa06f8a,train,n002590,data/processed/faces\S_f8a039dd.jpg,data/generated/face_swaps\SW_08a31567.jpg,False,False,train,False
P_11635e3b,train,n002590,data/processed/faces\S_f8a039dd.jpg,data/generated/face_swaps\SW_073f7544.jpg,False,False,train,False
P_dee56121,train,n002590,data/processed/faces\S_f8a039dd.jpg,data/generated/face_swaps\SW_2ea2396e.jpg,False,False,train,False
P_6422d4fe,train,n002590,data/processed/faces\S_f8a039dd.jpg,data/generated/face_swaps\SW_d39163d9.jpg,False,False,train,False
P_65a746fe,train,n002590,data/processed/faces\S_f8a039dd.jpg,data/generated/face_swaps\SW_fe43c76f.jpg,False,False,train,False
P_f30ade42,train,n002590,data/processed/faces\S_f8a039dd.jpg,data/generated/face_swaps\SW_b3aecd3d.jpg,False,False,train,False
P_b72edc65,train,n002590,data/processed/faces\S_f8a039dd.jpg,data/generated/face_swaps\SW_1094d630.jpg,False,False,train,False
P_651faba2,train,n002812,data/processed/faces\S_5ba07f91.jpg,data/processed/faces\S_ff25c000.jpg,False,False,train,False
P_0b98849c,train,n002812,data/processed/faces\S_5ba07f91.jpg,data/processed/faces\S_574c68ad.jpg,False,False,train,False
P_70ba7c8b,train,n002812,data/processed/faces\S_5ba07f91.jpg,data/processed/faces\S_089854ca.jpg,False,False,train,False
P_afac37af,train,n002812,data/processed/faces\S_5ba07f91.jpg,data/processed/faces\S_b8cb41a9.jpg,False,False,train,False
P_db9ddf9c,train,n002812,data/processed/faces\S_5ba07f91.jpg,data/processed/faces\S_65cd1c28.jpg,False,False,train,False
P_3297e32d,train,n002812,data/processed/faces\S_5ba07f91.jpg,data/processed/faces\S_6cdfd88c.jpg,False,False,train,False
P_3c8f393f,train,n002812,data/processed/faces\S_5ba07f91.jpg,data/processed/faces\S_f5c361b9.jpg,False,False,train,False
P_b49e975a,train,n002812,data/processed/faces\S_5ba07f91.jpg,data/processed/faces\S_7e4c1ffd.jpg,False,False,train,False
P_1eab2fa2,train,n002812,data/processed/faces\S_5ba07f91.jpg,data/processed/faces\S_ebf6eb20.jpg,False,False,train,False
P_f67ce6a2,train,n002812,data/processed/faces\S_5ba07f91.jpg,data/processed/faces\S_3aff0296.jpg,False,False,train,False
P_8dd34e6f,train,n002812,data/processed/faces\S_5ba07f91.jpg,data/processed/faces\S_7cccef53.jpg,False,False,train,False
P_d0f25660,train,n002812,data/processed/faces\S_5ba07f91.jpg,data/processed/faces\S_f8488e37.jpg,False,False,train,False
P_d095e131,train,n002812,data/processed/faces\S_5ba07f91.jpg,data/processed/faces\S_bcdb4f05.jpg,False,False,train,False
P_e288f779,train,n002812,data/processed/faces\S_5ba07f91.jpg,data/processed/faces\S_06906eb4.jpg,False,False,train,False
P_cd68dba1,train,n002812,data/processed/faces\S_5ba07f91.jpg,data/processed/faces\S_5d2b652d.jpg,False,False,train,False
P_32ef6b85,train,n002812,data/processed/faces\S_5ba07f91.jpg,data/processed/faces\S_86443ed3.jpg,False,False,train,False
P_bc7b2cf4,train,n002812,data/processed/faces\S_5ba07f91.jpg,data/processed/faces\S_5d19351b.jpg,False,False,train,False
P_1a17be50,train,n002812,data/processed/faces\S_5ba07f91.jpg,data/processed/faces\S_ff37c6ea.jpg,False,False,train,False
P_106f2357,train,n002812,data/processed/faces\S_5ba07f91.jpg,data/processed/faces\S_93060f99.jpg,False,False,train,False
P_057640d4,train,n002812,data/processed/faces\S_5ba07f91.jpg,data/processed/faces\S_f229f6c8.jpg,False,False,train,False
P_c47ad6c6,train,n002812,data/processed/faces\S_5ba07f91.jpg,data/processed/faces\S_824f2b95.jpg,False,False,train,False
P_87590d37,train,n002812,data/processed/faces\S_5ba07f91.jpg,data/processed/faces\S_814e5905.jpg,False,False,train,False
P_92b0c137,train,n002812,data/processed/faces\S_5ba07f91.jpg,data/processed/faces\S_487c6d65.jpg,False,False,train,False
P_79c854db,train,n002812,data/processed/faces\S_5ba07f91.jpg,data/processed/faces\S_a90d1ca9.jpg,False,False,train,False
P_ed308332,train,n002812,data/processed/faces\S_5ba07f91.jpg,data/processed/faces\S_005616c8.jpg,False,False,train,False
P_a39b52ec,train,n002812,data/processed/faces\S_5ba07f91.jpg,data/processed/faces\S_fc0e558c.jpg,False,False,train,False
P_ddce25c5,train,n002812,data/processed/faces\S_5ba07f91.jpg,data/processed/faces\S_381dd6f0.jpg,False,False,train,False
P_3932b63e,train,n002812,data/processed/faces\S_5ba07f91.jpg,data/processed/faces\S_02ec01a7.jpg,False,False,train,False
P_6919ebc4,train,n002812,data/processed/faces\S_5ba07f91.jpg,data/processed/faces\S_f02314f8.jpg,False,False,train,False
P_50912c64,train,n002812,data/processed/faces\S_5ba07f91.jpg,data/processed/faces\S_c4f6a2eb.jpg,False,False,train,False
P_f46ffd8e,train,n002812,data/processed/faces\S_5ba07f91.jpg,data/processed/faces\S_dd7c5082.jpg,False,False,train,False
P_af5140c5,train,n002812,data/processed/faces\S_5ba07f91.jpg,data/processed/faces\S_8e8a6388.jpg,False,False,train,False
P_f6348d30,train,n002812,data/processed/faces\S_5ba07f91.jpg,data/processed/faces\S_b526e22a.jpg,False,False,train,False
P_cec95774,train,n002812,data/processed/faces\S_5ba07f91.jpg,data/processed/faces\S_a1d05107.jpg,False,False,train,False
P_50a8133c,train,n002812,data/processed/faces\S_5ba07f91.jpg,data/processed/faces\S_6f5791f1.jpg,False,False,train,False
P_70cf0814,train,n002812,data/processed/faces\S_5ba07f91.jpg,data/processed/faces\S_b114178d.jpg,False,False,train,False
P_5b7cc38b,train,n002812,data/processed/faces\S_5ba07f91.jpg,data/processed/faces\S_6d186a65.jpg,False,False,train,False
P_94a390fd,train,n002812,data/processed/faces\S_5ba07f91.jpg,data/processed/faces\S_c4d67e5b.jpg,False,False,train,False
P_5772bf5a,train,n002812,data/processed/faces\S_5ba07f91.jpg,data/processed/faces\S_c98880ec.jpg,False,False,train,False
P_daf225fe,train,n002812,data/processed/faces\S_5ba07f91.jpg,data/processed/faces\S_cf5f9f09.jpg,False,False,train,False
P_d769aa3e,train,n002812,data/processed/faces\S_5ba07f91.jpg,data/processed/faces\S_b5a17d87.jpg,False,False,train,False
P_c437af10,train,n002812,data/processed/faces\S_5ba07f91.jpg,data/processed/faces\S_e6c5719c.jpg,False,False,train,False
P_369f60a6,train,n002812,data/processed/faces\S_5ba07f91.jpg,data/processed/faces\S_fa93dd5e.jpg,False,False,train,False
P_22d2b485,train,n002812,data/processed/faces\S_5ba07f91.jpg,data/processed/faces\S_95efc6e9.jpg,False,False,train,False
P_2e63fc64,train,n002812,data/processed/faces\S_5ba07f91.jpg,data/processed/faces\S_0d834ea8.jpg,False,False,train,False
P_87161f13,train,n002812,data/processed/faces\S_5ba07f91.jpg,data/processed/faces\S_cf43726c.jpg,False,False,train,False
P_67cabb5d,train,n002812,data/processed/faces\S_5ba07f91.jpg,data/processed/faces\S_5b756048.jpg,False,False,train,False
P_592b61df,train,n002812,data/processed/faces\S_5ba07f91.jpg,data/processed/faces\S_6a243d9e.jpg,False,False,train,False
P_a0d6a699,train,n002812,data/processed/faces\S_5ba07f91.jpg,data/processed/faces\S_b931438a.jpg,False,False,train,False
P_9a606355,train,n002812,data/processed/faces\S_5ba07f91.jpg,data/processed/faces\S_0b2cc5e7.jpg,False,False,train,False
P_becc4f09,train,n002812,data/processed/faces\S_5ba07f91.jpg,data/processed/faces\S_733f63d7.jpg,False,False,train,False
P_017debc2,train,n002812,data/processed/faces\S_5ba07f91.jpg,data/processed/faces\S_0abf85a1.jpg,False,False,train,False
P_75ea0889,train,n002812,data/processed/faces\S_5ba07f91.jpg,data/processed/faces\S_372a9b24.jpg,False,False,train,False
P_d86b469d,train,n002812,data/processed/faces\S_5ba07f91.jpg,data/processed/faces\S_6812de06.jpg,False,False,train,False
P_de7d291c,train,n002812,data/processed/faces\S_5ba07f91.jpg,data/processed/faces\S_563c7b36.jpg,False,False,train,False
P_8867b6bc,train,n002812,data/processed/faces\S_5ba07f91.jpg,data/processed/faces\S_afdf86a7.jpg,False,False,train,False
P_603137c4,train,n002812,data/processed/faces\S_5ba07f91.jpg,data/processed/faces\S_b37eb739.jpg,False,False,train,False
P_227f3cf4,train,n002812,data/processed/faces\S_5ba07f91.jpg,data/processed/faces\S_65ab9963.jpg,False,False,train,False
P_9f8bd721,train,n002812,data/processed/faces\S_5ba07f91.jpg,data/processed/faces\S_65231dd5.jpg,False,False,train,False
P_fd84f93e,train,n002812,data/processed/faces\S_5ba07f91.jpg,data/processed/faces\S_30805b82.jpg,False,False,train,False
P_669cf6f1,train,n002812,data/processed/faces\S_5ba07f91.jpg,data/processed/faces\S_f807ce4a.jpg,False,False,train,False
P_6a9bdfb8,train,n002812,data/processed/faces\S_5ba07f91.jpg,data/processed/faces\S_8d671e40.jpg,False,False,train,False
P_e79f4178,train,n002812,data/processed/faces\S_5ba07f91.jpg,data/processed/faces\S_36fc7e43.jpg,False,False,train,False
P_8b046701,train,n002812,data/processed/faces\S_5ba07f91.jpg,data/processed/faces\S_09d04234.jpg,False,False,train,False
P_77dcbd3e,train,n002812,data/processed/faces\S_5ba07f91.jpg,data/processed/faces\S_e77b596a.jpg,False,False,train,False
P_238999d7,train,n002812,data/processed/faces\S_5ba07f91.jpg,data/processed/faces\S_ba0a323f.jpg,False,False,train,False
P_72705035,train,n002812,data/processed/faces\S_5ba07f91.jpg,data/processed/faces\S_a0f009d5.jpg,False,False,train,False
P_b74bb593,train,n002812,data/processed/faces\S_5ba07f91.jpg,data/generated/face_swaps\SW_0589a239.jpg,False,False,train,False
P_3c12451f,train,n002812,data/processed/faces\S_5ba07f91.jpg,data/generated/face_swaps\SW_6bf6dd29.jpg,False,False,train,False
P_46e59d21,train,n002812,data/processed/faces\S_5ba07f91.jpg,data/generated/face_swaps\SW_2de0afde.jpg,False,False,train,False
P_14278247,train,n002812,data/processed/faces\S_5ba07f91.jpg,data/generated/face_swaps\SW_602f52db.jpg,False,False,train,False
P_7c316312,train,n002812,data/processed/faces\S_5ba07f91.jpg,data/generated/face_swaps\SW_dddff969.jpg,False,False,train,False
P_d4389653,train,n002812,data/processed/faces\S_5ba07f91.jpg,data/generated/face_swaps\SW_9afab342.jpg,False,False,train,False
P_bfb97f65,train,n002812,data/processed/faces\S_5ba07f91.jpg,data/generated/face_swaps\SW_a8f55b95.jpg,False,False,train,False
P_bc7e4dbb,train,n002812,data/processed/faces\S_5ba07f91.jpg,data/generated/face_swaps\SW_c435bc3f.jpg,False,False,train,False
P_70022361,train,n002812,data/processed/faces\S_5ba07f91.jpg,data/generated/face_swaps\SW_3f12a2c6.jpg,False,False,train,False
P_970dcd88,train,n002812,data/processed/faces\S_5ba07f91.jpg,data/generated/face_swaps\SW_5e3fbc97.jpg,False,False,train,False
P_22010e4c,train,n002836,data/processed/faces\S_6d33aaa7.jpg,data/processed/faces\S_fec8cb36.jpg,False,False,train,False
P_a1974800,train,n002836,data/processed/faces\S_6d33aaa7.jpg,data/processed/faces\S_a9a6c4db.jpg,False,False,train,False
P_179c810b,train,n002836,data/processed/faces\S_6d33aaa7.jpg,data/processed/faces\S_7520ea45.jpg,False,False,train,False
P_ed1d43ae,train,n002836,data/processed/faces\S_6d33aaa7.jpg,data/processed/faces\S_18907754.jpg,False,False,train,False
P_e521d3f1,train,n002836,data/processed/faces\S_6d33aaa7.jpg,data/processed/faces\S_739dde4f.jpg,False,False,train,False
P_ba904352,train,n002836,data/processed/faces\S_6d33aaa7.jpg,data/processed/faces\S_0031ccd8.jpg,False,False,train,False
P_2d0fdf60,train,n002836,data/processed/faces\S_6d33aaa7.jpg,data/processed/faces\S_182d6651.jpg,False,False,train,False
P_ab7326c7,train,n002836,data/processed/faces\S_6d33aaa7.jpg,data/processed/faces\S_f691cafc.jpg,False,False,train,False
P_fc6a819d,train,n002836,data/processed/faces\S_6d33aaa7.jpg,data/processed/faces\S_49dba932.jpg,False,False,train,False
P_4b959f8a,train,n002836,data/processed/faces\S_6d33aaa7.jpg,data/processed/faces\S_6d911950.jpg,False,False,train,False
P_a1c826aa,train,n002836,data/processed/faces\S_6d33aaa7.jpg,data/processed/faces\S_1eb0af0c.jpg,False,False,train,False
P_c18a1ba3,train,n002836,data/processed/faces\S_6d33aaa7.jpg,data/processed/faces\S_7658646a.jpg,False,False,train,False
P_3642484c,train,n002836,data/processed/faces\S_6d33aaa7.jpg,data/processed/faces\S_62796f8b.jpg,False,False,train,False
P_1e660f1d,train,n002836,data/processed/faces\S_6d33aaa7.jpg,data/processed/faces\S_70e579cb.jpg,False,False,train,False
P_aa92313f,train,n002836,data/processed/faces\S_6d33aaa7.jpg,data/processed/faces\S_e6a75b14.jpg,False,False,train,False
P_f94a39d7,train,n002836,data/processed/faces\S_6d33aaa7.jpg,data/processed/faces\S_57dedfff.jpg,False,False,train,False
P_5eaabddc,train,n002836,data/processed/faces\S_6d33aaa7.jpg,data/processed/faces\S_76a2d938.jpg,False,False,train,False
P_76aa69f5,train,n002836,data/processed/faces\S_6d33aaa7.jpg,data/processed/faces\S_70e40c5a.jpg,False,False,train,False
P_805d0a5d,train,n002836,data/processed/faces\S_6d33aaa7.jpg,data/processed/faces\S_6a243d9e.jpg,False,False,train,False
P_7c8fd20c,train,n002836,data/processed/faces\S_6d33aaa7.jpg,data/processed/faces\S_7d0b10cd.jpg,False,False,train,False
P_22a79360,train,n002836,data/processed/faces\S_6d33aaa7.jpg,data/processed/faces\S_0a7f82b4.jpg,False,False,train,False
P_83c702fb,train,n002836,data/processed/faces\S_6d33aaa7.jpg,data/processed/faces\S_6d64016a.jpg,False,False,train,False
P_ad1b5435,train,n002836,data/processed/faces\S_6d33aaa7.jpg,data/processed/faces\S_ec849782.jpg,False,False,train,False
P_364b4cb6,train,n002836,data/processed/faces\S_6d33aaa7.jpg,data/processed/faces\S_9e05b165.jpg,False,False,train,False
P_8b441e33,train,n002836,data/processed/faces\S_6d33aaa7.jpg,data/processed/faces\S_bb880f8a.jpg,False,False,train,False
P_e8ea7a6c,train,n002836,data/processed/faces\S_6d33aaa7.jpg,data/processed/faces\S_1a89a899.jpg,False,False,train,False
P_e15a2c13,train,n002836,data/processed/faces\S_6d33aaa7.jpg,data/processed/faces\S_6076426d.jpg,False,False,train,False
P_8c729bf4,train,n002836,data/processed/faces\S_6d33aaa7.jpg,data/processed/faces\S_df3828ad.jpg,False,False,train,False
P_935df985,train,n002836,data/processed/faces\S_6d33aaa7.jpg,data/processed/faces\S_836bfa3b.jpg,False,False,train,False
P_b4eb69c4,train,n002836,data/processed/faces\S_6d33aaa7.jpg,data/processed/faces\S_9e5a854d.jpg,False,False,train,False
P_a0810642,train,n002836,data/processed/faces\S_6d33aaa7.jpg,data/processed/faces\S_d7059a2f.jpg,False,False,train,False
P_c6cf8949,train,n002836,data/processed/faces\S_6d33aaa7.jpg,data/processed/faces\S_5dca20a1.jpg,False,False,train,False
P_a8e41361,train,n002836,data/processed/faces\S_6d33aaa7.jpg,data/processed/faces\S_a0189c98.jpg,False,False,train,False
P_89913c7f,train,n002836,data/processed/faces\S_6d33aaa7.jpg,data/processed/faces\S_c616ca58.jpg,False,False,train,False
P_9428b915,train,n002836,data/processed/faces\S_6d33aaa7.jpg,data/processed/faces\S_4e6fcfec.jpg,False,False,train,False
P_900bcc40,train,n002836,data/processed/faces\S_6d33aaa7.jpg,data/processed/faces\S_8bb8a81a.jpg,False,False,train,False
P_248bf033,train,n002836,data/processed/faces\S_6d33aaa7.jpg,data/processed/faces\S_627b49d5.jpg,False,False,train,False
P_f2431f37,train,n002836,data/processed/faces\S_6d33aaa7.jpg,data/processed/faces\S_d1927593.jpg,False,False,train,False
P_27b69606,train,n002836,data/processed/faces\S_6d33aaa7.jpg,data/processed/faces\S_202a149a.jpg,False,False,train,False
P_acd88e5d,train,n002836,data/processed/faces\S_6d33aaa7.jpg,data/processed/faces\S_38285125.jpg,False,False,train,False
P_17c8f1fd,train,n002836,data/processed/faces\S_6d33aaa7.jpg,data/processed/faces\S_915d66a1.jpg,False,False,train,False
P_6a3bdc30,train,n002836,data/processed/faces\S_6d33aaa7.jpg,data/processed/faces\S_5265f95c.jpg,False,False,train,False
P_de44d388,train,n002836,data/processed/faces\S_6d33aaa7.jpg,data/processed/faces\S_334df9e7.jpg,False,False,train,False
P_8bae660d,train,n002836,data/processed/faces\S_6d33aaa7.jpg,data/processed/faces\S_9ab647a6.jpg,False,False,train,False
P_6399064f,train,n002836,data/processed/faces\S_6d33aaa7.jpg,data/processed/faces\S_e0382f41.jpg,False,False,train,False
P_491b1c3d,train,n002836,data/processed/faces\S_6d33aaa7.jpg,data/processed/faces\S_a6d2b9fd.jpg,False,False,train,False
P_38c61cb5,train,n002836,data/processed/faces\S_6d33aaa7.jpg,data/processed/faces\S_a3685065.jpg,False,False,train,False
P_d695b0cf,train,n002836,data/processed/faces\S_6d33aaa7.jpg,data/processed/faces\S_3eb37d3a.jpg,False,False,train,False
P_3830ed36,train,n002836,data/processed/faces\S_6d33aaa7.jpg,data/processed/faces\S_381dd6f0.jpg,False,False,train,False
P_c473e0b4,train,n002836,data/processed/faces\S_6d33aaa7.jpg,data/processed/faces\S_1992383a.jpg,False,False,train,False
P_757918fb,train,n002836,data/processed/faces\S_6d33aaa7.jpg,data/processed/faces\S_78f2002e.jpg,False,False,train,False
P_9f64bc74,train,n002836,data/processed/faces\S_6d33aaa7.jpg,data/processed/faces\S_edff7bd9.jpg,False,False,train,False
P_2723b3c9,train,n002836,data/processed/faces\S_6d33aaa7.jpg,data/processed/faces\S_07065169.jpg,False,False,train,False
P_26493ea5,train,n002836,data/processed/faces\S_6d33aaa7.jpg,data/processed/faces\S_43a97176.jpg,False,False,train,False
P_c97ac4b8,train,n002836,data/processed/faces\S_6d33aaa7.jpg,data/processed/faces\S_16320958.jpg,False,False,train,False
P_8b6d43dc,train,n002836,data/processed/faces\S_6d33aaa7.jpg,data/processed/faces\S_6abcbd76.jpg,False,False,train,False
P_05ebd535,train,n002836,data/processed/faces\S_6d33aaa7.jpg,data/processed/faces\S_da811f59.jpg,False,False,train,False
P_d91b14a7,train,n002836,data/processed/faces\S_6d33aaa7.jpg,data/processed/faces\S_54250c73.jpg,False,False,train,False
P_b25984d7,train,n002836,data/processed/faces\S_6d33aaa7.jpg,data/processed/faces\S_73df2648.jpg,False,False,train,False
P_e3fe6024,train,n002836,data/processed/faces\S_6d33aaa7.jpg,data/processed/faces\S_0f53b076.jpg,False,False,train,False
P_e8f90f69,train,n002836,data/processed/faces\S_6d33aaa7.jpg,data/processed/faces\S_4a70e87d.jpg,False,False,train,False
P_aee036c8,train,n002836,data/processed/faces\S_6d33aaa7.jpg,data/processed/faces\S_d9018db9.jpg,False,False,train,False
P_2368c124,train,n002836,data/processed/faces\S_6d33aaa7.jpg,data/processed/faces\S_3e5f4bdd.jpg,False,False,train,False
P_238919d2,train,n002836,data/processed/faces\S_6d33aaa7.jpg,data/processed/faces\S_3c8af2c1.jpg,False,False,train,False
P_64d2ac0a,train,n002836,data/processed/faces\S_6d33aaa7.jpg,data/processed/faces\S_a238f075.jpg,False,False,train,False
P_06069221,train,n002836,data/processed/faces\S_6d33aaa7.jpg,data/processed/faces\S_4d481d50.jpg,False,False,train,False
P_9ad64246,train,n002836,data/processed/faces\S_6d33aaa7.jpg,data/processed/faces\S_ec2e3bff.jpg,False,False,train,False
P_1e8aaa57,train,n002836,data/processed/faces\S_6d33aaa7.jpg,data/processed/faces\S_9e286805.jpg,False,False,train,False
P_e73a25b8,train,n002836,data/processed/faces\S_6d33aaa7.jpg,data/generated/face_swaps\SW_ffe006ed.jpg,False,False,train,False
P_c72d4d06,train,n002836,data/processed/faces\S_6d33aaa7.jpg,data/generated/face_swaps\SW_6c9d7839.jpg,False,False,train,False
P_97e868c8,train,n002836,data/processed/faces\S_6d33aaa7.jpg,data/generated/face_swaps\SW_469b99e2.jpg,False,False,train,False
P_17e08c88,train,n002836,data/processed/faces\S_6d33aaa7.jpg,data/generated/face_swaps\SW_ab070a1b.jpg,False,False,train,False
P_0148cf04,train,n002836,data/processed/faces\S_6d33aaa7.jpg,data/generated/face_swaps\SW_c71ae552.jpg,False,False,train,False
P_a2c65137,train,n002836,data/processed/faces\S_6d33aaa7.jpg,data/generated/face_swaps\SW_3b5c2a6b.jpg,False,False,train,False
P_685a0b90,train,n002836,data/processed/faces\S_6d33aaa7.jpg,data/generated/face_swaps\SW_41df0e5f.jpg,False,False,train,False
P_b81270ac,train,n002836,data/processed/faces\S_6d33aaa7.jpg,data/generated/face_swaps\SW_471ee886.jpg,False,False,train,False
P_da19f3f5,train,n002836,data/processed/faces\S_6d33aaa7.jpg,data/generated/face_swaps\SW_d97cdbfd.jpg,False,False,train,False
P_2d57657c,train,n002836,data/processed/faces\S_6d33aaa7.jpg,data/generated/face_swaps\SW_860592dc.jpg,False,False,train,False
P_ceae754a,train,n002956,data/processed/faces\S_52b6f6b2.jpg,data/processed/faces\S_a57541bf.jpg,False,False,train,False
P_0342697c,train,n002956,data/processed/faces\S_52b6f6b2.jpg,data/processed/faces\S_062b7f41.jpg,False,False,train,False
P_ff1bee3a,train,n002956,data/processed/faces\S_52b6f6b2.jpg,data/processed/faces\S_90aebd06.jpg,False,False,train,False
P_a3091e16,train,n002956,data/processed/faces\S_52b6f6b2.jpg,data/processed/faces\S_496186f2.jpg,False,False,train,False
P_a1edc5f1,train,n002956,data/processed/faces\S_52b6f6b2.jpg,data/processed/faces\S_c3502c90.jpg,False,False,train,False
P_bfeb18ad,train,n002956,data/processed/faces\S_52b6f6b2.jpg,data/processed/faces\S_c416ec88.jpg,False,False,train,False
P_8e94ff15,train,n002956,data/processed/faces\S_52b6f6b2.jpg,data/processed/faces\S_5010880d.jpg,False,False,train,False
P_758d52cb,train,n002956,data/processed/faces\S_52b6f6b2.jpg,data/processed/faces\S_4751ac76.jpg,False,False,train,False
P_29f132a5,train,n002956,data/processed/faces\S_52b6f6b2.jpg,data/processed/faces\S_525751b9.jpg,False,False,train,False
P_69150d50,train,n002956,data/processed/faces\S_52b6f6b2.jpg,data/processed/faces\S_b69a3c29.jpg,False,False,train,False
P_b99710de,train,n002956,data/processed/faces\S_52b6f6b2.jpg,data/processed/faces\S_7ec93dc0.jpg,False,False,train,False
P_ca700154,train,n002956,data/processed/faces\S_52b6f6b2.jpg,data/processed/faces\S_71cd2cb1.jpg,False,False,train,False
P_de023ab1,train,n002956,data/processed/faces\S_52b6f6b2.jpg,data/processed/faces\S_8e2b0be0.jpg,False,False,train,False
P_f8de2951,train,n002956,data/processed/faces\S_52b6f6b2.jpg,data/processed/faces\S_b931438a.jpg,False,False,train,False
P_ef78a6e6,train,n002956,data/processed/faces\S_52b6f6b2.jpg,data/processed/faces\S_c91f622f.jpg,False,False,train,False
P_7f3d51ed,train,n002956,data/processed/faces\S_52b6f6b2.jpg,data/processed/faces\S_589ee372.jpg,False,False,train,False
P_fd395611,train,n002956,data/processed/faces\S_52b6f6b2.jpg,data/processed/faces\S_94eb13eb.jpg,False,False,train,False
P_25eaa68c,train,n002956,data/processed/faces\S_52b6f6b2.jpg,data/processed/faces\S_410e5179.jpg,False,False,train,False
P_d86d44bd,train,n002956,data/processed/faces\S_52b6f6b2.jpg,data/processed/faces\S_7eb11fc7.jpg,False,False,train,False
P_33fca1e1,train,n002956,data/processed/faces\S_52b6f6b2.jpg,data/processed/faces\S_6d89315f.jpg,False,False,train,False
P_97875009,train,n002956,data/processed/faces\S_52b6f6b2.jpg,data/processed/faces\S_45dd63c9.jpg,False,False,train,False
P_5f773e02,train,n002956,data/processed/faces\S_52b6f6b2.jpg,data/processed/faces\S_8dbacd41.jpg,False,False,train,False
P_6ff2e8a6,train,n002956,data/processed/faces\S_52b6f6b2.jpg,data/processed/faces\S_9d4db5da.jpg,False,False,train,False
P_4662712e,train,n002956,data/processed/faces\S_52b6f6b2.jpg,data/processed/faces\S_133b5108.jpg,False,False,train,False
P_49b4c0fd,train,n002956,data/processed/faces\S_52b6f6b2.jpg,data/processed/faces\S_97abfaee.jpg,False,False,train,False
P_708d6e88,train,n002956,data/processed/faces\S_52b6f6b2.jpg,data/processed/faces\S_1e8431b2.jpg,False,False,train,False
P_1db6f526,train,n002956,data/processed/faces\S_52b6f6b2.jpg,data/processed/faces\S_8cf15c14.jpg,False,False,train,False
P_e63b6485,train,n002956,data/processed/faces\S_52b6f6b2.jpg,data/processed/faces\S_9930f5d0.jpg,False,False,train,False
P_52fc8cb1,train,n002956,data/processed/faces\S_52b6f6b2.jpg,data/processed/faces\S_6e6e3190.jpg,False,False,train,False
P_69df4c9b,train,n002956,data/processed/faces\S_52b6f6b2.jpg,data/processed/faces\S_cf96f297.jpg,False,False,train,False
P_3844647b,train,n002956,data/processed/faces\S_52b6f6b2.jpg,data/processed/faces\S_76d64054.jpg,False,False,train,False
P_9d12d2c7,train,n002956,data/processed/faces\S_52b6f6b2.jpg,data/processed/faces\S_9afbb698.jpg,False,False,train,False
P_f8ad1f8f,train,n002956,data/processed/faces\S_52b6f6b2.jpg,data/processed/faces\S_2d0005cc.jpg,False,False,train,False
P_b78e4802,train,n002956,data/processed/faces\S_52b6f6b2.jpg,data/processed/faces\S_7a28c992.jpg,False,False,train,False
P_b9ec2e82,train,n002956,data/processed/faces\S_52b6f6b2.jpg,data/processed/faces\S_680d310b.jpg,False,False,train,False
P_ab2270ff,train,n002956,data/processed/faces\S_52b6f6b2.jpg,data/processed/faces\S_c0f830ac.jpg,False,False,train,False
P_8913110e,train,n002956,data/processed/faces\S_52b6f6b2.jpg,data/processed/faces\S_bfe38deb.jpg,False,False,train,False
P_f16c6c5f,train,n002956,data/processed/faces\S_52b6f6b2.jpg,data/processed/faces\S_1992383a.jpg,False,False,train,False
P_bbc707dd,train,n002956,data/processed/faces\S_52b6f6b2.jpg,data/processed/faces\S_5c65026c.jpg,False,False,train,False
P_7886b9e2,train,n002956,data/processed/faces\S_52b6f6b2.jpg,data/processed/faces\S_de32257c.jpg,False,False,train,False
P_cac53ec2,train,n002956,data/processed/faces\S_52b6f6b2.jpg,data/processed/faces\S_32f1dc01.jpg,False,False,train,False
P_8753c8be,train,n002956,data/processed/faces\S_52b6f6b2.jpg,data/processed/faces\S_c81869c5.jpg,False,False,train,False
P_408f6f30,train,n002956,data/processed/faces\S_52b6f6b2.jpg,data/processed/faces\S_43d9df86.jpg,False,False,train,False
P_adf24ad8,train,n002956,data/processed/faces\S_52b6f6b2.jpg,data/processed/faces\S_82067637.jpg,False,False,train,False
P_5750ba00,train,n002956,data/processed/faces\S_52b6f6b2.jpg,data/processed/faces\S_619145d4.jpg,False,False,train,False
P_497412c5,train,n002956,data/processed/faces\S_52b6f6b2.jpg,data/processed/faces\S_501f5350.jpg,False,False,train,False
P_f7bd4be5,train,n002956,data/processed/faces\S_52b6f6b2.jpg,data/processed/faces\S_1b0f2ed2.jpg,False,False,train,False
P_e894ffd3,train,n002956,data/processed/faces\S_52b6f6b2.jpg,data/processed/faces\S_f87ebf1f.jpg,False,False,train,False
P_b990eba4,train,n002956,data/processed/faces\S_52b6f6b2.jpg,data/processed/faces\S_a90d1ca9.jpg,False,False,train,False
P_94cc455b,train,n002956,data/processed/faces\S_52b6f6b2.jpg,data/processed/faces\S_6a243d9e.jpg,False,False,train,False
P_63775abc,train,n002956,data/processed/faces\S_52b6f6b2.jpg,data/processed/faces\S_d998027e.jpg,False,False,train,False
P_2e2d14fd,train,n002956,data/processed/faces\S_52b6f6b2.jpg,data/processed/faces\S_aa4bcccb.jpg,False,False,train,False
P_7452a748,train,n002956,data/processed/faces\S_52b6f6b2.jpg,data/processed/faces\S_0abf85a1.jpg,False,False,train,False
P_a26afc64,train,n002956,data/processed/faces\S_52b6f6b2.jpg,data/processed/faces\S_0f6ade4f.jpg,False,False,train,False
P_4eea3e12,train,n002956,data/processed/faces\S_52b6f6b2.jpg,data/processed/faces\S_f3c6cf63.jpg,False,False,train,False
P_83b65878,train,n002956,data/processed/faces\S_52b6f6b2.jpg,data/processed/faces\S_a1914430.jpg,False,False,train,False
P_6dd392a0,train,n002956,data/processed/faces\S_52b6f6b2.jpg,data/processed/faces\S_b87e6a5f.jpg,False,False,train,False
P_fb7e84a1,train,n002956,data/processed/faces\S_52b6f6b2.jpg,data/processed/faces\S_a98d8d2d.jpg,False,False,train,False
P_0a112314,train,n002956,data/processed/faces\S_52b6f6b2.jpg,data/processed/faces\S_d77b6cdc.jpg,False,False,train,False
P_46739ccb,train,n002956,data/processed/faces\S_52b6f6b2.jpg,data/processed/faces\S_0f53b076.jpg,False,False,train,False
P_a2bf93da,train,n002956,data/processed/faces\S_52b6f6b2.jpg,data/processed/faces\S_1e79ad08.jpg,False,False,train,False
P_61d1a59d,train,n002956,data/processed/faces\S_52b6f6b2.jpg,data/processed/faces\S_675e0b0f.jpg,False,False,train,False
P_7eca04bd,train,n002956,data/processed/faces\S_52b6f6b2.jpg,data/processed/faces\S_2d0f4ac0.jpg,False,False,train,False
P_be733029,train,n002956,data/processed/faces\S_52b6f6b2.jpg,data/processed/faces\S_ae093eb4.jpg,False,False,train,False
P_bd9f805f,train,n002956,data/processed/faces\S_52b6f6b2.jpg,data/processed/faces\S_8a2145e0.jpg,False,False,train,False
P_69a5a459,train,n002956,data/processed/faces\S_52b6f6b2.jpg,data/processed/faces\S_0b355319.jpg,False,False,train,False
P_de9bc145,train,n002956,data/processed/faces\S_52b6f6b2.jpg,data/processed/faces\S_4fa666eb.jpg,False,False,train,False
P_607af999,train,n002956,data/processed/faces\S_52b6f6b2.jpg,data/processed/faces\S_76424a39.jpg,False,False,train,False
P_8e234481,train,n002956,data/processed/faces\S_52b6f6b2.jpg,data/generated/face_swaps\SW_034bb504.jpg,False,False,train,False
P_9c90d555,train,n002956,data/processed/faces\S_52b6f6b2.jpg,data/generated/face_swaps\SW_8dfffb82.jpg,False,False,train,False
P_2741e964,train,n002956,data/processed/faces\S_52b6f6b2.jpg,data/generated/face_swaps\SW_53ffaf9d.jpg,False,False,train,False
P_ebbda9b2,train,n002956,data/processed/faces\S_52b6f6b2.jpg,data/generated/face_swaps\SW_be7ca43b.jpg,False,False,train,False
P_677ac6db,train,n002956,data/processed/faces\S_52b6f6b2.jpg,data/generated/face_swaps\SW_62f7df0d.jpg,False,False,train,False
P_ef168570,train,n002956,data/processed/faces\S_52b6f6b2.jpg,data/generated/face_swaps\SW_0daf2de0.jpg,False,False,train,False
P_5f6c2c82,train,n002956,data/processed/faces\S_52b6f6b2.jpg,data/generated/face_swaps\SW_9be5ca05.jpg,False,False,train,False
P_3d43a19e,train,n002956,data/processed/faces\S_52b6f6b2.jpg,data/generated/face_swaps\SW_d1304abf.jpg,False,False,train,False
P_d68d8a9a,train,n002956,data/processed/faces\S_52b6f6b2.jpg,data/generated/face_swaps\SW_eaec1b99.jpg,False,False,train,False
P_3b66e2df,train,n002956,data/processed/faces\S_52b6f6b2.jpg,data/generated/face_swaps\SW_cde7da9d.jpg,False,False,train,False
P_f8217ca9,train,n003268,data/processed/faces\S_6e77ee72.jpg,data/processed/faces\S_650153ef.jpg,False,False,train,False
P_58803565,train,n003268,data/processed/faces\S_6e77ee72.jpg,data/processed/faces\S_8e7ca319.jpg,False,False,train,False
P_924be5dd,train,n003268,data/processed/faces\S_6e77ee72.jpg,data/processed/faces\S_8d417382.jpg,False,False,train,False
P_59b41ec8,train,n003268,data/processed/faces\S_6e77ee72.jpg,data/processed/faces\S_0b2cc5e7.jpg,False,False,train,False
P_a34a62a5,train,n003268,data/processed/faces\S_6e77ee72.jpg,data/processed/faces\S_8fac43b6.jpg,False,False,train,False
P_723947ab,train,n003268,data/processed/faces\S_6e77ee72.jpg,data/processed/faces\S_2522837c.jpg,False,False,train,False
P_e28b1bd3,train,n003268,data/processed/faces\S_6e77ee72.jpg,data/processed/faces\S_9d9fe95b.jpg,False,False,train,False
P_71eda02e,train,n003268,data/processed/faces\S_6e77ee72.jpg,data/processed/faces\S_64accbf1.jpg,False,False,train,False
P_616d4f38,train,n003268,data/processed/faces\S_6e77ee72.jpg,data/processed/faces\S_e0a0466e.jpg,False,False,train,False
P_8f9d21a2,train,n003268,data/processed/faces\S_6e77ee72.jpg,data/processed/faces\S_cc40ded4.jpg,False,False,train,False
P_65968868,train,n003268,data/processed/faces\S_6e77ee72.jpg,data/processed/faces\S_d998027e.jpg,False,False,train,False
P_2710fe7f,train,n003268,data/processed/faces\S_6e77ee72.jpg,data/processed/faces\S_dd589645.jpg,False,False,train,False
P_8681a4c9,train,n003268,data/processed/faces\S_6e77ee72.jpg,data/processed/faces\S_538315b0.jpg,False,False,train,False
P_91635f00,train,n003268,data/processed/faces\S_6e77ee72.jpg,data/processed/faces\S_9e2b2c9d.jpg,False,False,train,False
P_dd6216bd,train,n003268,data/processed/faces\S_6e77ee72.jpg,data/processed/faces\S_cc53af4d.jpg,False,False,train,False
P_3f2e2a36,train,n003268,data/processed/faces\S_6e77ee72.jpg,data/processed/faces\S_f0ba58c7.jpg,False,False,train,False
P_6222901e,train,n003268,data/processed/faces\S_6e77ee72.jpg,data/processed/faces\S_34230ff1.jpg,False,False,train,False
P_205dc149,train,n003268,data/processed/faces\S_6e77ee72.jpg,data/processed/faces\S_606b7a44.jpg,False,False,train,False
P_a98e464e,train,n003268,data/processed/faces\S_6e77ee72.jpg,data/processed/faces\S_98365b9f.jpg,False,False,train,False
P_40cd5265,train,n003268,data/processed/faces\S_6e77ee72.jpg,data/processed/faces\S_b9429b35.jpg,False,False,train,False
P_f0bbc832,train,n003268,data/processed/faces\S_6e77ee72.jpg,data/processed/faces\S_787fc461.jpg,False,False,train,False
P_ce78746a,train,n003268,data/processed/faces\S_6e77ee72.jpg,data/processed/faces\S_d5a11e33.jpg,False,False,train,False
P_49b157d9,train,n003268,data/processed/faces\S_6e77ee72.jpg,data/processed/faces\S_ccf00454.jpg,False,False,train,False
P_c0c4a547,train,n003268,data/processed/faces\S_6e77ee72.jpg,data/processed/faces\S_76f8a668.jpg,False,False,train,False
P_4933da37,train,n003268,data/processed/faces\S_6e77ee72.jpg,data/processed/faces\S_e7952d5c.jpg,False,False,train,False
P_0c15bb32,train,n003268,data/processed/faces\S_6e77ee72.jpg,data/processed/faces\S_527fed5c.jpg,False,False,train,False
P_7db26ef8,train,n003268,data/processed/faces\S_6e77ee72.jpg,data/processed/faces\S_15c0e5d7.jpg,False,False,train,False
P_cab25a15,train,n003268,data/processed/faces\S_6e77ee72.jpg,data/processed/faces\S_b0ba6d3c.jpg,False,False,train,False
P_934319de,train,n003268,data/processed/faces\S_6e77ee72.jpg,data/processed/faces\S_68ff3edf.jpg,False,False,train,False
P_d80ca054,train,n003268,data/processed/faces\S_6e77ee72.jpg,data/processed/faces\S_d09e97ac.jpg,False,False,train,False
P_1f465965,train,n003268,data/processed/faces\S_6e77ee72.jpg,data/processed/faces\S_c1b6c7dd.jpg,False,False,train,False
P_8879f933,train,n003268,data/processed/faces\S_6e77ee72.jpg,data/processed/faces\S_17986b30.jpg,False,False,train,False
P_aaab5908,train,n003268,data/processed/faces\S_6e77ee72.jpg,data/processed/faces\S_c0c94139.jpg,False,False,train,False
P_70ccf4ae,train,n003268,data/processed/faces\S_6e77ee72.jpg,data/processed/faces\S_4b4aa271.jpg,False,False,train,False
P_018d71fe,train,n003268,data/processed/faces\S_6e77ee72.jpg,data/processed/faces\S_1ecf22b6.jpg,False,False,train,False
P_ea85ed49,train,n003268,data/processed/faces\S_6e77ee72.jpg,data/processed/faces\S_39653250.jpg,False,False,train,False
P_0fe80b6f,train,n003268,data/processed/faces\S_6e77ee72.jpg,data/processed/faces\S_78f2002e.jpg,False,False,train,False
P_55462e75,train,n003268,data/processed/faces\S_6e77ee72.jpg,data/processed/faces\S_4222d326.jpg,False,False,train,False
P_d93af5b7,train,n003268,data/processed/faces\S_6e77ee72.jpg,data/processed/faces\S_beda5cfd.jpg,False,False,train,False
P_a75c7814,train,n003268,data/processed/faces\S_6e77ee72.jpg,data/processed/faces\S_8c138616.jpg,False,False,train,False
P_44710429,train,n003268,data/processed/faces\S_6e77ee72.jpg,data/processed/faces\S_43ea10cc.jpg,False,False,train,False
P_0f1bdfdc,train,n003268,data/processed/faces\S_6e77ee72.jpg,data/processed/faces\S_43d9df86.jpg,False,False,train,False
P_b9a07074,train,n003268,data/processed/faces\S_6e77ee72.jpg,data/processed/faces\S_3688bd99.jpg,False,False,train,False
P_4530b091,train,n003268,data/processed/faces\S_6e77ee72.jpg,data/processed/faces\S_99a513de.jpg,False,False,train,False
P_87481fbb,train,n003268,data/processed/faces\S_6e77ee72.jpg,data/processed/faces\S_526417d5.jpg,False,False,train,False
P_14f9a156,train,n003268,data/processed/faces\S_6e77ee72.jpg,data/processed/faces\S_93dba819.jpg,False,False,train,False
P_560fc065,train,n003268,data/processed/faces\S_6e77ee72.jpg,data/processed/faces\S_84da2c15.jpg,False,False,train,False
P_91ed7b85,train,n003268,data/processed/faces\S_6e77ee72.jpg,data/processed/faces\S_ff37c6ea.jpg,False,False,train,False
P_e0ade727,train,n003268,data/processed/faces\S_6e77ee72.jpg,data/processed/faces\S_7520ea45.jpg,False,False,train,False
P_af624103,train,n003268,data/processed/faces\S_6e77ee72.jpg,data/processed/faces\S_a57541bf.jpg,False,False,train,False
P_e0961222,train,n003268,data/processed/faces\S_6e77ee72.jpg,data/processed/faces\S_5be62cb7.jpg,False,False,train,False
P_e23a61e8,train,n003268,data/processed/faces\S_6e77ee72.jpg,data/processed/faces\S_bd421d50.jpg,False,False,train,False
P_03b503b9,train,n003268,data/processed/faces\S_6e77ee72.jpg,data/processed/faces\S_43a97176.jpg,False,False,train,False
P_b35f1260,train,n003268,data/processed/faces\S_6e77ee72.jpg,data/processed/faces\S_dffa7a18.jpg,False,False,train,False
P_6580d792,train,n003268,data/processed/faces\S_6e77ee72.jpg,data/processed/faces\S_4997bb04.jpg,False,False,train,False
P_4c7b7c25,train,n003268,data/processed/faces\S_6e77ee72.jpg,data/processed/faces\S_b87e6a5f.jpg,False,False,train,False
P_fbe906c8,train,n003268,data/processed/faces\S_6e77ee72.jpg,data/processed/faces\S_2073fc1f.jpg,False,False,train,False
P_64e47488,train,n003268,data/processed/faces\S_6e77ee72.jpg,data/processed/faces\S_f8ac9c99.jpg,False,False,train,False
P_0bf6e3ce,train,n003268,data/processed/faces\S_6e77ee72.jpg,data/processed/faces\S_4546f4d6.jpg,False,False,train,False
P_69285818,train,n003268,data/processed/faces\S_6e77ee72.jpg,data/processed/faces\S_e16db759.jpg,False,False,train,False
P_c4357b65,train,n003268,data/processed/faces\S_6e77ee72.jpg,data/processed/faces\S_ac1e4a7d.jpg,False,False,train,False
P_0dc3842c,train,n003268,data/processed/faces\S_6e77ee72.jpg,data/processed/faces\S_8e7359ce.jpg,False,False,train,False
P_4d925a49,train,n003268,data/processed/faces\S_6e77ee72.jpg,data/processed/faces\S_c94f7ed5.jpg,False,False,train,False
P_ec3a03c5,train,n003268,data/processed/faces\S_6e77ee72.jpg,data/processed/faces\S_ea3f9289.jpg,False,False,train,False
P_35659ae9,train,n003268,data/processed/faces\S_6e77ee72.jpg,data/processed/faces\S_cfa31f3c.jpg,False,False,train,False
P_5e41fddd,train,n003268,data/processed/faces\S_6e77ee72.jpg,data/processed/faces\S_29485f2b.jpg,False,False,train,False
P_b99f7105,train,n003268,data/processed/faces\S_6e77ee72.jpg,data/processed/faces\S_b1915f12.jpg,False,False,train,False
P_a08b6879,train,n003268,data/processed/faces\S_6e77ee72.jpg,data/generated/face_swaps\SW_ef5f196d.jpg,False,False,train,False
P_ab669a5c,train,n003268,data/processed/faces\S_6e77ee72.jpg,data/generated/face_swaps\SW_94cca3ae.jpg,False,False,train,False
P_26991d44,train,n003268,data/processed/faces\S_6e77ee72.jpg,data/generated/face_swaps\SW_4c3432ce.jpg,False,False,train,False
P_44017e9a,train,n003268,data/processed/faces\S_6e77ee72.jpg,data/generated/face_swaps\SW_8c8633af.jpg,False,False,train,False
P_868a1820,train,n003268,data/processed/faces\S_6e77ee72.jpg,data/generated/face_swaps\SW_4a3183d9.jpg,False,False,train,False
P_4e2f7893,train,n003268,data/processed/faces\S_6e77ee72.jpg,data/generated/face_swaps\SW_3c110147.jpg,False,False,train,False
P_2044e6ad,train,n003268,data/processed/faces\S_6e77ee72.jpg,data/generated/face_swaps\SW_0984ae06.jpg,False,False,train,False
P_91e56f87,train,n003268,data/processed/faces\S_6e77ee72.jpg,data/generated/face_swaps\SW_6501dd4b.jpg,False,False,train,False
P_f4b96832,train,n003268,data/processed/faces\S_6e77ee72.jpg,data/generated/face_swaps\SW_2978f9c4.jpg,False,False,train,False
P_b3ec1271,train,n003268,data/processed/faces\S_6e77ee72.jpg,data/generated/face_swaps\SW_6d2226b6.jpg,False,False,train,False
P_30402d25,train,n003323,data/processed/faces\S_78f8368c.jpg,data/processed/faces\S_7a3a4d72.jpg,False,False,train,False
P_e1c679ce,train,n003323,data/processed/faces\S_78f8368c.jpg,data/processed/faces\S_ca6ac1a0.jpg,False,False,train,False
P_1474799b,train,n003323,data/processed/faces\S_78f8368c.jpg,data/processed/faces\S_6b9a93bb.jpg,False,False,train,False
P_7f50ae12,train,n003323,data/processed/faces\S_78f8368c.jpg,data/processed/faces\S_fa166ef1.jpg,False,False,train,False
P_4935cf2c,train,n003323,data/processed/faces\S_78f8368c.jpg,data/processed/faces\S_b9d387ca.jpg,False,False,train,False
P_e71980bc,train,n003323,data/processed/faces\S_78f8368c.jpg,data/processed/faces\S_a39cbdcc.jpg,False,False,train,False
P_d0cbdbd8,train,n003323,data/processed/faces\S_78f8368c.jpg,data/processed/faces\S_2983deb6.jpg,False,False,train,False
P_39885ca1,train,n003323,data/processed/faces\S_78f8368c.jpg,data/processed/faces\S_dad9510b.jpg,False,False,train,False
P_0fa0b3e8,train,n003323,data/processed/faces\S_78f8368c.jpg,data/processed/faces\S_95c32304.jpg,False,False,train,False
P_4c382cc4,train,n003323,data/processed/faces\S_78f8368c.jpg,data/processed/faces\S_2abe011e.jpg,False,False,train,False
P_bbadee50,train,n003323,data/processed/faces\S_78f8368c.jpg,data/processed/faces\S_8d71b2a3.jpg,False,False,train,False
P_dc68b06f,train,n003323,data/processed/faces\S_78f8368c.jpg,data/processed/faces\S_f4b7bf25.jpg,False,False,train,False
P_ce7ee905,train,n003323,data/processed/faces\S_78f8368c.jpg,data/processed/faces\S_5ccda832.jpg,False,False,train,False
P_454807df,train,n003323,data/processed/faces\S_78f8368c.jpg,data/processed/faces\S_1dce1b43.jpg,False,False,train,False
P_4ae9914f,train,n003323,data/processed/faces\S_78f8368c.jpg,data/processed/faces\S_c1a83239.jpg,False,False,train,False
P_253034a5,train,n003323,data/processed/faces\S_78f8368c.jpg,data/processed/faces\S_3509fd9a.jpg,False,False,train,False
P_04b2d629,train,n003323,data/processed/faces\S_78f8368c.jpg,data/processed/faces\S_d96f3176.jpg,False,False,train,False
P_17cc223b,train,n003323,data/processed/faces\S_78f8368c.jpg,data/processed/faces\S_f2b2abd9.jpg,False,False,train,False
P_e53658a0,train,n003323,data/processed/faces\S_78f8368c.jpg,data/processed/faces\S_11170689.jpg,False,False,train,False
P_7e52f442,train,n003323,data/processed/faces\S_78f8368c.jpg,data/processed/faces\S_eb479224.jpg,False,False,train,False
P_f9739f70,train,n003323,data/processed/faces\S_78f8368c.jpg,data/processed/faces\S_8d48b0e5.jpg,False,False,train,False
P_6c3066ef,train,n003323,data/processed/faces\S_78f8368c.jpg,data/processed/faces\S_5be62cb7.jpg,False,False,train,False
P_840f8b06,train,n003323,data/processed/faces\S_78f8368c.jpg,data/processed/faces\S_05057240.jpg,False,False,train,False
P_006685e9,train,n003323,data/processed/faces\S_78f8368c.jpg,data/processed/faces\S_569878f1.jpg,False,False,train,False
P_3b568585,train,n003323,data/processed/faces\S_78f8368c.jpg,data/processed/faces\S_aa2d376b.jpg,False,False,train,False
P_b556ce13,train,n003323,data/processed/faces\S_78f8368c.jpg,data/processed/faces\S_1454d11d.jpg,False,False,train,False
P_1d75294e,train,n003323,data/processed/faces\S_78f8368c.jpg,data/processed/faces\S_9c88e5ba.jpg,False,False,train,False
P_7e2e5967,train,n003323,data/processed/faces\S_78f8368c.jpg,data/processed/faces\S_0a788468.jpg,False,False,train,False
P_6ddba8f6,train,n003323,data/processed/faces\S_78f8368c.jpg,data/processed/faces\S_aa4bcccb.jpg,False,False,train,False
P_d0587214,train,n003323,data/processed/faces\S_78f8368c.jpg,data/processed/faces\S_9b363a71.jpg,False,False,train,False
P_f1ad7ae0,train,n003323,data/processed/faces\S_78f8368c.jpg,data/processed/faces\S_e914ff75.jpg,False,False,train,False
P_3909eef8,train,n003323,data/processed/faces\S_78f8368c.jpg,data/processed/faces\S_0f397323.jpg,False,False,train,False
P_fc668846,train,n003323,data/processed/faces\S_78f8368c.jpg,data/processed/faces\S_e10c4c99.jpg,False,False,train,False
P_6cd45141,train,n003323,data/processed/faces\S_78f8368c.jpg,data/processed/faces\S_edff7bd9.jpg,False,False,train,False
P_2644fabe,train,n003323,data/processed/faces\S_78f8368c.jpg,data/processed/faces\S_0ec6aaf6.jpg,False,False,train,False
P_14423f4a,train,n003323,data/processed/faces\S_78f8368c.jpg,data/processed/faces\S_01d0f3ac.jpg,False,False,train,False
P_565f78d8,train,n003323,data/processed/faces\S_78f8368c.jpg,data/processed/faces\S_762b06f5.jpg,False,False,train,False
P_824a0475,train,n003323,data/processed/faces\S_78f8368c.jpg,data/processed/faces\S_733f63d7.jpg,False,False,train,False
P_d48cb3e9,train,n003323,data/processed/faces\S_78f8368c.jpg,data/processed/faces\S_bcb1bcc4.jpg,False,False,train,False
P_bf7f6151,train,n003323,data/processed/faces\S_78f8368c.jpg,data/processed/faces\S_136cffea.jpg,False,False,train,False
P_3ff8fde3,train,n003323,data/processed/faces\S_78f8368c.jpg,data/processed/faces\S_4d3d4304.jpg,False,False,train,False
P_f8c0d0b3,train,n003323,data/processed/faces\S_78f8368c.jpg,data/processed/faces\S_420d5d07.jpg,False,False,train,False
P_dba478c1,train,n003323,data/processed/faces\S_78f8368c.jpg,data/processed/faces\S_6f0b741b.jpg,False,False,train,False
P_f5585178,train,n003323,data/processed/faces\S_78f8368c.jpg,data/processed/faces\S_583232ef.jpg,False,False,train,False
P_1f07a17c,train,n003323,data/processed/faces\S_78f8368c.jpg,data/processed/faces\S_e3b0add7.jpg,False,False,train,False
P_bcafe42f,train,n003323,data/processed/faces\S_78f8368c.jpg,data/processed/faces\S_a9cda4ca.jpg,False,False,train,False
P_b4d964c6,train,n003323,data/processed/faces\S_78f8368c.jpg,data/processed/faces\S_886a7246.jpg,False,False,train,False
P_a90c8cc5,train,n003323,data/processed/faces\S_78f8368c.jpg,data/processed/faces\S_6817a167.jpg,False,False,train,False
P_06e4d5bb,train,n003323,data/processed/faces\S_78f8368c.jpg,data/processed/faces\S_86443ed3.jpg,False,False,train,False
P_4adf397a,train,n003323,data/processed/faces\S_78f8368c.jpg,data/processed/faces\S_182d6651.jpg,False,False,train,False
P_6eaacb60,train,n003323,data/processed/faces\S_78f8368c.jpg,data/processed/faces\S_9d4db5da.jpg,False,False,train,False
P_191f6c5c,train,n003323,data/processed/faces\S_78f8368c.jpg,data/processed/faces\S_39653250.jpg,False,False,train,False
P_76746103,train,n003323,data/processed/faces\S_78f8368c.jpg,data/processed/faces\S_7e2eaab9.jpg,False,False,train,False
P_8c4915e0,train,n003323,data/processed/faces\S_78f8368c.jpg,data/processed/faces\S_0bf4000d.jpg,False,False,train,False
P_fb716441,train,n003323,data/processed/faces\S_78f8368c.jpg,data/processed/faces\S_cafbdbd2.jpg,False,False,train,False
P_591c7123,train,n003323,data/processed/faces\S_78f8368c.jpg,data/processed/faces\S_40b6c0c7.jpg,False,False,train,False
P_e3890378,train,n003323,data/processed/faces\S_78f8368c.jpg,data/processed/faces\S_d3383da4.jpg,False,False,train,False
P_019f154d,train,n003323,data/processed/faces\S_78f8368c.jpg,data/processed/faces\S_45bacc6b.jpg,False,False,train,False
P_028fd27f,train,n003323,data/processed/faces\S_78f8368c.jpg,data/processed/faces\S_5a98a50b.jpg,False,False,train,False
P_f55ce92d,train,n003323,data/processed/faces\S_78f8368c.jpg,data/processed/faces\S_30b633e7.jpg,False,False,train,False
P_ee51eea4,train,n003323,data/processed/faces\S_78f8368c.jpg,data/processed/faces\S_1d18a879.jpg,False,False,train,False
P_13c902ff,train,n003323,data/processed/faces\S_78f8368c.jpg,data/processed/faces\S_c9599fb0.jpg,False,False,train,False
P_f372f500,train,n003323,data/processed/faces\S_78f8368c.jpg,data/processed/faces\S_2be6ca5e.jpg,False,False,train,False
P_4fa0b3ff,train,n003323,data/processed/faces\S_78f8368c.jpg,data/processed/faces\S_a50e6d1d.jpg,False,False,train,False
P_59bf57a6,train,n003323,data/processed/faces\S_78f8368c.jpg,data/processed/faces\S_30d9bd26.jpg,False,False,train,False
P_ea875a5d,train,n003323,data/processed/faces\S_78f8368c.jpg,data/processed/faces\S_d9f2ef5f.jpg,False,False,train,False
P_4b888ff5,train,n003323,data/processed/faces\S_78f8368c.jpg,data/processed/faces\S_98a4d488.jpg,False,False,train,False
P_5ebd916e,train,n003323,data/processed/faces\S_78f8368c.jpg,data/processed/faces\S_ad474e66.jpg,False,False,train,False
P_001659fb,train,n003323,data/processed/faces\S_78f8368c.jpg,data/generated/face_swaps\SW_08447cb1.jpg,False,False,train,False
P_0ce96526,train,n003323,data/processed/faces\S_78f8368c.jpg,data/generated/face_swaps\SW_cb601ba1.jpg,False,False,train,False
P_7fcb5eee,train,n003323,data/processed/faces\S_78f8368c.jpg,data/generated/face_swaps\SW_10a2938e.jpg,False,False,train,False
P_8ddf2822,train,n003323,data/processed/faces\S_78f8368c.jpg,data/generated/face_swaps\SW_22709fc4.jpg,False,False,train,False
P_a879e053,train,n003323,data/processed/faces\S_78f8368c.jpg,data/generated/face_swaps\SW_222943cd.jpg,False,False,train,False
P_7f961306,train,n003323,data/processed/faces\S_78f8368c.jpg,data/generated/face_swaps\SW_1d6be73d.jpg,False,False,train,False
P_0ff4d10a,train,n003323,data/processed/faces\S_78f8368c.jpg,data/generated/face_swaps\SW_5445dd3c.jpg,False,False,train,False
P_e7512198,train,n003323,data/processed/faces\S_78f8368c.jpg,data/generated/face_swaps\SW_a3bb7ad7.jpg,False,False,train,False
P_5d2c23b9,train,n003323,data/processed/faces\S_78f8368c.jpg,data/generated/face_swaps\SW_ee42df64.jpg,False,False,train,False
P_45270996,train,n003323,data/processed/faces\S_78f8368c.jpg,data/generated/face_swaps\SW_1db68bf8.jpg,False,False,train,False
P_0d1527c7,train,n003620,data/processed/faces\S_e185a6dc.jpg,data/processed/faces\S_8014a739.jpg,False,False,train,False
P_691c2544,train,n003620,data/processed/faces\S_e185a6dc.jpg,data/processed/faces\S_906af0ea.jpg,False,False,train,False
P_3b4a822a,train,n003620,data/processed/faces\S_e185a6dc.jpg,data/processed/faces\S_b016a221.jpg,False,False,train,False
P_9ab9d86c,train,n003620,data/processed/faces\S_e185a6dc.jpg,data/processed/faces\S_b76282d8.jpg,False,False,train,False
P_5aeba1cf,train,n003620,data/processed/faces\S_e185a6dc.jpg,data/processed/faces\S_dab98877.jpg,False,False,train,False
P_fd5a0e42,train,n003620,data/processed/faces\S_e185a6dc.jpg,data/processed/faces\S_1f1f6647.jpg,False,False,train,False
P_b651fbc8,train,n003620,data/processed/faces\S_e185a6dc.jpg,data/processed/faces\S_bef8ba6e.jpg,False,False,train,False
P_81d11363,train,n003620,data/processed/faces\S_e185a6dc.jpg,data/processed/faces\S_48b31719.jpg,False,False,train,False
P_2edd6c0e,train,n003620,data/processed/faces\S_e185a6dc.jpg,data/processed/faces\S_bd421d50.jpg,False,False,train,False
P_b3de8fc6,train,n003620,data/processed/faces\S_e185a6dc.jpg,data/processed/faces\S_e96f575b.jpg,False,False,train,False
P_2053cf53,train,n003620,data/processed/faces\S_e185a6dc.jpg,data/processed/faces\S_ac6ff8b6.jpg,False,False,train,False
P_7115969a,train,n003620,data/processed/faces\S_e185a6dc.jpg,data/processed/faces\S_49b9e5ee.jpg,False,False,train,False
P_5eeb2d74,train,n003620,data/processed/faces\S_e185a6dc.jpg,data/processed/faces\S_563c6f6a.jpg,False,False,train,False
P_64f7aba3,train,n003620,data/processed/faces\S_e185a6dc.jpg,data/processed/faces\S_c8f7bab9.jpg,False,False,train,False
P_bed04d19,train,n003620,data/processed/faces\S_e185a6dc.jpg,data/processed/faces\S_ea3b6011.jpg,False,False,train,False
P_4ae3f962,train,n003620,data/processed/faces\S_e185a6dc.jpg,data/processed/faces\S_427563e8.jpg,False,False,train,False
P_e7bff4a0,train,n003620,data/processed/faces\S_e185a6dc.jpg,data/processed/faces\S_63fd6fbc.jpg,False,False,train,False
P_3c1bf934,train,n003620,data/processed/faces\S_e185a6dc.jpg,data/processed/faces\S_5c2d9926.jpg,False,False,train,False
P_f5e440d4,train,n003620,data/processed/faces\S_e185a6dc.jpg,data/processed/faces\S_a49f90d9.jpg,False,False,train,False
P_daf89758,train,n003620,data/processed/faces\S_e185a6dc.jpg,data/processed/faces\S_1cfd22a3.jpg,False,False,train,False
P_6983711d,train,n003620,data/processed/faces\S_e185a6dc.jpg,data/processed/faces\S_07065169.jpg,False,False,train,False
P_1e80bbdb,train,n003620,data/processed/faces\S_e185a6dc.jpg,data/processed/faces\S_325b7b30.jpg,False,False,train,False
P_2237de42,train,n003620,data/processed/faces\S_e185a6dc.jpg,data/processed/faces\S_c4b033ac.jpg,False,False,train,False
P_6d211a6d,train,n003620,data/processed/faces\S_e185a6dc.jpg,data/processed/faces\S_1f0892c0.jpg,False,False,train,False
P_2313c7ec,train,n003620,data/processed/faces\S_e185a6dc.jpg,data/processed/faces\S_f5c4b39c.jpg,False,False,train,False
P_df995814,train,n003620,data/processed/faces\S_e185a6dc.jpg,data/processed/faces\S_06f722cd.jpg,False,False,train,False
P_c3a2ccc3,train,n003620,data/processed/faces\S_e185a6dc.jpg,data/processed/faces\S_7e2eaab9.jpg,False,False,train,False
P_80f9a0ba,train,n003620,data/processed/faces\S_e185a6dc.jpg,data/processed/faces\S_41f035b7.jpg,False,False,train,False
P_8be39f55,train,n003620,data/processed/faces\S_e185a6dc.jpg,data/processed/faces\S_551cad31.jpg,False,False,train,False
P_f2dd02a3,train,n003620,data/processed/faces\S_e185a6dc.jpg,data/processed/faces\S_ad8a593c.jpg,False,False,train,False
P_e92e65aa,train,n003620,data/processed/faces\S_e185a6dc.jpg,data/processed/faces\S_e8cb28a8.jpg,False,False,train,False
P_80cfd2bb,train,n003620,data/processed/faces\S_e185a6dc.jpg,data/processed/faces\S_dddfa3f4.jpg,False,False,train,False
P_5bc88b7e,train,n003620,data/processed/faces\S_e185a6dc.jpg,data/processed/faces\S_0d156a30.jpg,False,False,train,False
P_e48a4280,train,n003620,data/processed/faces\S_e185a6dc.jpg,data/processed/faces\S_ce96bbf6.jpg,False,False,train,False
P_e818a38b,train,n003620,data/processed/faces\S_e185a6dc.jpg,data/processed/faces\S_0abf85a1.jpg,False,False,train,False
P_e8ea6b04,train,n003620,data/processed/faces\S_e185a6dc.jpg,data/processed/faces\S_6698d260.jpg,False,False,train,False
P_4087acb4,train,n003620,data/processed/faces\S_e185a6dc.jpg,data/processed/faces\S_319c67d8.jpg,False,False,train,False
P_a1ca93e0,train,n003620,data/processed/faces\S_e185a6dc.jpg,data/processed/faces\S_6b716bbb.jpg,False,False,train,False
P_5282d429,train,n003620,data/processed/faces\S_e185a6dc.jpg,data/processed/faces\S_5e51f007.jpg,False,False,train,False
P_722bcff4,train,n003620,data/processed/faces\S_e185a6dc.jpg,data/processed/faces\S_18954d92.jpg,False,False,train,False
P_65b47cc5,train,n003620,data/processed/faces\S_e185a6dc.jpg,data/processed/faces\S_c0b8d943.jpg,False,False,train,False
P_35ee8462,train,n003620,data/processed/faces\S_e185a6dc.jpg,data/processed/faces\S_bf7d0e94.jpg,False,False,train,False
P_30084405,train,n003620,data/processed/faces\S_e185a6dc.jpg,data/processed/faces\S_541d997d.jpg,False,False,train,False
P_b880507a,train,n003620,data/processed/faces\S_e185a6dc.jpg,data/processed/faces\S_9beeda32.jpg,False,False,train,False
P_d53e7bf3,train,n003620,data/processed/faces\S_e185a6dc.jpg,data/processed/faces\S_046ea89c.jpg,False,False,train,False
P_5b011a16,train,n003620,data/processed/faces\S_e185a6dc.jpg,data/processed/faces\S_e6990b7c.jpg,False,False,train,False
P_2fdaeb8e,train,n003620,data/processed/faces\S_e185a6dc.jpg,data/processed/faces\S_021a8aef.jpg,False,False,train,False
P_f0d35b5e,train,n003620,data/processed/faces\S_e185a6dc.jpg,data/processed/faces\S_bcdb4f05.jpg,False,False,train,False
P_44f47c18,train,n003620,data/processed/faces\S_e185a6dc.jpg,data/processed/faces\S_1a89a899.jpg,False,False,train,False
P_dbafd383,train,n003620,data/processed/faces\S_e185a6dc.jpg,data/processed/faces\S_8dbacd41.jpg,False,False,train,False
P_4732f921,train,n003620,data/processed/faces\S_e185a6dc.jpg,data/processed/faces\S_606b7a44.jpg,False,False,train,False
P_7bd65382,train,n003620,data/processed/faces\S_e185a6dc.jpg,data/processed/faces\S_b9d387ca.jpg,False,False,train,False
P_05282469,train,n003620,data/processed/faces\S_e185a6dc.jpg,data/processed/faces\S_80cca00f.jpg,False,False,train,False
P_12bee2af,train,n003620,data/processed/faces\S_e185a6dc.jpg,data/processed/faces\S_5f2cffed.jpg,False,False,train,False
P_f33abc0d,train,n003620,data/processed/faces\S_e185a6dc.jpg,data/processed/faces\S_d3a9d8ae.jpg,False,False,train,False
P_d820b57c,train,n003620,data/processed/faces\S_e185a6dc.jpg,data/processed/faces\S_77717647.jpg,False,False,train,False
P_d3c4ff95,train,n003620,data/processed/faces\S_e185a6dc.jpg,data/processed/faces\S_f8c026c0.jpg,False,False,train,False
P_5a78b731,train,n003620,data/processed/faces\S_e185a6dc.jpg,data/processed/faces\S_fb3630c9.jpg,False,False,train,False
P_86ef2eb6,train,n003620,data/processed/faces\S_e185a6dc.jpg,data/processed/faces\S_ad7f0815.jpg,False,False,train,False
P_cba6b15c,train,n003620,data/processed/faces\S_e185a6dc.jpg,data/processed/faces\S_e16db759.jpg,False,False,train,False
P_8cd374f2,train,n003620,data/processed/faces\S_e185a6dc.jpg,data/processed/faces\S_db3e2105.jpg,False,False,train,False
P_8964c936,train,n003620,data/processed/faces\S_e185a6dc.jpg,data/processed/faces\S_f03fe1dd.jpg,False,False,train,False
P_2242983a,train,n003620,data/processed/faces\S_e185a6dc.jpg,data/processed/faces\S_6d2b693f.jpg,False,False,train,False
P_7498e848,train,n003620,data/processed/faces\S_e185a6dc.jpg,data/processed/faces\S_2abfdc5f.jpg,False,False,train,False
P_6168fe23,train,n003620,data/processed/faces\S_e185a6dc.jpg,data/processed/faces\S_52124b78.jpg,False,False,train,False
P_877ef477,train,n003620,data/processed/faces\S_e185a6dc.jpg,data/processed/faces\S_c4aff379.jpg,False,False,train,False
P_cdeef5e2,train,n003620,data/processed/faces\S_e185a6dc.jpg,data/processed/faces\S_ece33f68.jpg,False,False,train,False
P_505e448f,train,n003620,data/processed/faces\S_e185a6dc.jpg,data/generated/face_swaps\SW_2164faa3.jpg,False,False,train,False
P_00472be0,train,n003620,data/processed/faces\S_e185a6dc.jpg,data/generated/face_swaps\SW_e7af7919.jpg,False,False,train,False
P_4ffa60d9,train,n003620,data/processed/faces\S_e185a6dc.jpg,data/generated/face_swaps\SW_b0dcbfac.jpg,False,False,train,False
P_657f865a,train,n003620,data/processed/faces\S_e185a6dc.jpg,data/generated/face_swaps\SW_e5e2c460.jpg,False,False,train,False
P_85d23bc0,train,n003620,data/processed/faces\S_e185a6dc.jpg,data/generated/face_swaps\SW_dd6f74a3.jpg,False,False,train,False
P_3b5b94c3,train,n003620,data/processed/faces\S_e185a6dc.jpg,data/generated/face_swaps\SW_781a5f63.jpg,False,False,train,False
P_a8d667f8,train,n003620,data/processed/faces\S_e185a6dc.jpg,data/generated/face_swaps\SW_d7d1cdd2.jpg,False,False,train,False
P_c44f19ea,train,n003620,data/processed/faces\S_e185a6dc.jpg,data/generated/face_swaps\SW_b566e92d.jpg,False,False,train,False
P_a2f0df21,train,n003620,data/processed/faces\S_e185a6dc.jpg,data/generated/face_swaps\SW_da710d05.jpg,False,False,train,False
P_b3c2e34d,train,n003620,data/processed/faces\S_e185a6dc.jpg,data/generated/face_swaps\SW_b12d55f0.jpg,False,False,train,False
P_5c0c9eb0,train,n003998,data/processed/faces\S_e849e18f.jpg,data/processed/faces\S_f9bb094a.jpg,False,False,train,False
P_01b9fc7c,train,n003998,data/processed/faces\S_e849e18f.jpg,data/processed/faces\S_ba1ab84b.jpg,False,False,train,False
P_9a1cadac,train,n003998,data/processed/faces\S_e849e18f.jpg,data/processed/faces\S_79c7676e.jpg,False,False,train,False
P_d7d79713,train,n003998,data/processed/faces\S_e849e18f.jpg,data/processed/faces\S_372a9b24.jpg,False,False,train,False
P_7a9babd0,train,n003998,data/processed/faces\S_e849e18f.jpg,data/processed/faces\S_4adcbbbd.jpg,False,False,train,False
P_91c1cb95,train,n003998,data/processed/faces\S_e849e18f.jpg,data/processed/faces\S_2b2256a5.jpg,False,False,train,False
P_5bbfac8c,train,n003998,data/processed/faces\S_e849e18f.jpg,data/processed/faces\S_97034276.jpg,False,False,train,False
P_36df841b,train,n003998,data/processed/faces\S_e849e18f.jpg,data/processed/faces\S_4c28f8a5.jpg,False,False,train,False
P_8fb2be4c,train,n003998,data/processed/faces\S_e849e18f.jpg,data/processed/faces\S_da588812.jpg,False,False,train,False
P_44f3656a,train,n003998,data/processed/faces\S_e849e18f.jpg,data/processed/faces\S_0bf4000d.jpg,False,False,train,False
P_4acb0ab1,train,n003998,data/processed/faces\S_e849e18f.jpg,data/processed/faces\S_41964183.jpg,False,False,train,False
P_9b088175,train,n003998,data/processed/faces\S_e849e18f.jpg,data/processed/faces\S_cc237eb7.jpg,False,False,train,False
P_1b7b2cff,train,n003998,data/processed/faces\S_e849e18f.jpg,data/processed/faces\S_fcf458df.jpg,False,False,train,False
P_b180549a,train,n003998,data/processed/faces\S_e849e18f.jpg,data/processed/faces\S_deaee3cf.jpg,False,False,train,False
P_1f373646,train,n003998,data/processed/faces\S_e849e18f.jpg,data/processed/faces\S_01d8bca4.jpg,False,False,train,False
P_196ce9fd,train,n003998,data/processed/faces\S_e849e18f.jpg,data/processed/faces\S_0d8e2f15.jpg,False,False,train,False
P_03c1ea75,train,n003998,data/processed/faces\S_e849e18f.jpg,data/processed/faces\S_43a97176.jpg,False,False,train,False
P_b4b02606,train,n003998,data/processed/faces\S_e849e18f.jpg,data/processed/faces\S_80cca00f.jpg,False,False,train,False
P_a996d9c5,train,n003998,data/processed/faces\S_e849e18f.jpg,data/processed/faces\S_2a613922.jpg,False,False,train,False
P_b05c1f14,train,n003998,data/processed/faces\S_e849e18f.jpg,data/processed/faces\S_0f6ade4f.jpg,False,False,train,False
P_eb92d9a3,train,n003998,data/processed/faces\S_e849e18f.jpg,data/processed/faces\S_dc3a33ab.jpg,False,False,train,False
P_87222039,train,n003998,data/processed/faces\S_e849e18f.jpg,data/processed/faces\S_27f90786.jpg,False,False,train,False
P_cc405dba,train,n003998,data/processed/faces\S_e849e18f.jpg,data/processed/faces\S_4e84ef37.jpg,False,False,train,False
P_92f775f9,train,n003998,data/processed/faces\S_e849e18f.jpg,data/processed/faces\S_d6f34b93.jpg,False,False,train,False
P_1c74055b,train,n003998,data/processed/faces\S_e849e18f.jpg,data/processed/faces\S_6efc1971.jpg,False,False,train,False
P_6ca4c80f,train,n003998,data/processed/faces\S_e849e18f.jpg,data/processed/faces\S_c695466a.jpg,False,False,train,False
P_66e487af,train,n003998,data/processed/faces\S_e849e18f.jpg,data/processed/faces\S_07349ce0.jpg,False,False,train,False
P_c617f1b6,train,n003998,data/processed/faces\S_e849e18f.jpg,data/processed/faces\S_19e1704c.jpg,False,False,train,False
P_8ab40a4a,train,n003998,data/processed/faces\S_e849e18f.jpg,data/processed/faces\S_eef2309d.jpg,False,False,train,False
P_2402e5d3,train,n003998,data/processed/faces\S_e849e18f.jpg,data/processed/faces\S_2a6c07b4.jpg,False,False,train,False
P_62a8054f,train,n003998,data/processed/faces\S_e849e18f.jpg,data/processed/faces\S_19f4ebb3.jpg,False,False,train,False
P_4c97a809,train,n003998,data/processed/faces\S_e849e18f.jpg,data/processed/faces\S_0790f2db.jpg,False,False,train,False
P_1dec7e50,train,n003998,data/processed/faces\S_e849e18f.jpg,data/processed/faces\S_cbc8608e.jpg,False,False,train,False
P_05f564a1,train,n003998,data/processed/faces\S_e849e18f.jpg,data/processed/faces\S_e27d07c0.jpg,False,False,train,False
P_e91d1d93,train,n003998,data/processed/faces\S_e849e18f.jpg,data/processed/faces\S_175890cb.jpg,False,False,train,False
P_4bd907e2,train,n003998,data/processed/faces\S_e849e18f.jpg,data/processed/faces\S_5f7928af.jpg,False,False,train,False
P_8096341c,train,n003998,data/processed/faces\S_e849e18f.jpg,data/processed/faces\S_d854b019.jpg,False,False,train,False
P_8fc70064,train,n003998,data/processed/faces\S_e849e18f.jpg,data/processed/faces\S_0052c9db.jpg,False,False,train,False
P_6893deb9,train,n003998,data/processed/faces\S_e849e18f.jpg,data/processed/faces\S_301b6ccf.jpg,False,False,train,False
P_dc58e81d,train,n003998,data/processed/faces\S_e849e18f.jpg,data/processed/faces\S_328e5564.jpg,False,False,train,False
P_a6b78712,train,n003998,data/processed/faces\S_e849e18f.jpg,data/processed/faces\S_ce769d15.jpg,False,False,train,False
P_8ed30182,train,n003998,data/processed/faces\S_e849e18f.jpg,data/processed/faces\S_5834109d.jpg,False,False,train,False
P_07d02e7c,train,n003998,data/processed/faces\S_e849e18f.jpg,data/processed/faces\S_43d9df86.jpg,False,False,train,False
P_f9ef8d31,train,n003998,data/processed/faces\S_e849e18f.jpg,data/processed/faces\S_00002f06.jpg,False,False,train,False
P_531cc212,train,n003998,data/processed/faces\S_e849e18f.jpg,data/processed/faces\S_1a45954b.jpg,False,False,train,False
P_939114c5,train,n003998,data/processed/faces\S_e849e18f.jpg,data/processed/faces\S_c2d452dc.jpg,False,False,train,False
P_6ed3f04a,train,n003998,data/processed/faces\S_e849e18f.jpg,data/processed/faces\S_ce82b5d1.jpg,False,False,train,False
P_0ee48cbb,train,n003998,data/processed/faces\S_e849e18f.jpg,data/processed/faces\S_bd95eeb5.jpg,False,False,train,False
P_3d380bf1,train,n003998,data/processed/faces\S_e849e18f.jpg,data/processed/faces\S_089854ca.jpg,False,False,train,False
P_2ad6cb86,train,n003998,data/processed/faces\S_e849e18f.jpg,data/processed/faces\S_df3828ad.jpg,False,False,train,False
P_5fa5a5bb,train,n003998,data/processed/faces\S_e849e18f.jpg,data/processed/faces\S_a57541bf.jpg,False,False,train,False
P_b4b07f31,train,n003998,data/processed/faces\S_e849e18f.jpg,data/processed/faces\S_4b4aa271.jpg,False,False,train,False
P_48220322,train,n003998,data/processed/faces\S_e849e18f.jpg,data/processed/faces\S_0ec6aaf6.jpg,False,False,train,False
P_b3fd4c19,train,n003998,data/processed/faces\S_e849e18f.jpg,data/processed/faces\S_563c6f6a.jpg,False,False,train,False
P_c862dda5,train,n003998,data/processed/faces\S_e849e18f.jpg,data/processed/faces\S_eba9d976.jpg,False,False,train,False
P_3263f3af,train,n003998,data/processed/faces\S_e849e18f.jpg,data/processed/faces\S_cd080de1.jpg,False,False,train,False
P_dca35da5,train,n003998,data/processed/faces\S_e849e18f.jpg,data/processed/faces\S_9949dd87.jpg,False,False,train,False
P_934a51f7,train,n003998,data/processed/faces\S_e849e18f.jpg,data/processed/faces\S_abf544ed.jpg,False,False,train,False
P_087aa982,train,n003998,data/processed/faces\S_e849e18f.jpg,data/processed/faces\S_c840de20.jpg,False,False,train,False
P_7f51ace0,train,n003998,data/processed/faces\S_e849e18f.jpg,data/processed/faces\S_2baeba43.jpg,False,False,train,False
P_9f8eba55,train,n003998,data/processed/faces\S_e849e18f.jpg,data/processed/faces\S_4a70e87d.jpg,False,False,train,False
P_9b1665a3,train,n003998,data/processed/faces\S_e849e18f.jpg,data/processed/faces\S_ea7cda34.jpg,False,False,train,False
P_25e8db4c,train,n003998,data/processed/faces\S_e849e18f.jpg,data/processed/faces\S_0a605e6a.jpg,False,False,train,False
P_4ff90180,train,n003998,data/processed/faces\S_e849e18f.jpg,data/processed/faces\S_d433b53d.jpg,False,False,train,False
P_ee9c4bd6,train,n003998,data/processed/faces\S_e849e18f.jpg,data/processed/faces\S_5c049853.jpg,False,False,train,False
P_3239a681,train,n003998,data/processed/faces\S_e849e18f.jpg,data/processed/faces\S_f160817c.jpg,False,False,train,False
P_95d34399,train,n003998,data/processed/faces\S_e849e18f.jpg,data/processed/faces\S_4fa666eb.jpg,False,False,train,False
P_80b62ba1,train,n003998,data/processed/faces\S_e849e18f.jpg,data/processed/faces\S_b1915f12.jpg,False,False,train,False
P_4e5c531f,train,n003998,data/processed/faces\S_e849e18f.jpg,data/generated/face_swaps\SW_28a296a7.jpg,False,False,train,False
P_12da9d22,train,n003998,data/processed/faces\S_e849e18f.jpg,data/generated/face_swaps\SW_c18416f5.jpg,False,False,train,False
P_470fbfb8,train,n003998,data/processed/faces\S_e849e18f.jpg,data/generated/face_swaps\SW_410b6a13.jpg,False,False,train,False
P_517f5d3c,train,n003998,data/processed/faces\S_e849e18f.jpg,data/generated/face_swaps\SW_ac47710e.jpg,False,False,train,False
P_5be785e1,train,n003998,data/processed/faces\S_e849e18f.jpg,data/generated/face_swaps\SW_059343cd.jpg,False,False,train,False
P_59ce57b2,train,n003998,data/processed/faces\S_e849e18f.jpg,data/generated/face_swaps\SW_dec70e07.jpg,False,False,train,False
P_209b41ca,train,n003998,data/processed/faces\S_e849e18f.jpg,data/generated/face_swaps\SW_dac1506b.jpg,False,False,train,False
P_15a131c9,train,n003998,data/processed/faces\S_e849e18f.jpg,data/generated/face_swaps\SW_1fa87b26.jpg,False,False,train,False
P_a00e471b,train,n003998,data/processed/faces\S_e849e18f.jpg,data/generated/face_swaps\SW_2c9caafd.jpg,False,False,train,False
P_b416ec70,train,n003998,data/processed/faces\S_e849e18f.jpg,data/generated/face_swaps\SW_8369c48a.jpg,False,False,train,False
P_afd8a33b,train,n004222,data/processed/faces\S_ada2f698.jpg,data/processed/faces\S_6e334d92.jpg,False,False,train,False
P_185d3541,train,n004222,data/processed/faces\S_ada2f698.jpg,data/processed/faces\S_3667947c.jpg,False,False,train,False
P_886fc7d1,train,n004222,data/processed/faces\S_ada2f698.jpg,data/processed/faces\S_b9aec69f.jpg,False,False,train,False
P_0675523e,train,n004222,data/processed/faces\S_ada2f698.jpg,data/processed/faces\S_f90d4cd7.jpg,False,False,train,False
P_7428cb89,train,n004222,data/processed/faces\S_ada2f698.jpg,data/processed/faces\S_1bea1cb2.jpg,False,False,train,False
P_67c43759,train,n004222,data/processed/faces\S_ada2f698.jpg,data/processed/faces\S_8869872c.jpg,False,False,train,False
P_a80210dd,train,n004222,data/processed/faces\S_ada2f698.jpg,data/processed/faces\S_c899e3a8.jpg,False,False,train,False
P_926325a4,train,n004222,data/processed/faces\S_ada2f698.jpg,data/processed/faces\S_2207ab8e.jpg,False,False,train,False
P_9d2ccc14,train,n004222,data/processed/faces\S_ada2f698.jpg,data/processed/faces\S_90c597cb.jpg,False,False,train,False
P_14faecff,train,n004222,data/processed/faces\S_ada2f698.jpg,data/processed/faces\S_16b2e2b4.jpg,False,False,train,False
P_37783772,train,n004222,data/processed/faces\S_ada2f698.jpg,data/processed/faces\S_dffa7a18.jpg,False,False,train,False
P_44a84dd8,train,n004222,data/processed/faces\S_ada2f698.jpg,data/processed/faces\S_ce981800.jpg,False,False,train,False
P_347aa516,train,n004222,data/processed/faces\S_ada2f698.jpg,data/processed/faces\S_ae652253.jpg,False,False,train,False
P_35a36bad,train,n004222,data/processed/faces\S_ada2f698.jpg,data/processed/faces\S_16320958.jpg,False,False,train,False
P_6c972403,train,n004222,data/processed/faces\S_ada2f698.jpg,data/processed/faces\S_5ab4ed80.jpg,False,False,train,False
P_d3f33ce5,train,n004222,data/processed/faces\S_ada2f698.jpg,data/processed/faces\S_cafbdbd2.jpg,False,False,train,False
P_fbe6343e,train,n004222,data/processed/faces\S_ada2f698.jpg,data/processed/faces\S_72e6cc44.jpg,False,False,train,False
P_87835ec6,train,n004222,data/processed/faces\S_ada2f698.jpg,data/processed/faces\S_ae9e4546.jpg,False,False,train,False
P_49c63266,train,n004222,data/processed/faces\S_ada2f698.jpg,data/processed/faces\S_a1c74734.jpg,False,False,train,False
P_1bf2d2bf,train,n004222,data/processed/faces\S_ada2f698.jpg,data/processed/faces\S_0e907d93.jpg,False,False,train,False
P_8923b585,train,n004222,data/processed/faces\S_ada2f698.jpg,data/processed/faces\S_6812de06.jpg,False,False,train,False
P_5b1ccadf,train,n004222,data/processed/faces\S_ada2f698.jpg,data/processed/faces\S_b83dffc6.jpg,False,False,train,False
P_aa60fef2,train,n004222,data/processed/faces\S_ada2f698.jpg,data/processed/faces\S_5f2cffed.jpg,False,False,train,False
P_eb9f3dc5,train,n004222,data/processed/faces\S_ada2f698.jpg,data/processed/faces\S_eba9d976.jpg,False,False,train,False
P_e6710f14,train,n004222,data/processed/faces\S_ada2f698.jpg,data/processed/faces\S_24e72fca.jpg,False,False,train,False
P_860c775a,train,n004222,data/processed/faces\S_ada2f698.jpg,data/processed/faces\S_efc46dce.jpg,False,False,train,False
P_29f175da,train,n004222,data/processed/faces\S_ada2f698.jpg,data/processed/faces\S_6ff58ff8.jpg,False,False,train,False
P_b2cf7100,train,n004222,data/processed/faces\S_ada2f698.jpg,data/processed/faces\S_ffe968d4.jpg,False,False,train,False
P_d64ad4d4,train,n004222,data/processed/faces\S_ada2f698.jpg,data/processed/faces\S_8a81e1a8.jpg,False,False,train,False
P_0b28a59b,train,n004222,data/processed/faces\S_ada2f698.jpg,data/processed/faces\S_f49fb622.jpg,False,False,train,False
P_ab413983,train,n004222,data/processed/faces\S_ada2f698.jpg,data/processed/faces\S_c968260e.jpg,False,False,train,False
P_3c3ae5ab,train,n004222,data/processed/faces\S_ada2f698.jpg,data/processed/faces\S_ee9d34b4.jpg,False,False,train,False
P_fc99958c,train,n004222,data/processed/faces\S_ada2f698.jpg,data/processed/faces\S_9e58ba1c.jpg,False,False,train,False
P_73b89a07,train,n004222,data/processed/faces\S_ada2f698.jpg,data/processed/faces\S_f3c6cf63.jpg,False,False,train,False
P_092b693c,train,n004222,data/processed/faces\S_ada2f698.jpg,data/processed/faces\S_3e5d7f51.jpg,False,False,train,False
P_ee62a14e,train,n004222,data/processed/faces\S_ada2f698.jpg,data/processed/faces\S_964a23f4.jpg,False,False,train,False
P_a6d45e43,train,n004222,data/processed/faces\S_ada2f698.jpg,data/processed/faces\S_98980a3b.jpg,False,False,train,False
P_e04d07b0,train,n004222,data/processed/faces\S_ada2f698.jpg,data/processed/faces\S_d17140ee.jpg,False,False,train,False
P_e4041894,train,n004222,data/processed/faces\S_ada2f698.jpg,data/processed/faces\S_a6a746fb.jpg,False,False,train,False
P_e42bc1cd,train,n004222,data/processed/faces\S_ada2f698.jpg,data/processed/faces\S_5ebb946e.jpg,False,False,train,False
P_204850bb,train,n004222,data/processed/faces\S_ada2f698.jpg,data/processed/faces\S_0f34201c.jpg,False,False,train,False
P_cedc9f99,train,n004222,data/processed/faces\S_ada2f698.jpg,data/processed/faces\S_c42ef6f5.jpg,False,False,train,False
P_4002ce2d,train,n004222,data/processed/faces\S_ada2f698.jpg,data/processed/faces\S_9356d5d1.jpg,False,False,train,False
P_3ad08707,train,n004222,data/processed/faces\S_ada2f698.jpg,data/processed/faces\S_a52c111e.jpg,False,False,train,False
P_4f36ece5,train,n004222,data/processed/faces\S_ada2f698.jpg,data/processed/faces\S_3c641999.jpg,False,False,train,False
P_97f14588,train,n004222,data/processed/faces\S_ada2f698.jpg,data/processed/faces\S_da5f4999.jpg,False,False,train,False
P_53e3830b,train,n004222,data/processed/faces\S_ada2f698.jpg,data/processed/faces\S_7348520f.jpg,False,False,train,False
P_8ebbb327,train,n004222,data/processed/faces\S_ada2f698.jpg,data/processed/faces\S_e85fd257.jpg,False,False,train,False
P_cfd9f666,train,n004222,data/processed/faces\S_ada2f698.jpg,data/processed/faces\S_ff25c000.jpg,False,False,train,False
P_ea02901b,train,n004222,data/processed/faces\S_ada2f698.jpg,data/processed/faces\S_7d0b10cd.jpg,False,False,train,False
P_bf71beea,train,n004222,data/processed/faces\S_ada2f698.jpg,data/processed/faces\S_7eb11fc7.jpg,False,False,train,False
P_8821cc89,train,n004222,data/processed/faces\S_ada2f698.jpg,data/processed/faces\S_9e2b2c9d.jpg,False,False,train,False
P_f0919611,train,n004222,data/processed/faces\S_ada2f698.jpg,data/processed/faces\S_0a788468.jpg,False,False,train,False
P_bd53b896,train,n004222,data/processed/faces\S_ada2f698.jpg,data/processed/faces\S_6b716bbb.jpg,False,False,train,False
P_164c17a9,train,n004222,data/processed/faces\S_ada2f698.jpg,data/processed/faces\S_301b6ccf.jpg,False,False,train,False
P_0ac73bed,train,n004222,data/processed/faces\S_ada2f698.jpg,data/processed/faces\S_6abcbd76.jpg,False,False,train,False
P_017d62f9,train,n004222,data/processed/faces\S_ada2f698.jpg,data/processed/faces\S_715e9871.jpg,False,False,train,False
P_3dd6ed52,train,n004222,data/processed/faces\S_ada2f698.jpg,data/processed/faces\S_667c70e8.jpg,False,False,train,False
P_318dfe7c,train,n004222,data/processed/faces\S_ada2f698.jpg,data/processed/faces\S_31b91d82.jpg,False,False,train,False
P_78b6a8ad,train,n004222,data/processed/faces\S_ada2f698.jpg,data/processed/faces\S_5c48e0a3.jpg,False,False,train,False
P_91dc43c9,train,n004222,data/processed/faces\S_ada2f698.jpg,data/processed/faces\S_de61b89b.jpg,False,False,train,False
P_4d706629,train,n004222,data/processed/faces\S_ada2f698.jpg,data/processed/faces\S_2b3c9962.jpg,False,False,train,False
P_0289e6d5,train,n004222,data/processed/faces\S_ada2f698.jpg,data/processed/faces\S_0b2bf30b.jpg,False,False,train,False
P_551e542f,train,n004222,data/processed/faces\S_ada2f698.jpg,data/processed/faces\S_01f4bccf.jpg,False,False,train,False
P_281309b7,train,n004222,data/processed/faces\S_ada2f698.jpg,data/processed/faces\S_14c34848.jpg,False,False,train,False
P_b6f27db7,train,n004222,data/processed/faces\S_ada2f698.jpg,data/processed/faces\S_ebde25f2.jpg,False,False,train,False
P_01e2e801,train,n004222,data/processed/faces\S_ada2f698.jpg,data/processed/faces\S_b4fd7bff.jpg,False,False,train,False
P_54577235,train,n004222,data/processed/faces\S_ada2f698.jpg,data/processed/faces\S_b98f6f33.jpg,False,False,train,False
P_97e0c733,train,n004222,data/processed/faces\S_ada2f698.jpg,data/generated/face_swaps\SW_fbe4faf3.jpg,False,False,train,False
P_d4ac1919,train,n004222,data/processed/faces\S_ada2f698.jpg,data/generated/face_swaps\SW_5e594633.jpg,False,False,train,False
P_9f1943aa,train,n004222,data/processed/faces\S_ada2f698.jpg,data/generated/face_swaps\SW_beac7813.jpg,False,False,train,False
P_e2d9c48d,train,n004222,data/processed/faces\S_ada2f698.jpg,data/generated/face_swaps\SW_e1326d5a.jpg,False,False,train,False
P_5a0fe53f,train,n004222,data/processed/faces\S_ada2f698.jpg,data/generated/face_swaps\SW_6442c711.jpg,False,False,train,False
P_95a7466e,train,n004222,data/processed/faces\S_ada2f698.jpg,data/generated/face_swaps\SW_451ff161.jpg,False,False,train,False
P_895577f6,train,n004222,data/processed/faces\S_ada2f698.jpg,data/generated/face_swaps\SW_ce5f16f6.jpg,False,False,train,False
P_37941cde,train,n004222,data/processed/faces\S_ada2f698.jpg,data/generated/face_swaps\SW_ce045de9.jpg,False,False,train,False
P_2f5178d8,train,n004222,data/processed/faces\S_ada2f698.jpg,data/generated/face_swaps\SW_c4f36235.jpg,False,False,train,False
P_2827ab73,train,n004222,data/processed/faces\S_ada2f698.jpg,data/generated/face_swaps\SW_6878a407.jpg,False,False,train,False
P_b0b4ce18,train,n004785,data/processed/faces\S_1cefb6eb.jpg,data/processed/faces\S_a1914430.jpg,False,False,train,False
P_e177820b,train,n004785,data/processed/faces\S_1cefb6eb.jpg,data/processed/faces\S_f434f411.jpg,False,False,train,False
P_004344af,train,n004785,data/processed/faces\S_1cefb6eb.jpg,data/processed/faces\S_4f5ff95b.jpg,False,False,train,False
P_566cfa1d,train,n004785,data/processed/faces\S_1cefb6eb.jpg,data/processed/faces\S_563c7b36.jpg,False,False,train,False
P_569b91fd,train,n004785,data/processed/faces\S_1cefb6eb.jpg,data/processed/faces\S_9c3a6605.jpg,False,False,train,False
P_2ed2eb99,train,n004785,data/processed/faces\S_1cefb6eb.jpg,data/processed/faces\S_8e469661.jpg,False,False,train,False
P_edb2323c,train,n004785,data/processed/faces\S_1cefb6eb.jpg,data/processed/faces\S_e314dd1a.jpg,False,False,train,False
P_dbfdf852,train,n004785,data/processed/faces\S_1cefb6eb.jpg,data/processed/faces\S_8082d1ca.jpg,False,False,train,False
P_175eed18,train,n004785,data/processed/faces\S_1cefb6eb.jpg,data/processed/faces\S_d6d8ad35.jpg,False,False,train,False
P_309be422,train,n004785,data/processed/faces\S_1cefb6eb.jpg,data/processed/faces\S_f5c6ca45.jpg,False,False,train,False
P_3eced2fb,train,n004785,data/processed/faces\S_1cefb6eb.jpg,data/processed/faces\S_40b6c0c7.jpg,False,False,train,False
P_dd2d7858,train,n004785,data/processed/faces\S_1cefb6eb.jpg,data/processed/faces\S_4a11dfe2.jpg,False,False,train,False
P_b08b6068,train,n004785,data/processed/faces\S_1cefb6eb.jpg,data/processed/faces\S_6344692e.jpg,False,False,train,False
P_fbf09321,train,n004785,data/processed/faces\S_1cefb6eb.jpg,data/processed/faces\S_071b69c7.jpg,False,False,train,False
P_4bcaf528,train,n004785,data/processed/faces\S_1cefb6eb.jpg,data/processed/faces\S_771bccbf.jpg,False,False,train,False
P_748144ae,train,n004785,data/processed/faces\S_1cefb6eb.jpg,data/processed/faces\S_69ab6a9e.jpg,False,False,train,False
P_d426f320,train,n004785,data/processed/faces\S_1cefb6eb.jpg,data/processed/faces\S_c85d931d.jpg,False,False,train,False
P_728e1f21,train,n004785,data/processed/faces\S_1cefb6eb.jpg,data/processed/faces\S_d9e530dc.jpg,False,False,train,False
P_b1354441,train,n004785,data/processed/faces\S_1cefb6eb.jpg,data/processed/faces\S_65470745.jpg,False,False,train,False
P_893da8d5,train,n004785,data/processed/faces\S_1cefb6eb.jpg,data/processed/faces\S_cc034ecc.jpg,False,False,train,False
P_bf891650,train,n004785,data/processed/faces\S_1cefb6eb.jpg,data/processed/faces\S_6abcbd76.jpg,False,False,train,False
P_bccb6700,train,n004785,data/processed/faces\S_1cefb6eb.jpg,data/processed/faces\S_53218578.jpg,False,False,train,False
P_b8fa5438,train,n004785,data/processed/faces\S_1cefb6eb.jpg,data/processed/faces\S_e710f571.jpg,False,False,train,False
P_95d3f7c6,train,n004785,data/processed/faces\S_1cefb6eb.jpg,data/processed/faces\S_6668092c.jpg,False,False,train,False
P_15c4e9fb,train,n004785,data/processed/faces\S_1cefb6eb.jpg,data/processed/faces\S_cd951c6d.jpg,False,False,train,False
P_85717c47,train,n004785,data/processed/faces\S_1cefb6eb.jpg,data/processed/faces\S_71bec354.jpg,False,False,train,False
P_cc6c430b,train,n004785,data/processed/faces\S_1cefb6eb.jpg,data/processed/faces\S_ca9ba5b4.jpg,False,False,train,False
P_84273ecc,train,n004785,data/processed/faces\S_1cefb6eb.jpg,data/processed/faces\S_cd080de1.jpg,False,False,train,False
P_5bdf75d9,train,n004785,data/processed/faces\S_1cefb6eb.jpg,data/processed/faces\S_4997bb04.jpg,False,False,train,False
P_1af2aa6a,train,n004785,data/processed/faces\S_1cefb6eb.jpg,data/processed/faces\S_2d3d7825.jpg,False,False,train,False
P_52391dea,train,n004785,data/processed/faces\S_1cefb6eb.jpg,data/processed/faces\S_f6a4c260.jpg,False,False,train,False
P_671e0ae7,train,n004785,data/processed/faces\S_1cefb6eb.jpg,data/processed/faces\S_124c14be.jpg,False,False,train,False
P_b10b0e5d,train,n004785,data/processed/faces\S_1cefb6eb.jpg,data/processed/faces\S_d3a9d8ae.jpg,False,False,train,False
P_ebd0bc8d,train,n004785,data/processed/faces\S_1cefb6eb.jpg,data/processed/faces\S_275ed9c5.jpg,False,False,train,False
P_9f45b3a8,train,n004785,data/processed/faces\S_1cefb6eb.jpg,data/processed/faces\S_e032580e.jpg,False,False,train,False
P_9dea32f5,train,n004785,data/processed/faces\S_1cefb6eb.jpg,data/processed/faces\S_4da0ef9b.jpg,False,False,train,False
P_714a72c8,train,n004785,data/processed/faces\S_1cefb6eb.jpg,data/processed/faces\S_73b8009a.jpg,False,False,train,False
P_9d3ba7be,train,n004785,data/processed/faces\S_1cefb6eb.jpg,data/processed/faces\S_fb67ce2e.jpg,False,False,train,False
P_a787b20b,train,n004785,data/processed/faces\S_1cefb6eb.jpg,data/processed/faces\S_52490e64.jpg,False,False,train,False
P_04c94357,train,n004785,data/processed/faces\S_1cefb6eb.jpg,data/processed/faces\S_38285125.jpg,False,False,train,False
P_51a73632,train,n004785,data/processed/faces\S_1cefb6eb.jpg,data/processed/faces\S_5b680d14.jpg,False,False,train,False
P_eba98032,train,n004785,data/processed/faces\S_1cefb6eb.jpg,data/processed/faces\S_95ab6b4c.jpg,False,False,train,False
P_111eb197,train,n004785,data/processed/faces\S_1cefb6eb.jpg,data/processed/faces\S_988e9059.jpg,False,False,train,False
P_f8a1bd73,train,n004785,data/processed/faces\S_1cefb6eb.jpg,data/processed/faces\S_a5e97867.jpg,False,False,train,False
P_604b3553,train,n004785,data/processed/faces\S_1cefb6eb.jpg,data/processed/faces\S_ef159389.jpg,False,False,train,False
P_5554e1e5,train,n004785,data/processed/faces\S_1cefb6eb.jpg,data/processed/faces\S_a9cda4ca.jpg,False,False,train,False
P_b91821de,train,n004785,data/processed/faces\S_1cefb6eb.jpg,data/processed/faces\S_9b77a128.jpg,False,False,train,False
P_152ab8a7,train,n004785,data/processed/faces\S_1cefb6eb.jpg,data/processed/faces\S_50c9dcf5.jpg,False,False,train,False
P_67e4dbbf,train,n004785,data/processed/faces\S_1cefb6eb.jpg,data/processed/faces\S_65cd1c28.jpg,False,False,train,False
P_4bdd390b,train,n004785,data/processed/faces\S_1cefb6eb.jpg,data/processed/faces\S_9e5a854d.jpg,False,False,train,False
P_2b8faecc,train,n004785,data/processed/faces\S_1cefb6eb.jpg,data/processed/faces\S_8cf15c14.jpg,False,False,train,False
P_63620fdc,train,n004785,data/processed/faces\S_1cefb6eb.jpg,data/processed/faces\S_78f2002e.jpg,False,False,train,False
P_c9130507,train,n004785,data/processed/faces\S_1cefb6eb.jpg,data/processed/faces\S_5ccda832.jpg,False,False,train,False
P_16175a8a,train,n004785,data/processed/faces\S_1cefb6eb.jpg,data/processed/faces\S_f5c4b39c.jpg,False,False,train,False
P_4dfb147f,train,n004785,data/processed/faces\S_1cefb6eb.jpg,data/processed/faces\S_0790f2db.jpg,False,False,train,False
P_f183b247,train,n004785,data/processed/faces\S_1cefb6eb.jpg,data/processed/faces\S_efc46dce.jpg,False,False,train,False
P_202e7a66,train,n004785,data/processed/faces\S_1cefb6eb.jpg,data/processed/faces\S_da811f59.jpg,False,False,train,False
P_a195fa58,train,n004785,data/processed/faces\S_1cefb6eb.jpg,data/processed/faces\S_4e677f93.jpg,False,False,train,False
P_dd3c8f2b,train,n004785,data/processed/faces\S_1cefb6eb.jpg,data/processed/faces\S_470f57e9.jpg,False,False,train,False
P_7ef453de,train,n004785,data/processed/faces\S_1cefb6eb.jpg,data/processed/faces\S_ede141bc.jpg,False,False,train,False
P_2912792a,train,n004785,data/processed/faces\S_1cefb6eb.jpg,data/processed/faces\S_90b44bb5.jpg,False,False,train,False
P_40bb427e,train,n004785,data/processed/faces\S_1cefb6eb.jpg,data/processed/faces\S_487db975.jpg,False,False,train,False
P_d4bab953,train,n004785,data/processed/faces\S_1cefb6eb.jpg,data/processed/faces\S_f03fe1dd.jpg,False,False,train,False
P_942a5198,train,n004785,data/processed/faces\S_1cefb6eb.jpg,data/processed/faces\S_c0aff589.jpg,False,False,train,False
P_6fd5d3e2,train,n004785,data/processed/faces\S_1cefb6eb.jpg,data/processed/faces\S_f14b2200.jpg,False,False,train,False
P_48a30e28,train,n004785,data/processed/faces\S_1cefb6eb.jpg,data/processed/faces\S_5f794b8e.jpg,False,False,train,False
P_637be910,train,n004785,data/processed/faces\S_1cefb6eb.jpg,data/processed/faces\S_55e2f2c8.jpg,False,False,train,False
P_765b044f,train,n004785,data/processed/faces\S_1cefb6eb.jpg,data/processed/faces\S_06ed0d86.jpg,False,False,train,False
P_c5ed090b,train,n004785,data/processed/faces\S_1cefb6eb.jpg,data/generated/face_swaps\SW_0c6004f3.jpg,False,False,train,False
P_e42e73aa,train,n004785,data/processed/faces\S_1cefb6eb.jpg,data/generated/face_swaps\SW_578c12a9.jpg,False,False,train,False
P_34aa771b,train,n004785,data/processed/faces\S_1cefb6eb.jpg,data/generated/face_swaps\SW_e0315ef6.jpg,False,False,train,False
P_3416dd55,train,n004785,data/processed/faces\S_1cefb6eb.jpg,data/generated/face_swaps\SW_205f918c.jpg,False,False,train,False
P_d1aa3d10,train,n004785,data/processed/faces\S_1cefb6eb.jpg,data/generated/face_swaps\SW_d5085cab.jpg,False,False,train,False
P_5f44f4d5,train,n004785,data/processed/faces\S_1cefb6eb.jpg,data/generated/face_swaps\SW_b50bb271.jpg,False,False,train,False
P_56be8bf7,train,n004785,data/processed/faces\S_1cefb6eb.jpg,data/generated/face_swaps\SW_5ca9f773.jpg,False,False,train,False
P_177b59dd,train,n004785,data/processed/faces\S_1cefb6eb.jpg,data/generated/face_swaps\SW_2aecf633.jpg,False,False,train,False
P_7d766b0c,train,n004785,data/processed/faces\S_1cefb6eb.jpg,data/generated/face_swaps\SW_fb79df1f.jpg,False,False,train,False
P_9d71caa5,train,n004785,data/processed/faces\S_1cefb6eb.jpg,data/generated/face_swaps\SW_da89b075.jpg,False,False,train,False
P_d201d22b,train,n004912,data/processed/faces\S_f6967f13.jpg,data/processed/faces\S_e300f1b0.jpg,False,False,train,False
P_cd4dba09,train,n004912,data/processed/faces\S_f6967f13.jpg,data/processed/faces\S_54a0aff5.jpg,False,False,train,False
P_9ef02e8e,train,n004912,data/processed/faces\S_f6967f13.jpg,data/processed/faces\S_3dfb3e29.jpg,False,False,train,False
P_dc6d2604,train,n004912,data/processed/faces\S_f6967f13.jpg,data/processed/faces\S_afdf86a7.jpg,False,False,train,False
P_6506dd0c,train,n004912,data/processed/faces\S_f6967f13.jpg,data/processed/faces\S_9949dd87.jpg,False,False,train,False
P_d5561417,train,n004912,data/processed/faces\S_f6967f13.jpg,data/processed/faces\S_a9800fc2.jpg,False,False,train,False
P_ed592fd9,train,n004912,data/processed/faces\S_f6967f13.jpg,data/processed/faces\S_3184e6e7.jpg,False,False,train,False
P_478906d6,train,n004912,data/processed/faces\S_f6967f13.jpg,data/processed/faces\S_9b42aafd.jpg,False,False,train,False
P_78bf3a66,train,n004912,data/processed/faces\S_f6967f13.jpg,data/processed/faces\S_61b9c52d.jpg,False,False,train,False
P_07d886ce,train,n004912,data/processed/faces\S_f6967f13.jpg,data/processed/faces\S_bf0e8c60.jpg,False,False,train,False
P_d88fa356,train,n004912,data/processed/faces\S_f6967f13.jpg,data/processed/faces\S_28183538.jpg,False,False,train,False
P_1bf7b39f,train,n004912,data/processed/faces\S_f6967f13.jpg,data/processed/faces\S_d3383da4.jpg,False,False,train,False
P_54036db5,train,n004912,data/processed/faces\S_f6967f13.jpg,data/processed/faces\S_3c74274f.jpg,False,False,train,False
P_6edc40c6,train,n004912,data/processed/faces\S_f6967f13.jpg,data/processed/faces\S_5ca4b7eb.jpg,False,False,train,False
P_614db4d2,train,n004912,data/processed/faces\S_f6967f13.jpg,data/processed/faces\S_abb79410.jpg,False,False,train,False
P_3362bfad,train,n004912,data/processed/faces\S_f6967f13.jpg,data/processed/faces\S_da811f59.jpg,False,False,train,False
P_e3b0b444,train,n004912,data/processed/faces\S_f6967f13.jpg,data/processed/faces\S_dbb7b864.jpg,False,False,train,False
P_8120e873,train,n004912,data/processed/faces\S_f6967f13.jpg,data/processed/faces\S_7d0e7021.jpg,False,False,train,False
P_ae6ebb65,train,n004912,data/processed/faces\S_f6967f13.jpg,data/processed/faces\S_a7f7a7ec.jpg,False,False,train,False
P_a99402c3,train,n004912,data/processed/faces\S_f6967f13.jpg,data/processed/faces\S_22c7fb8c.jpg,False,False,train,False
P_5c221cff,train,n004912,data/processed/faces\S_f6967f13.jpg,data/processed/faces\S_812b1a00.jpg,False,False,train,False
P_a2b0a132,train,n004912,data/processed/faces\S_f6967f13.jpg,data/processed/faces\S_3a1ea65e.jpg,False,False,train,False
P_e46b0137,train,n004912,data/processed/faces\S_f6967f13.jpg,data/processed/faces\S_a7259c06.jpg,False,False,train,False
P_b73e22a5,train,n004912,data/processed/faces\S_f6967f13.jpg,data/processed/faces\S_1678415d.jpg,False,False,train,False
P_cc23a78b,train,n004912,data/processed/faces\S_f6967f13.jpg,data/processed/faces\S_1fc03747.jpg,False,False,train,False
P_08756eee,train,n004912,data/processed/faces\S_f6967f13.jpg,data/processed/faces\S_77717647.jpg,False,False,train,False
P_1454959d,train,n004912,data/processed/faces\S_f6967f13.jpg,data/processed/faces\S_916bc2bd.jpg,False,False,train,False
P_b727496a,train,n004912,data/processed/faces\S_f6967f13.jpg,data/processed/faces\S_4521639a.jpg,False,False,train,False
P_bfb518e4,train,n004912,data/processed/faces\S_f6967f13.jpg,data/processed/faces\S_f8e79b4f.jpg,False,False,train,False
P_955c66d1,train,n004912,data/processed/faces\S_f6967f13.jpg,data/processed/faces\S_715e9871.jpg,False,False,train,False
P_4a74713e,train,n004912,data/processed/faces\S_f6967f13.jpg,data/processed/faces\S_5f5b1d96.jpg,False,False,train,False
P_48d85991,train,n004912,data/processed/faces\S_f6967f13.jpg,data/processed/faces\S_619b8d8c.jpg,False,False,train,False
P_8ad30ace,train,n004912,data/processed/faces\S_f6967f13.jpg,data/processed/faces\S_7b25602d.jpg,False,False,train,False
P_1e719036,train,n004912,data/processed/faces\S_f6967f13.jpg,data/processed/faces\S_ca8f763f.jpg,False,False,train,False
P_1ee57bdf,train,n004912,data/processed/faces\S_f6967f13.jpg,data/processed/faces\S_79b83ac0.jpg,False,False,train,False
P_c717d8bf,train,n004912,data/processed/faces\S_f6967f13.jpg,data/processed/faces\S_b87e6a5f.jpg,False,False,train,False
P_94e24163,train,n004912,data/processed/faces\S_f6967f13.jpg,data/processed/faces\S_c49d48be.jpg,False,False,train,False
P_12c27577,train,n004912,data/processed/faces\S_f6967f13.jpg,data/processed/faces\S_931a63ea.jpg,False,False,train,False
P_af701c7a,train,n004912,data/processed/faces\S_f6967f13.jpg,data/processed/faces\S_50e327cf.jpg,False,False,train,False
P_4e16d8ee,train,n004912,data/processed/faces\S_f6967f13.jpg,data/processed/faces\S_c1133b49.jpg,False,False,train,False
P_3a6084ff,train,n004912,data/processed/faces\S_f6967f13.jpg,data/processed/faces\S_aa5942a8.jpg,False,False,train,False
P_e7764138,train,n004912,data/processed/faces\S_f6967f13.jpg,data/processed/faces\S_420d5d07.jpg,False,False,train,False
P_bb9685f2,train,n004912,data/processed/faces\S_f6967f13.jpg,data/processed/faces\S_bf7d0e94.jpg,False,False,train,False
P_4a5ff54c,train,n004912,data/processed/faces\S_f6967f13.jpg,data/processed/faces\S_2d94c9a2.jpg,False,False,train,False
P_46dd9302,train,n004912,data/processed/faces\S_f6967f13.jpg,data/processed/faces\S_95efc6e9.jpg,False,False,train,False
P_12a22f49,train,n004912,data/processed/faces\S_f6967f13.jpg,data/processed/faces\S_a6d2b9fd.jpg,False,False,train,False
P_2ab434f1,train,n004912,data/processed/faces\S_f6967f13.jpg,data/processed/faces\S_4a1f7761.jpg,False,False,train,False
P_e8909bc7,train,n004912,data/processed/faces\S_f6967f13.jpg,data/processed/faces\S_bff923e4.jpg,False,False,train,False
P_5d76f122,train,n004912,data/processed/faces\S_f6967f13.jpg,data/processed/faces\S_b526e22a.jpg,False,False,train,False
P_89ea45bc,train,n004912,data/processed/faces\S_f6967f13.jpg,data/processed/faces\S_df3828ad.jpg,False,False,train,False
P_fdaec7ac,train,n004912,data/processed/faces\S_f6967f13.jpg,data/processed/faces\S_c0f830ac.jpg,False,False,train,False
P_5c27089d,train,n004912,data/processed/faces\S_f6967f13.jpg,data/processed/faces\S_68ff3edf.jpg,False,False,train,False
P_9e764433,train,n004912,data/processed/faces\S_f6967f13.jpg,data/processed/faces\S_8d71b2a3.jpg,False,False,train,False
P_436526ff,train,n004912,data/processed/faces\S_f6967f13.jpg,data/processed/faces\S_e8cb28a8.jpg,False,False,train,False
P_ee0b899d,train,n004912,data/processed/faces\S_f6967f13.jpg,data/processed/faces\S_eef2309d.jpg,False,False,train,False
P_4e9aaee5,train,n004912,data/processed/faces\S_f6967f13.jpg,data/processed/faces\S_72e6cc44.jpg,False,False,train,False
P_1791e443,train,n004912,data/processed/faces\S_f6967f13.jpg,data/processed/faces\S_69ab6a9e.jpg,False,False,train,False
P_2de0d2a7,train,n004912,data/processed/faces\S_f6967f13.jpg,data/processed/faces\S_1e78837f.jpg,False,False,train,False
P_ead35128,train,n004912,data/processed/faces\S_f6967f13.jpg,data/processed/faces\S_ad748bcf.jpg,False,False,train,False
P_c93dbd02,train,n004912,data/processed/faces\S_f6967f13.jpg,data/processed/faces\S_b419393d.jpg,False,False,train,False
P_b321894c,train,n004912,data/processed/faces\S_f6967f13.jpg,data/processed/faces\S_b00dc2af.jpg,False,False,train,False
P_124dcf19,train,n004912,data/processed/faces\S_f6967f13.jpg,data/processed/faces\S_97263ce9.jpg,False,False,train,False
P_2c8681d1,train,n004912,data/processed/faces\S_f6967f13.jpg,data/processed/faces\S_4877ec6c.jpg,False,False,train,False
P_79f14c58,train,n004912,data/processed/faces\S_f6967f13.jpg,data/processed/faces\S_3c8af2c1.jpg,False,False,train,False
P_dba34591,train,n004912,data/processed/faces\S_f6967f13.jpg,data/processed/faces\S_14c34848.jpg,False,False,train,False
P_697fcf63,train,n004912,data/processed/faces\S_f6967f13.jpg,data/processed/faces\S_a333f13a.jpg,False,False,train,False
P_01eb64a2,train,n004912,data/processed/faces\S_f6967f13.jpg,data/processed/faces\S_43c9b315.jpg,False,False,train,False
P_967bda75,train,n004912,data/processed/faces\S_f6967f13.jpg,data/processed/faces\S_a24b483c.jpg,False,False,train,False
P_709d7a23,train,n004912,data/processed/faces\S_f6967f13.jpg,data/generated/face_swaps\SW_148e54aa.jpg,False,False,train,False
P_bf5ac545,train,n004912,data/processed/faces\S_f6967f13.jpg,data/generated/face_swaps\SW_509a50c4.jpg,False,False,train,False
P_b47a9fde,train,n004912,data/processed/faces\S_f6967f13.jpg,data/generated/face_swaps\SW_6d0b7bbe.jpg,False,False,train,False
P_3287a8e5,train,n004912,data/processed/faces\S_f6967f13.jpg,data/generated/face_swaps\SW_0605e275.jpg,False,False,train,False
P_0b799af8,train,n004912,data/processed/faces\S_f6967f13.jpg,data/generated/face_swaps\SW_4e0a00ca.jpg,False,False,train,False
P_b2589531,train,n004912,data/processed/faces\S_f6967f13.jpg,data/generated/face_swaps\SW_22c0dc52.jpg,False,False,train,False
P_6fd55881,train,n004912,data/processed/faces\S_f6967f13.jpg,data/generated/face_swaps\SW_dbbba71a.jpg,False,False,train,False
P_ed10f1c3,train,n004912,data/processed/faces\S_f6967f13.jpg,data/generated/face_swaps\SW_7f6bbe14.jpg,False,False,train,False
P_2fd9ed60,train,n004912,data/processed/faces\S_f6967f13.jpg,data/generated/face_swaps\SW_38cf3909.jpg,False,False,train,False
P_709306f7,train,n004912,data/processed/faces\S_f6967f13.jpg,data/generated/face_swaps\SW_4b0061b9.jpg,False,False,train,False
P_1950e3d5,train,n005004,data/processed/faces\S_19ba00cc.jpg,data/processed/faces\S_bb32cd4e.jpg,False,False,train,False
P_31590d3f,train,n005004,data/processed/faces\S_19ba00cc.jpg,data/processed/faces\S_eb371c22.jpg,False,False,train,False
P_83ee3d6c,train,n005004,data/processed/faces\S_19ba00cc.jpg,data/processed/faces\S_f4a3f0cf.jpg,False,False,train,False
P_5533198b,train,n005004,data/processed/faces\S_19ba00cc.jpg,data/processed/faces\S_136aa054.jpg,False,False,train,False
P_68824e2e,train,n005004,data/processed/faces\S_19ba00cc.jpg,data/processed/faces\S_ec23ff11.jpg,False,False,train,False
P_54d981f3,train,n005004,data/processed/faces\S_19ba00cc.jpg,data/processed/faces\S_a2981f28.jpg,False,False,train,False
P_08a9a1d0,train,n005004,data/processed/faces\S_19ba00cc.jpg,data/processed/faces\S_86881d86.jpg,False,False,train,False
P_de5b25dc,train,n005004,data/processed/faces\S_19ba00cc.jpg,data/processed/faces\S_2e415034.jpg,False,False,train,False
P_ee81c07c,train,n005004,data/processed/faces\S_19ba00cc.jpg,data/processed/faces\S_97f5e681.jpg,False,False,train,False
P_4774e216,train,n005004,data/processed/faces\S_19ba00cc.jpg,data/processed/faces\S_4e677f93.jpg,False,False,train,False
P_19e23b6a,train,n005004,data/processed/faces\S_19ba00cc.jpg,data/processed/faces\S_fe4a18ba.jpg,False,False,train,False
P_6fe0cb39,train,n005004,data/processed/faces\S_19ba00cc.jpg,data/processed/faces\S_6b2c8fd9.jpg,False,False,train,False
P_c92c89fd,train,n005004,data/processed/faces\S_19ba00cc.jpg,data/processed/faces\S_da990133.jpg,False,False,train,False
P_ebf5b2bb,train,n005004,data/processed/faces\S_19ba00cc.jpg,data/processed/faces\S_df599e79.jpg,False,False,train,False
P_5bc6f936,train,n005004,data/processed/faces\S_19ba00cc.jpg,data/processed/faces\S_2997b0c2.jpg,False,False,train,False
P_a5e38c13,train,n005004,data/processed/faces\S_19ba00cc.jpg,data/processed/faces\S_5b46e367.jpg,False,False,train,False
P_5212b5d2,train,n005004,data/processed/faces\S_19ba00cc.jpg,data/processed/faces\S_54250c73.jpg,False,False,train,False
P_0160c776,train,n005004,data/processed/faces\S_19ba00cc.jpg,data/processed/faces\S_1e78837f.jpg,False,False,train,False
P_11f5b6df,train,n005004,data/processed/faces\S_19ba00cc.jpg,data/processed/faces\S_a05bf827.jpg,False,False,train,False
P_183a4e3d,train,n005004,data/processed/faces\S_19ba00cc.jpg,data/processed/faces\S_a98d8d2d.jpg,False,False,train,False
P_3c9fd298,train,n005004,data/processed/faces\S_19ba00cc.jpg,data/processed/faces\S_84871f9b.jpg,False,False,train,False
P_23f085bc,train,n005004,data/processed/faces\S_19ba00cc.jpg,data/processed/faces\S_abf544ed.jpg,False,False,train,False
P_519d6f21,train,n005004,data/processed/faces\S_19ba00cc.jpg,data/processed/faces\S_46e350ad.jpg,False,False,train,False
P_1f5acd9c,train,n005004,data/processed/faces\S_19ba00cc.jpg,data/processed/faces\S_cca1a463.jpg,False,False,train,False
P_dcb776ac,train,n005004,data/processed/faces\S_19ba00cc.jpg,data/processed/faces\S_4eddba74.jpg,False,False,train,False
P_f52068f7,train,n005004,data/processed/faces\S_19ba00cc.jpg,data/processed/faces\S_4f51a125.jpg,False,False,train,False
P_1a7ae7f5,train,n005004,data/processed/faces\S_19ba00cc.jpg,data/processed/faces\S_45bacc6b.jpg,False,False,train,False
P_e536b702,train,n005004,data/processed/faces\S_19ba00cc.jpg,data/processed/faces\S_2073fc1f.jpg,False,False,train,False
P_9c24f21e,train,n005004,data/processed/faces\S_19ba00cc.jpg,data/processed/faces\S_667c70e8.jpg,False,False,train,False
P_13c92125,train,n005004,data/processed/faces\S_19ba00cc.jpg,data/processed/faces\S_94bb0e33.jpg,False,False,train,False
P_38a877eb,train,n005004,data/processed/faces\S_19ba00cc.jpg,data/processed/faces\S_1d694885.jpg,False,False,train,False
P_7f9f3bdd,train,n005004,data/processed/faces\S_19ba00cc.jpg,data/processed/faces\S_f287d757.jpg,False,False,train,False
P_e04cd624,train,n005004,data/processed/faces\S_19ba00cc.jpg,data/processed/faces\S_ce367318.jpg,False,False,train,False
P_6a3e8c1c,train,n005004,data/processed/faces\S_19ba00cc.jpg,data/processed/faces\S_8b0ee823.jpg,False,False,train,False
P_601c1958,train,n005004,data/processed/faces\S_19ba00cc.jpg,data/processed/faces\S_f8c026c0.jpg,False,False,train,False
P_d98fa6e5,train,n005004,data/processed/faces\S_19ba00cc.jpg,data/processed/faces\S_690a7e26.jpg,False,False,train,False
P_bda3bc6a,train,n005004,data/processed/faces\S_19ba00cc.jpg,data/processed/faces\S_5f14a6a6.jpg,False,False,train,False
P_ef061247,train,n005004,data/processed/faces\S_19ba00cc.jpg,data/processed/faces\S_b37eb739.jpg,False,False,train,False
P_73ff25ab,train,n005004,data/processed/faces\S_19ba00cc.jpg,data/processed/faces\S_75fcb36c.jpg,False,False,train,False
P_766c30fd,train,n005004,data/processed/faces\S_19ba00cc.jpg,data/processed/faces\S_32f1dc01.jpg,False,False,train,False
P_9812cc57,train,n005004,data/processed/faces\S_19ba00cc.jpg,data/processed/faces\S_2c4826de.jpg,False,False,train,False
P_f10c823e,train,n005004,data/processed/faces\S_19ba00cc.jpg,data/processed/faces\S_4e5b75b6.jpg,False,False,train,False
P_a7ff89ac,train,n005004,data/processed/faces\S_19ba00cc.jpg,data/processed/faces\S_a5e97867.jpg,False,False,train,False
P_e8ef12d1,train,n005004,data/processed/faces\S_19ba00cc.jpg,data/processed/faces\S_39608fb8.jpg,False,False,train,False
P_2dbf7fda,train,n005004,data/processed/faces\S_19ba00cc.jpg,data/processed/faces\S_82ba9820.jpg,False,False,train,False
P_8cd0f901,train,n005004,data/processed/faces\S_19ba00cc.jpg,data/processed/faces\S_cf43726c.jpg,False,False,train,False
P_b778b62c,train,n005004,data/processed/faces\S_19ba00cc.jpg,data/processed/faces\S_6817a167.jpg,False,False,train,False
P_9dddb597,train,n005004,data/processed/faces\S_19ba00cc.jpg,data/processed/faces\S_65cd1c28.jpg,False,False,train,False
P_16ac1dd1,train,n005004,data/processed/faces\S_19ba00cc.jpg,data/processed/faces\S_6076426d.jpg,False,False,train,False
P_a6b96548,train,n005004,data/processed/faces\S_19ba00cc.jpg,data/processed/faces\S_8cf15c14.jpg,False,False,train,False
P_7a2ba0ca,train,n005004,data/processed/faces\S_19ba00cc.jpg,data/processed/faces\S_d5a11e33.jpg,False,False,train,False
P_5bbdc5fb,train,n005004,data/processed/faces\S_19ba00cc.jpg,data/processed/faces\S_0ec6aaf6.jpg,False,False,train,False
P_e2b0e7ae,train,n005004,data/processed/faces\S_19ba00cc.jpg,data/processed/faces\S_ad8a593c.jpg,False,False,train,False
P_281e8d24,train,n005004,data/processed/faces\S_19ba00cc.jpg,data/processed/faces\S_07349ce0.jpg,False,False,train,False
P_94404402,train,n005004,data/processed/faces\S_19ba00cc.jpg,data/processed/faces\S_f90d4cd7.jpg,False,False,train,False
P_6d818125,train,n005004,data/processed/faces\S_19ba00cc.jpg,data/processed/faces\S_071b69c7.jpg,False,False,train,False
P_00bff443,train,n005004,data/processed/faces\S_19ba00cc.jpg,data/processed/faces\S_916bc2bd.jpg,False,False,train,False
P_27208a9e,train,n005004,data/processed/faces\S_19ba00cc.jpg,data/processed/faces\S_43eda810.jpg,False,False,train,False
P_da45ce44,train,n005004,data/processed/faces\S_19ba00cc.jpg,data/processed/faces\S_d7acdaf4.jpg,False,False,train,False
P_db0e9e03,train,n005004,data/processed/faces\S_19ba00cc.jpg,data/processed/faces\S_2d146900.jpg,False,False,train,False
P_9264bc68,train,n005004,data/processed/faces\S_19ba00cc.jpg,data/processed/faces\S_65bb1904.jpg,False,False,train,False
P_e7e94d15,train,n005004,data/processed/faces\S_19ba00cc.jpg,data/processed/faces\S_0392a944.jpg,False,False,train,False
P_502bf914,train,n005004,data/processed/faces\S_19ba00cc.jpg,data/processed/faces\S_f19933fd.jpg,False,False,train,False
P_d63296ac,train,n005004,data/processed/faces\S_19ba00cc.jpg,data/processed/faces\S_a238f075.jpg,False,False,train,False
P_ce734224,train,n005004,data/processed/faces\S_19ba00cc.jpg,data/processed/faces\S_ca3151de.jpg,False,False,train,False
P_9a00acba,train,n005004,data/processed/faces\S_19ba00cc.jpg,data/processed/faces\S_b4b71a0e.jpg,False,False,train,False
P_c94e8ebf,train,n005004,data/processed/faces\S_19ba00cc.jpg,data/processed/faces\S_096aa73b.jpg,False,False,train,False
P_0cf01436,train,n005004,data/processed/faces\S_19ba00cc.jpg,data/generated/face_swaps\SW_2f10da2d.jpg,False,False,train,False
P_d4fb7507,train,n005004,data/processed/faces\S_19ba00cc.jpg,data/generated/face_swaps\SW_a95d3c5a.jpg,False,False,train,False
P_358635d4,train,n005004,data/processed/faces\S_19ba00cc.jpg,data/generated/face_swaps\SW_a77408be.jpg,False,False,train,False
P_5ad74ec0,train,n005004,data/processed/faces\S_19ba00cc.jpg,data/generated/face_swaps\SW_735a1d4b.jpg,False,False,train,False
P_7d8f0356,train,n005004,data/processed/faces\S_19ba00cc.jpg,data/generated/face_swaps\SW_1709f04f.jpg,False,False,train,False
P_1f0f4a8b,train,n005004,data/processed/faces\S_19ba00cc.jpg,data/generated/face_swaps\SW_c996bebb.jpg,False,False,train,False
P_164b4826,train,n005004,data/processed/faces\S_19ba00cc.jpg,data/generated/face_swaps\SW_f32b5df5.jpg,False,False,train,False
P_50cfac81,train,n005004,data/processed/faces\S_19ba00cc.jpg,data/generated/face_swaps\SW_2a1bac90.jpg,False,False,train,False
P_4139aed8,train,n005004,data/processed/faces\S_19ba00cc.jpg,data/generated/face_swaps\SW_47c3acce.jpg,False,False,train,False
P_8717a7e1,train,n005004,data/processed/faces\S_19ba00cc.jpg,data/generated/face_swaps\SW_213fa794.jpg,False,False,train,False
P_cc9d4d57,train,n005116,data/processed/faces\S_e0fcdda1.jpg,data/processed/faces\S_470f57e9.jpg,False,False,train,False
P_4d2de3ee,train,n005116,data/processed/faces\S_e0fcdda1.jpg,data/processed/faces\S_5a98a50b.jpg,False,False,train,False
P_b1c49e54,train,n005116,data/processed/faces\S_e0fcdda1.jpg,data/processed/faces\S_f6b43b25.jpg,False,False,train,False
P_e8d449b7,train,n005116,data/processed/faces\S_e0fcdda1.jpg,data/processed/faces\S_fec2e825.jpg,False,False,train,False
P_cf86fd03,train,n005116,data/processed/faces\S_e0fcdda1.jpg,data/processed/faces\S_b7080804.jpg,False,False,train,False
P_0cfc41f1,train,n005116,data/processed/faces\S_e0fcdda1.jpg,data/processed/faces\S_b8ebc091.jpg,False,False,train,False
P_736ce976,train,n005116,data/processed/faces\S_e0fcdda1.jpg,data/processed/faces\S_d77b6cdc.jpg,False,False,train,False
P_e5aa1fc2,train,n005116,data/processed/faces\S_e0fcdda1.jpg,data/processed/faces\S_322cc5b5.jpg,False,False,train,False
P_96ca09ec,train,n005116,data/processed/faces\S_e0fcdda1.jpg,data/processed/faces\S_38ce6c33.jpg,False,False,train,False
P_0f6ce209,train,n005116,data/processed/faces\S_e0fcdda1.jpg,data/processed/faces\S_3283e5ad.jpg,False,False,train,False
P_59938ee2,train,n005116,data/processed/faces\S_e0fcdda1.jpg,data/processed/faces\S_b1023e95.jpg,False,False,train,False
P_571e1322,train,n005116,data/processed/faces\S_e0fcdda1.jpg,data/processed/faces\S_d3ead753.jpg,False,False,train,False
P_3160a0b3,train,n005116,data/processed/faces\S_e0fcdda1.jpg,data/processed/faces\S_9ee49aad.jpg,False,False,train,False
P_21c1a396,train,n005116,data/processed/faces\S_e0fcdda1.jpg,data/processed/faces\S_7de03d7e.jpg,False,False,train,False
P_a577bb5d,train,n005116,data/processed/faces\S_e0fcdda1.jpg,data/processed/faces\S_90f286b1.jpg,False,False,train,False
P_b8d9d787,train,n005116,data/processed/faces\S_e0fcdda1.jpg,data/processed/faces\S_5d60eb03.jpg,False,False,train,False
P_b83e85ff,train,n005116,data/processed/faces\S_e0fcdda1.jpg,data/processed/faces\S_c80ee50d.jpg,False,False,train,False
P_83f6bc26,train,n005116,data/processed/faces\S_e0fcdda1.jpg,data/processed/faces\S_8a88a11b.jpg,False,False,train,False
P_6a83b655,train,n005116,data/processed/faces\S_e0fcdda1.jpg,data/processed/faces\S_86a543a1.jpg,False,False,train,False
P_a27fbdd0,train,n005116,data/processed/faces\S_e0fcdda1.jpg,data/processed/faces\S_6772048b.jpg,False,False,train,False
P_86bcb0d1,train,n005116,data/processed/faces\S_e0fcdda1.jpg,data/processed/faces\S_c840de20.jpg,False,False,train,False
P_c098aff5,train,n005116,data/processed/faces\S_e0fcdda1.jpg,data/processed/faces\S_fb3630c9.jpg,False,False,train,False
P_4d52e979,train,n005116,data/processed/faces\S_e0fcdda1.jpg,data/processed/faces\S_8f2aab0a.jpg,False,False,train,False
P_d53d3931,train,n005116,data/processed/faces\S_e0fcdda1.jpg,data/processed/faces\S_68314d5e.jpg,False,False,train,False
P_495f9bc4,train,n005116,data/processed/faces\S_e0fcdda1.jpg,data/processed/faces\S_43eda810.jpg,False,False,train,False
P_be32c5be,train,n005116,data/processed/faces\S_e0fcdda1.jpg,data/processed/faces\S_73df2648.jpg,False,False,train,False
P_ab8ac70b,train,n005116,data/processed/faces\S_e0fcdda1.jpg,data/processed/faces\S_a750c623.jpg,False,False,train,False
P_602bc5a3,train,n005116,data/processed/faces\S_e0fcdda1.jpg,data/processed/faces\S_526ba0d1.jpg,False,False,train,False
P_416d0ed5,train,n005116,data/processed/faces\S_e0fcdda1.jpg,data/processed/faces\S_31b91d82.jpg,False,False,train,False
P_8b1522bc,train,n005116,data/processed/faces\S_e0fcdda1.jpg,data/processed/faces\S_3281b57d.jpg,False,False,train,False
P_741d00b3,train,n005116,data/processed/faces\S_e0fcdda1.jpg,data/processed/faces\S_65ab9963.jpg,False,False,train,False
P_6fe1b665,train,n005116,data/processed/faces\S_e0fcdda1.jpg,data/processed/faces\S_b8183df2.jpg,False,False,train,False
P_a72b163c,train,n005116,data/processed/faces\S_e0fcdda1.jpg,data/processed/faces\S_3051fc46.jpg,False,False,train,False
P_3006f469,train,n005116,data/processed/faces\S_e0fcdda1.jpg,data/processed/faces\S_ad748bcf.jpg,False,False,train,False
P_91f65552,train,n005116,data/processed/faces\S_e0fcdda1.jpg,data/processed/faces\S_07a82e1a.jpg,False,False,train,False
P_8df300a4,train,n005116,data/processed/faces\S_e0fcdda1.jpg,data/processed/faces\S_f8ac9c99.jpg,False,False,train,False
P_1a6776ed,train,n005116,data/processed/faces\S_e0fcdda1.jpg,data/processed/faces\S_b6096267.jpg,False,False,train,False
P_9233dd4a,train,n005116,data/processed/faces\S_e0fcdda1.jpg,data/processed/faces\S_79d315af.jpg,False,False,train,False
P_e3839d7f,train,n005116,data/processed/faces\S_e0fcdda1.jpg,data/processed/faces\S_7c975ab9.jpg,False,False,train,False
P_a61c6fad,train,n005116,data/processed/faces\S_e0fcdda1.jpg,data/processed/faces\S_c48b0e31.jpg,False,False,train,False
P_f6f86d44,train,n005116,data/processed/faces\S_e0fcdda1.jpg,data/processed/faces\S_32f1dc01.jpg,False,False,train,False
P_74bbac8b,train,n005116,data/processed/faces\S_e0fcdda1.jpg,data/processed/faces\S_1591a1e9.jpg,False,False,train,False
P_3919c700,train,n005116,data/processed/faces\S_e0fcdda1.jpg,data/processed/faces\S_b186647f.jpg,False,False,train,False
P_7351a978,train,n005116,data/processed/faces\S_e0fcdda1.jpg,data/processed/faces\S_3688bd99.jpg,False,False,train,False
P_cf11d025,train,n005116,data/processed/faces\S_e0fcdda1.jpg,data/processed/faces\S_39608fb8.jpg,False,False,train,False
P_fcaa481f,train,n005116,data/processed/faces\S_e0fcdda1.jpg,data/processed/faces\S_a6e3a74f.jpg,False,False,train,False
P_c801b6e2,train,n005116,data/processed/faces\S_e0fcdda1.jpg,data/processed/faces\S_2d37fbc7.jpg,False,False,train,False
P_4009bd32,train,n005116,data/processed/faces\S_e0fcdda1.jpg,data/processed/faces\S_5fa300bc.jpg,False,False,train,False
P_33d05cdb,train,n005116,data/processed/faces\S_e0fcdda1.jpg,data/processed/faces\S_574c68ad.jpg,False,False,train,False
P_9256fd98,train,n005116,data/processed/faces\S_e0fcdda1.jpg,data/processed/faces\S_bb880f8a.jpg,False,False,train,False
P_3474d8a6,train,n005116,data/processed/faces\S_e0fcdda1.jpg,data/processed/faces\S_8dbacd41.jpg,False,False,train,False
P_ff24f12b,train,n005116,data/processed/faces\S_e0fcdda1.jpg,data/processed/faces\S_527fed5c.jpg,False,False,train,False
P_6b2d337c,train,n005116,data/processed/faces\S_e0fcdda1.jpg,data/processed/faces\S_8d71b2a3.jpg,False,False,train,False
P_fb67c8f4,train,n005116,data/processed/faces\S_e0fcdda1.jpg,data/processed/faces\S_ad8a593c.jpg,False,False,train,False
P_6d32279a,train,n005116,data/processed/faces\S_e0fcdda1.jpg,data/processed/faces\S_da588812.jpg,False,False,train,False
P_4e9efefd,train,n005116,data/processed/faces\S_e0fcdda1.jpg,data/processed/faces\S_3e5d7f51.jpg,False,False,train,False
P_077d380e,train,n005116,data/processed/faces\S_e0fcdda1.jpg,data/processed/faces\S_f434f411.jpg,False,False,train,False
P_6b3d4f19,train,n005116,data/processed/faces\S_e0fcdda1.jpg,data/processed/faces\S_77717647.jpg,False,False,train,False
P_4428dc5b,train,n005116,data/processed/faces\S_e0fcdda1.jpg,data/processed/faces\S_b37eb739.jpg,False,False,train,False
P_0e6c5f24,train,n005116,data/processed/faces\S_e0fcdda1.jpg,data/processed/faces\S_c19d59f1.jpg,False,False,train,False
P_ec500a7e,train,n005116,data/processed/faces\S_e0fcdda1.jpg,data/processed/faces\S_2d146900.jpg,False,False,train,False
P_30b66f9e,train,n005116,data/processed/faces\S_e0fcdda1.jpg,data/processed/faces\S_3072085d.jpg,False,False,train,False
P_c7833a12,train,n005116,data/processed/faces\S_e0fcdda1.jpg,data/processed/faces\S_c68ff502.jpg,False,False,train,False
P_baf1a7fb,train,n005116,data/processed/faces\S_e0fcdda1.jpg,data/processed/faces\S_7c3c1bc9.jpg,False,False,train,False
P_9a216ec2,train,n005116,data/processed/faces\S_e0fcdda1.jpg,data/processed/faces\S_f14b2200.jpg,False,False,train,False
P_eaaf2074,train,n005116,data/processed/faces\S_e0fcdda1.jpg,data/processed/faces\S_e77b596a.jpg,False,False,train,False
P_047e9751,train,n005116,data/processed/faces\S_e0fcdda1.jpg,data/processed/faces\S_85fe3dfb.jpg,False,False,train,False
P_78e04a3d,train,n005116,data/processed/faces\S_e0fcdda1.jpg,data/processed/faces\S_e746f9a6.jpg,False,False,train,False
P_b0799b0e,train,n005116,data/processed/faces\S_e0fcdda1.jpg,data/generated/face_swaps\SW_beeee8fd.jpg,False,False,train,False
P_773d4bd4,train,n005116,data/processed/faces\S_e0fcdda1.jpg,data/generated/face_swaps\SW_f0f55b43.jpg,False,False,train,False
P_49b3991a,train,n005116,data/processed/faces\S_e0fcdda1.jpg,data/generated/face_swaps\SW_e6748821.jpg,False,False,train,False
P_a1732aeb,train,n005116,data/processed/faces\S_e0fcdda1.jpg,data/generated/face_swaps\SW_c7e46c62.jpg,False,False,train,False
P_e4f8dca7,train,n005116,data/processed/faces\S_e0fcdda1.jpg,data/generated/face_swaps\SW_b073d093.jpg,False,False,train,False
P_365c7b4c,train,n005116,data/processed/faces\S_e0fcdda1.jpg,data/generated/face_swaps\SW_543a1679.jpg,False,False,train,False
P_13828984,train,n005116,data/processed/faces\S_e0fcdda1.jpg,data/generated/face_swaps\SW_6c31f50c.jpg,False,False,train,False
P_6c7f7153,train,n005116,data/processed/faces\S_e0fcdda1.jpg,data/generated/face_swaps\SW_7b59797b.jpg,False,False,train,False
P_c7f959e1,train,n005116,data/processed/faces\S_e0fcdda1.jpg,data/generated/face_swaps\SW_3033be6b.jpg,False,False,train,False
P_939fd406,train,n005116,data/processed/faces\S_e0fcdda1.jpg,data/generated/face_swaps\SW_16a2d73a.jpg,False,False,train,False
P_6ea95f9f,train,n005141,data/processed/faces\S_d94cd41d.jpg,data/processed/faces\S_4546f4d6.jpg,False,False,train,False
P_92bee0b6,train,n005141,data/processed/faces\S_d94cd41d.jpg,data/processed/faces\S_ad7f0815.jpg,False,False,train,False
P_c5bed2f6,train,n005141,data/processed/faces\S_d94cd41d.jpg,data/processed/faces\S_183ad06d.jpg,False,False,train,False
P_5d58f990,train,n005141,data/processed/faces\S_d94cd41d.jpg,data/processed/faces\S_4a0157aa.jpg,False,False,train,False
P_2ad8c21f,train,n005141,data/processed/faces\S_d94cd41d.jpg,data/processed/faces\S_cbcc7e2c.jpg,False,False,train,False
P_d442c973,train,n005141,data/processed/faces\S_d94cd41d.jpg,data/processed/faces\S_42187b6c.jpg,False,False,train,False
P_9a05160d,train,n005141,data/processed/faces\S_d94cd41d.jpg,data/processed/faces\S_ede141bc.jpg,False,False,train,False
P_032b848d,train,n005141,data/processed/faces\S_d94cd41d.jpg,data/processed/faces\S_2baeba43.jpg,False,False,train,False
P_1c700f55,train,n005141,data/processed/faces\S_d94cd41d.jpg,data/processed/faces\S_0f53b076.jpg,False,False,train,False
P_4241cf1d,train,n005141,data/processed/faces\S_d94cd41d.jpg,data/processed/faces\S_01a7a893.jpg,False,False,train,False
P_a525063c,train,n005141,data/processed/faces\S_d94cd41d.jpg,data/processed/faces\S_5622c2b3.jpg,False,False,train,False
P_1cc3af0a,train,n005141,data/processed/faces\S_d94cd41d.jpg,data/processed/faces\S_30b633e7.jpg,False,False,train,False
P_bd8c984c,train,n005141,data/processed/faces\S_d94cd41d.jpg,data/processed/faces\S_5160737f.jpg,False,False,train,False
P_49c9de3f,train,n005141,data/processed/faces\S_d94cd41d.jpg,data/processed/faces\S_5c48e0a3.jpg,False,False,train,False
P_9b8f10b0,train,n005141,data/processed/faces\S_d94cd41d.jpg,data/processed/faces\S_29db818f.jpg,False,False,train,False
P_75dc18a4,train,n005141,data/processed/faces\S_d94cd41d.jpg,data/processed/faces\S_ed63af13.jpg,False,False,train,False
P_ae7b6c5a,train,n005141,data/processed/faces\S_d94cd41d.jpg,data/processed/faces\S_90b74fbb.jpg,False,False,train,False
P_64b9c050,train,n005141,data/processed/faces\S_d94cd41d.jpg,data/processed/faces\S_1f669d69.jpg,False,False,train,False
P_19d28670,train,n005141,data/processed/faces\S_d94cd41d.jpg,data/processed/faces\S_50126445.jpg,False,False,train,False
P_010f3d0e,train,n005141,data/processed/faces\S_d94cd41d.jpg,data/processed/faces\S_ceaa8669.jpg,False,False,train,False
P_ed5ef421,train,n005141,data/processed/faces\S_d94cd41d.jpg,data/processed/faces\S_70b2d2fb.jpg,False,False,train,False
P_5658d865,train,n005141,data/processed/faces\S_d94cd41d.jpg,data/processed/faces\S_97cd5db2.jpg,False,False,train,False
P_c5166639,train,n005141,data/processed/faces\S_d94cd41d.jpg,data/processed/faces\S_f98e9145.jpg,False,False,train,False
P_d8e792a4,train,n005141,data/processed/faces\S_d94cd41d.jpg,data/processed/faces\S_1d8a820d.jpg,False,False,train,False
P_5a001d05,train,n005141,data/processed/faces\S_d94cd41d.jpg,data/processed/faces\S_e1a7d54a.jpg,False,False,train,False
P_9ae377d8,train,n005141,data/processed/faces\S_d94cd41d.jpg,data/processed/faces\S_5b361e2f.jpg,False,False,train,False
P_85c1f0eb,train,n005141,data/processed/faces\S_d94cd41d.jpg,data/processed/faces\S_b433134f.jpg,False,False,train,False
P_b355d2ff,train,n005141,data/processed/faces\S_d94cd41d.jpg,data/processed/faces\S_b459d85c.jpg,False,False,train,False
P_a7351c08,train,n005141,data/processed/faces\S_d94cd41d.jpg,data/processed/faces\S_8fe0be7a.jpg,False,False,train,False
P_f9c438c4,train,n005141,data/processed/faces\S_d94cd41d.jpg,data/processed/faces\S_38d9c6c7.jpg,False,False,train,False
P_a867c286,train,n005141,data/processed/faces\S_d94cd41d.jpg,data/processed/faces\S_6553c1db.jpg,False,False,train,False
P_b84c19db,train,n005141,data/processed/faces\S_d94cd41d.jpg,data/processed/faces\S_b419393d.jpg,False,False,train,False
P_3ad0a493,train,n005141,data/processed/faces\S_d94cd41d.jpg,data/processed/faces\S_65231dd5.jpg,False,False,train,False
P_a9ba89a2,train,n005141,data/processed/faces\S_d94cd41d.jpg,data/processed/faces\S_8ab0e122.jpg,False,False,train,False
P_8c5b04ec,train,n005141,data/processed/faces\S_d94cd41d.jpg,data/processed/faces\S_e0a1a72d.jpg,False,False,train,False
P_79d82ea5,train,n005141,data/processed/faces\S_d94cd41d.jpg,data/processed/faces\S_b31eccc9.jpg,False,False,train,False
P_0afc420a,train,n005141,data/processed/faces\S_d94cd41d.jpg,data/processed/faces\S_c19d59f1.jpg,False,False,train,False
P_441b3b16,train,n005141,data/processed/faces\S_d94cd41d.jpg,data/processed/faces\S_d7acdaf4.jpg,False,False,train,False
P_4e954bbe,train,n005141,data/processed/faces\S_d94cd41d.jpg,data/processed/faces\S_0ee32957.jpg,False,False,train,False
P_9aa7afc2,train,n005141,data/processed/faces\S_d94cd41d.jpg,data/processed/faces\S_c98880ec.jpg,False,False,train,False
P_cd85911a,train,n005141,data/processed/faces\S_d94cd41d.jpg,data/processed/faces\S_ce769d15.jpg,False,False,train,False
P_6b8dc1c4,train,n005141,data/processed/faces\S_d94cd41d.jpg,data/processed/faces\S_c81869c5.jpg,False,False,train,False
P_05ed35b4,train,n005141,data/processed/faces\S_d94cd41d.jpg,data/processed/faces\S_bf7d0e94.jpg,False,False,train,False
P_04553285,train,n005141,data/processed/faces\S_d94cd41d.jpg,data/processed/faces\S_98a31f16.jpg,False,False,train,False
P_27666c21,train,n005141,data/processed/faces\S_d94cd41d.jpg,data/processed/faces\S_280a4235.jpg,False,False,train,False
P_7b55706d,train,n005141,data/processed/faces\S_d94cd41d.jpg,data/processed/faces\S_82ba9820.jpg,False,False,train,False
P_23c9d2c1,train,n005141,data/processed/faces\S_d94cd41d.jpg,data/processed/faces\S_5fcfe7c7.jpg,False,False,train,False
P_696cd4bc,train,n005141,data/processed/faces\S_d94cd41d.jpg,data/processed/faces\S_081d3f28.jpg,False,False,train,False
P_c86765cd,train,n005141,data/processed/faces\S_d94cd41d.jpg,data/processed/faces\S_5d19351b.jpg,False,False,train,False
P_e96980aa,train,n005141,data/processed/faces\S_d94cd41d.jpg,data/processed/faces\S_0031ccd8.jpg,False,False,train,False
P_f49e3feb,train,n005141,data/processed/faces\S_d94cd41d.jpg,data/processed/faces\S_76d64054.jpg,False,False,train,False
P_3b85d4a4,train,n005141,data/processed/faces\S_d94cd41d.jpg,data/processed/faces\S_8e7ca319.jpg,False,False,train,False
P_c1248ee5,train,n005141,data/processed/faces\S_d94cd41d.jpg,data/processed/faces\S_0ec6aaf6.jpg,False,False,train,False
P_8296dd27,train,n005141,data/processed/faces\S_d94cd41d.jpg,data/processed/faces\S_b76282d8.jpg,False,False,train,False
P_6a90a649,train,n005141,data/processed/faces\S_d94cd41d.jpg,data/processed/faces\S_4e84ef37.jpg,False,False,train,False
P_729abaa5,train,n005141,data/processed/faces\S_d94cd41d.jpg,data/processed/faces\S_5ab4ed80.jpg,False,False,train,False
P_623e4917,train,n005141,data/processed/faces\S_d94cd41d.jpg,data/processed/faces\S_9c3a6605.jpg,False,False,train,False
P_8d812532,train,n005141,data/processed/faces\S_d94cd41d.jpg,data/processed/faces\S_3dfb3e29.jpg,False,False,train,False
P_a35a9948,train,n005141,data/processed/faces\S_d94cd41d.jpg,data/processed/faces\S_eb371c22.jpg,False,False,train,False
P_87fadd85,train,n005141,data/processed/faces\S_d94cd41d.jpg,data/processed/faces\S_5d60eb03.jpg,False,False,train,False
P_461824c3,train,n005141,data/processed/faces\S_d94cd41d.jpg,data/processed/faces\S_3c1d88c6.jpg,False,False,train,False
P_c2778965,train,n005141,data/processed/faces\S_d94cd41d.jpg,data/processed/faces\S_253ab473.jpg,False,False,train,False
P_6c09e978,train,n005141,data/processed/faces\S_d94cd41d.jpg,data/processed/faces\S_8e7359ce.jpg,False,False,train,False
P_51342da4,train,n005141,data/processed/faces\S_d94cd41d.jpg,data/processed/faces\S_efffcf5c.jpg,False,False,train,False
P_0f749581,train,n005141,data/processed/faces\S_d94cd41d.jpg,data/processed/faces\S_5f3e35da.jpg,False,False,train,False
P_553f446e,train,n005141,data/processed/faces\S_d94cd41d.jpg,data/processed/faces\S_1d503b6d.jpg,False,False,train,False
P_9d3fde2a,train,n005141,data/processed/faces\S_d94cd41d.jpg,data/processed/faces\S_d3f75ff9.jpg,False,False,train,False
P_464277d5,train,n005141,data/processed/faces\S_d94cd41d.jpg,data/processed/faces\S_75233eca.jpg,False,False,train,False
P_f139bb90,train,n005141,data/processed/faces\S_d94cd41d.jpg,data/generated/face_swaps\SW_39da4519.jpg,False,False,train,False
P_89a72a85,train,n005141,data/processed/faces\S_d94cd41d.jpg,data/generated/face_swaps\SW_99596e05.jpg,False,False,train,False
P_411d55bb,train,n005141,data/processed/faces\S_d94cd41d.jpg,data/generated/face_swaps\SW_991a0fce.jpg,False,False,train,False
P_c3f33ba6,train,n005141,data/processed/faces\S_d94cd41d.jpg,data/generated/face_swaps\SW_59629ea9.jpg,False,False,train,False
P_4a20c1b0,train,n005141,data/processed/faces\S_d94cd41d.jpg,data/generated/face_swaps\SW_3dd9bab2.jpg,False,False,train,False
P_0a4b62c0,train,n005141,data/processed/faces\S_d94cd41d.jpg,data/generated/face_swaps\SW_fac0b25a.jpg,False,False,train,False
P_20196568,train,n005141,data/processed/faces\S_d94cd41d.jpg,data/generated/face_swaps\SW_2c629441.jpg,False,False,train,False
P_bfff1725,train,n005141,data/processed/faces\S_d94cd41d.jpg,data/generated/face_swaps\SW_c101f754.jpg,False,False,train,False
P_3e9240d3,train,n005141,data/processed/faces\S_d94cd41d.jpg,data/generated/face_swaps\SW_6c623e92.jpg,False,False,train,False
P_96b5f53f,train,n005141,data/processed/faces\S_d94cd41d.jpg,data/generated/face_swaps\SW_6e365642.jpg,False,False,train,False
P_516e05bb,train,n005875,data/processed/faces\S_a3dd03a5.jpg,data/processed/faces\S_32fdbb47.jpg,False,False,train,False
P_754f9480,train,n005875,data/processed/faces\S_a3dd03a5.jpg,data/processed/faces\S_2d146900.jpg,False,False,train,False
P_0ef29961,train,n005875,data/processed/faces\S_a3dd03a5.jpg,data/processed/faces\S_8365582c.jpg,False,False,train,False
P_9f8860f3,train,n005875,data/processed/faces\S_a3dd03a5.jpg,data/processed/faces\S_bce4a495.jpg,False,False,train,False
P_72ebb723,train,n005875,data/processed/faces\S_a3dd03a5.jpg,data/processed/faces\S_69c6c250.jpg,False,False,train,False
P_6a80a78f,train,n005875,data/processed/faces\S_a3dd03a5.jpg,data/processed/faces\S_6eecd604.jpg,False,False,train,False
P_36f990a1,train,n005875,data/processed/faces\S_a3dd03a5.jpg,data/processed/faces\S_596413d3.jpg,False,False,train,False
P_7f16e03d,train,n005875,data/processed/faces\S_a3dd03a5.jpg,data/processed/faces\S_e16db759.jpg,False,False,train,False
P_693adfa9,train,n005875,data/processed/faces\S_a3dd03a5.jpg,data/processed/faces\S_d8f1220c.jpg,False,False,train,False
P_8f39390d,train,n005875,data/processed/faces\S_a3dd03a5.jpg,data/processed/faces\S_574ef2ef.jpg,False,False,train,False
P_df64d893,train,n005875,data/processed/faces\S_a3dd03a5.jpg,data/processed/faces\S_df3b7c95.jpg,False,False,train,False
P_f4b9b0e3,train,n005875,data/processed/faces\S_a3dd03a5.jpg,data/processed/faces\S_24b4f7ed.jpg,False,False,train,False
P_bb272ea0,train,n005875,data/processed/faces\S_a3dd03a5.jpg,data/processed/faces\S_3c1d88c6.jpg,False,False,train,False
P_e1f7d1c1,train,n005875,data/processed/faces\S_a3dd03a5.jpg,data/processed/faces\S_02f8b348.jpg,False,False,train,False
P_f4c5c165,train,n005875,data/processed/faces\S_a3dd03a5.jpg,data/processed/faces\S_d2eddef1.jpg,False,False,train,False
P_4e889db1,train,n005875,data/processed/faces\S_a3dd03a5.jpg,data/processed/faces\S_b00dc2af.jpg,False,False,train,False
P_f514ca54,train,n005875,data/processed/faces\S_a3dd03a5.jpg,data/processed/faces\S_1e79ad08.jpg,False,False,train,False
P_36fc686b,train,n005875,data/processed/faces\S_a3dd03a5.jpg,data/processed/faces\S_b3d8571d.jpg,False,False,train,False
P_4280ab80,train,n005875,data/processed/faces\S_a3dd03a5.jpg,data/processed/faces\S_ba157285.jpg,False,False,train,False
P_1007971a,train,n005875,data/processed/faces\S_a3dd03a5.jpg,data/processed/faces\S_4a70e87d.jpg,False,False,train,False
P_36aaa5a8,train,n005875,data/processed/faces\S_a3dd03a5.jpg,data/processed/faces\S_aeccb3fe.jpg,False,False,train,False
P_27fd4d40,train,n005875,data/processed/faces\S_a3dd03a5.jpg,data/processed/faces\S_1d18a879.jpg,False,False,train,False
P_20071b2a,train,n005875,data/processed/faces\S_a3dd03a5.jpg,data/processed/faces\S_ba5d60a8.jpg,False,False,train,False
P_1c30e79b,train,n005875,data/processed/faces\S_a3dd03a5.jpg,data/processed/faces\S_dcc38a9a.jpg,False,False,train,False
P_20c94504,train,n005875,data/processed/faces\S_a3dd03a5.jpg,data/processed/faces\S_7dea7cba.jpg,False,False,train,False
P_926ce63f,train,n005875,data/processed/faces\S_a3dd03a5.jpg,data/processed/faces\S_ed7ec119.jpg,False,False,train,False
P_0657bdb7,train,n005875,data/processed/faces\S_a3dd03a5.jpg,data/processed/faces\S_3139909c.jpg,False,False,train,False
P_1e74d481,train,n005875,data/processed/faces\S_a3dd03a5.jpg,data/processed/faces\S_90b44bb5.jpg,False,False,train,False
P_bab75bb5,train,n005875,data/processed/faces\S_a3dd03a5.jpg,data/processed/faces\S_296fc1c9.jpg,False,False,train,False
P_7b9d5577,train,n005875,data/processed/faces\S_a3dd03a5.jpg,data/processed/faces\S_9300565d.jpg,False,False,train,False
P_0dc12367,train,n005875,data/processed/faces\S_a3dd03a5.jpg,data/processed/faces\S_9f54bb46.jpg,False,False,train,False
P_5526f7c4,train,n005875,data/processed/faces\S_a3dd03a5.jpg,data/processed/faces\S_5210adf4.jpg,False,False,train,False
P_8174e0f8,train,n005875,data/processed/faces\S_a3dd03a5.jpg,data/processed/faces\S_de61b89b.jpg,False,False,train,False
P_1fddb442,train,n005875,data/processed/faces\S_a3dd03a5.jpg,data/processed/faces\S_30805b82.jpg,False,False,train,False
P_fecfeca9,train,n005875,data/processed/faces\S_a3dd03a5.jpg,data/processed/faces\S_6090abe0.jpg,False,False,train,False
P_1c685b73,train,n005875,data/processed/faces\S_a3dd03a5.jpg,data/processed/faces\S_8cd39178.jpg,False,False,train,False
P_3b4c616f,train,n005875,data/processed/faces\S_a3dd03a5.jpg,data/processed/faces\S_3455c15b.jpg,False,False,train,False
P_c0ed7f1e,train,n005875,data/processed/faces\S_a3dd03a5.jpg,data/processed/faces\S_77b2ee66.jpg,False,False,train,False
P_356e541d,train,n005875,data/processed/faces\S_a3dd03a5.jpg,data/processed/faces\S_f3f270bc.jpg,False,False,train,False
P_4b38a9dd,train,n005875,data/processed/faces\S_a3dd03a5.jpg,data/processed/faces\S_2d730a85.jpg,False,False,train,False
P_346c978b,train,n005875,data/processed/faces\S_a3dd03a5.jpg,data/processed/faces\S_aa5942a8.jpg,False,False,train,False
P_65c2629f,train,n005875,data/processed/faces\S_a3dd03a5.jpg,data/processed/faces\S_43ea10cc.jpg,False,False,train,False
P_6c667710,train,n005875,data/processed/faces\S_a3dd03a5.jpg,data/processed/faces\S_bfe12ce9.jpg,False,False,train,False
P_586b2a0c,train,n005875,data/processed/faces\S_a3dd03a5.jpg,data/processed/faces\S_ce11c5f0.jpg,False,False,train,False
P_f7c0212c,train,n005875,data/processed/faces\S_a3dd03a5.jpg,data/processed/faces\S_bd4d3118.jpg,False,False,train,False
P_cacacdfb,train,n005875,data/processed/faces\S_a3dd03a5.jpg,data/processed/faces\S_a6d2b9fd.jpg,False,False,train,False
P_50104b17,train,n005875,data/processed/faces\S_a3dd03a5.jpg,data/processed/faces\S_ddc01a26.jpg,False,False,train,False
P_947d7d13,train,n005875,data/processed/faces\S_a3dd03a5.jpg,data/processed/faces\S_19ccd5a0.jpg,False,False,train,False
P_02841bea,train,n005875,data/processed/faces\S_a3dd03a5.jpg,data/processed/faces\S_f229f6c8.jpg,False,False,train,False
P_08440388,train,n005875,data/processed/faces\S_a3dd03a5.jpg,data/processed/faces\S_182d6651.jpg,False,False,train,False
P_ec4e01ab,train,n005875,data/processed/faces\S_a3dd03a5.jpg,data/processed/faces\S_1992383a.jpg,False,False,train,False
P_41c4515f,train,n005875,data/processed/faces\S_a3dd03a5.jpg,data/processed/faces\S_8e7ca319.jpg,False,False,train,False
P_68bf3c7d,train,n005875,data/processed/faces\S_a3dd03a5.jpg,data/processed/faces\S_eb479224.jpg,False,False,train,False
P_c4b47e5a,train,n005875,data/processed/faces\S_a3dd03a5.jpg,data/processed/faces\S_319c67d8.jpg,False,False,train,False
P_fc582866,train,n005875,data/processed/faces\S_a3dd03a5.jpg,data/processed/faces\S_6efc1971.jpg,False,False,train,False
P_f7dc6be2,train,n005875,data/processed/faces\S_a3dd03a5.jpg,data/processed/faces\S_efc46dce.jpg,False,False,train,False
P_a0e34b83,train,n005875,data/processed/faces\S_a3dd03a5.jpg,data/processed/faces\S_6344692e.jpg,False,False,train,False
P_bad3755b,train,n005875,data/processed/faces\S_a3dd03a5.jpg,data/processed/faces\S_9949dd87.jpg,False,False,train,False
P_b79f35f4,train,n005875,data/processed/faces\S_a3dd03a5.jpg,data/processed/faces\S_b37eb739.jpg,False,False,train,False
P_9af66265,train,n005875,data/processed/faces\S_a3dd03a5.jpg,data/processed/faces\S_5d60eb03.jpg,False,False,train,False
P_8d30f730,train,n005875,data/processed/faces\S_a3dd03a5.jpg,data/processed/faces\S_ede141bc.jpg,False,False,train,False
P_02d6be81,train,n005875,data/processed/faces\S_a3dd03a5.jpg,data/processed/faces\S_a95bcd42.jpg,False,False,train,False
P_c6385266,train,n005875,data/processed/faces\S_a3dd03a5.jpg,data/processed/faces\S_eef3ad55.jpg,False,False,train,False
P_00767c9a,train,n005875,data/processed/faces\S_a3dd03a5.jpg,data/processed/faces\S_b707356a.jpg,False,False,train,False
P_e03f64ee,train,n005875,data/processed/faces\S_a3dd03a5.jpg,data/processed/faces\S_127159cf.jpg,False,False,train,False
P_ab616b19,train,n005875,data/processed/faces\S_a3dd03a5.jpg,data/processed/faces\S_52124b78.jpg,False,False,train,False
P_bba0dc7b,train,n005875,data/processed/faces\S_a3dd03a5.jpg,data/processed/faces\S_759fae93.jpg,False,False,train,False
P_79d9befc,train,n005875,data/processed/faces\S_a3dd03a5.jpg,data/processed/faces\S_9d8275ea.jpg,False,False,train,False
P_7ede6e3d,train,n005875,data/processed/faces\S_a3dd03a5.jpg,data/generated/face_swaps\SW_e091ecec.jpg,False,False,train,False
P_986ecc55,train,n005875,data/processed/faces\S_a3dd03a5.jpg,data/generated/face_swaps\SW_767a82d2.jpg,False,False,train,False
P_ba87d025,train,n005875,data/processed/faces\S_a3dd03a5.jpg,data/generated/face_swaps\SW_88f93479.jpg,False,False,train,False
P_e1d940af,train,n005875,data/processed/faces\S_a3dd03a5.jpg,data/generated/face_swaps\SW_b8d002f1.jpg,False,False,train,False
P_2534ae26,train,n005875,data/processed/faces\S_a3dd03a5.jpg,data/generated/face_swaps\SW_f110fce6.jpg,False,False,train,False
P_de7c1302,train,n005875,data/processed/faces\S_a3dd03a5.jpg,data/generated/face_swaps\SW_21118d48.jpg,False,False,train,False
P_3b0b7e05,train,n005875,data/processed/faces\S_a3dd03a5.jpg,data/generated/face_swaps\SW_8951faf5.jpg,False,False,train,False
P_d624f48a,train,n005875,data/processed/faces\S_a3dd03a5.jpg,data/generated/face_swaps\SW_27f4a353.jpg,False,False,train,False
P_7b2958e6,train,n005875,data/processed/faces\S_a3dd03a5.jpg,data/generated/face_swaps\SW_42070019.jpg,False,False,train,False
P_b9dc7628,train,n006503,data/processed/faces\S_026c2c62.jpg,data/processed/faces\S_098dd505.jpg,False,False,train,False
P_ed5ace3d,train,n006503,data/processed/faces\S_026c2c62.jpg,data/processed/faces\S_253ab473.jpg,False,False,train,False
P_f5b11b15,train,n006503,data/processed/faces\S_026c2c62.jpg,data/processed/faces\S_3c7568a4.jpg,False,False,train,False
P_0f919c7f,train,n006503,data/processed/faces\S_026c2c62.jpg,data/processed/faces\S_43ccbd1b.jpg,False,False,train,False
P_c9e59bdd,train,n006503,data/processed/faces\S_026c2c62.jpg,data/processed/faces\S_ac1e4a7d.jpg,False,False,train,False
P_6dfbf354,train,n006503,data/processed/faces\S_026c2c62.jpg,data/processed/faces\S_3072085d.jpg,False,False,train,False
P_2819169f,train,n006503,data/processed/faces\S_026c2c62.jpg,data/processed/faces\S_54c2a0ce.jpg,False,False,train,False
P_c06edbf4,train,n006503,data/processed/faces\S_026c2c62.jpg,data/processed/faces\S_675e0b0f.jpg,False,False,train,False
P_e95f7530,train,n006503,data/processed/faces\S_026c2c62.jpg,data/processed/faces\S_eb43a986.jpg,False,False,train,False
P_77aaa3e7,train,n006503,data/processed/faces\S_026c2c62.jpg,data/processed/faces\S_bbfb9f82.jpg,False,False,train,False
P_fb74cf2a,train,n006503,data/processed/faces\S_026c2c62.jpg,data/processed/faces\S_f807ce4a.jpg,False,False,train,False
P_9333b8d2,train,n006503,data/processed/faces\S_026c2c62.jpg,data/processed/faces\S_9b9125e8.jpg,False,False,train,False
P_f8f423b2,train,n006503,data/processed/faces\S_026c2c62.jpg,data/processed/faces\S_a86e2efc.jpg,False,False,train,False
P_69f7159c,train,n006503,data/processed/faces\S_026c2c62.jpg,data/processed/faces\S_38934e7d.jpg,False,False,train,False
P_0da311ce,train,n006503,data/processed/faces\S_026c2c62.jpg,data/processed/faces\S_487db975.jpg,False,False,train,False
P_71c4bb07,train,n006503,data/processed/faces\S_026c2c62.jpg,data/processed/faces\S_0ca474de.jpg,False,False,train,False
P_5ec117d7,train,n006503,data/processed/faces\S_026c2c62.jpg,data/processed/faces\S_db3e2105.jpg,False,False,train,False
P_ca08a217,train,n006503,data/processed/faces\S_026c2c62.jpg,data/processed/faces\S_97263ce9.jpg,False,False,train,False
P_4c12e711,train,n006503,data/processed/faces\S_026c2c62.jpg,data/processed/faces\S_eba25673.jpg,False,False,train,False
P_86246f18,train,n006503,data/processed/faces\S_026c2c62.jpg,data/processed/faces\S_a95bcd42.jpg,False,False,train,False
P_196c0579,train,n006503,data/processed/faces\S_026c2c62.jpg,data/processed/faces\S_89302fbe.jpg,False,False,train,False
P_4f3026b1,train,n006503,data/processed/faces\S_026c2c62.jpg,data/processed/faces\S_d8d90217.jpg,False,False,train,False
P_915398b6,train,n006503,data/processed/faces\S_026c2c62.jpg,data/processed/faces\S_3acdcea5.jpg,False,False,train,False
P_0e54b44e,train,n006503,data/processed/faces\S_026c2c62.jpg,data/processed/faces\S_50d8ed0e.jpg,False,False,train,False
P_515220ad,train,n006503,data/processed/faces\S_026c2c62.jpg,data/processed/faces\S_f5ca52db.jpg,False,False,train,False
P_a4100002,train,n006503,data/processed/faces\S_026c2c62.jpg,data/processed/faces\S_2870c699.jpg,False,False,train,False
P_0d90215c,train,n006503,data/processed/faces\S_026c2c62.jpg,data/processed/faces\S_c9599fb0.jpg,False,False,train,False
P_1ff4cd86,train,n006503,data/processed/faces\S_026c2c62.jpg,data/processed/faces\S_ee6ddc86.jpg,False,False,train,False
P_b1edf573,train,n006503,data/processed/faces\S_026c2c62.jpg,data/processed/faces\S_fdac81e5.jpg,False,False,train,False
P_0b59e781,train,n006503,data/processed/faces\S_026c2c62.jpg,data/processed/faces\S_d9018db9.jpg,False,False,train,False
P_855c6826,train,n006503,data/processed/faces\S_026c2c62.jpg,data/processed/faces\S_2b3c9962.jpg,False,False,train,False
P_e0c31a1b,train,n006503,data/processed/faces\S_026c2c62.jpg,data/processed/faces\S_e4420e7a.jpg,False,False,train,False
P_361e1651,train,n006503,data/processed/faces\S_026c2c62.jpg,data/processed/faces\S_ea7cda34.jpg,False,False,train,False
P_818a7dc2,train,n006503,data/processed/faces\S_026c2c62.jpg,data/processed/faces\S_9d36c1ae.jpg,False,False,train,False
P_2c0ce7d0,train,n006503,data/processed/faces\S_026c2c62.jpg,data/processed/faces\S_85c155f9.jpg,False,False,train,False
P_8008b874,train,n006503,data/processed/faces\S_026c2c62.jpg,data/processed/faces\S_223edddb.jpg,False,False,train,False
P_e718aeaa,train,n006503,data/processed/faces\S_026c2c62.jpg,data/processed/faces\S_65bb1904.jpg,False,False,train,False
P_83dd22f9,train,n006503,data/processed/faces\S_026c2c62.jpg,data/processed/faces\S_973c66e6.jpg,False,False,train,False
P_73c7f74b,train,n006503,data/processed/faces\S_026c2c62.jpg,data/processed/faces\S_443644e3.jpg,False,False,train,False
P_e4a9dede,train,n006503,data/processed/faces\S_026c2c62.jpg,data/processed/faces\S_3f32737f.jpg,False,False,train,False
P_b91df2f1,train,n006503,data/processed/faces\S_026c2c62.jpg,data/processed/faces\S_cc837c74.jpg,False,False,train,False
P_d5bdcdaa,train,n006503,data/processed/faces\S_026c2c62.jpg,data/processed/faces\S_1a6d9af5.jpg,False,False,train,False
P_d97d6cc7,train,n006503,data/processed/faces\S_026c2c62.jpg,data/processed/faces\S_43d9df86.jpg,False,False,train,False
P_989e28e1,train,n006503,data/processed/faces\S_026c2c62.jpg,data/processed/faces\S_6bbeea76.jpg,False,False,train,False
P_b41bb1db,train,n006503,data/processed/faces\S_026c2c62.jpg,data/processed/faces\S_d6a988b8.jpg,False,False,train,False
P_e655608b,train,n006503,data/processed/faces\S_026c2c62.jpg,data/processed/faces\S_3b8f602d.jpg,False,False,train,False
P_75f60fdf,train,n006503,data/processed/faces\S_026c2c62.jpg,data/processed/faces\S_db7c1a99.jpg,False,False,train,False
P_e11d484d,train,n006503,data/processed/faces\S_026c2c62.jpg,data/processed/faces\S_bbfad347.jpg,False,False,train,False
P_02dd8934,train,n006503,data/processed/faces\S_026c2c62.jpg,data/processed/faces\S_02ec01a7.jpg,False,False,train,False
P_f53d4204,train,n006503,data/processed/faces\S_026c2c62.jpg,data/processed/faces\S_9e05b165.jpg,False,False,train,False
P_b2603512,train,n006503,data/processed/faces\S_026c2c62.jpg,data/processed/faces\S_cf96f297.jpg,False,False,train,False
P_dba3cd04,train,n006503,data/processed/faces\S_026c2c62.jpg,data/processed/faces\S_cc40ded4.jpg,False,False,train,False
P_9ee65d1c,train,n006503,data/processed/faces\S_026c2c62.jpg,data/processed/faces\S_0a788468.jpg,False,False,train,False
P_cfce351a,train,n006503,data/processed/faces\S_026c2c62.jpg,data/processed/faces\S_49b9e5ee.jpg,False,False,train,False
P_1ed737fb,train,n006503,data/processed/faces\S_026c2c62.jpg,data/processed/faces\S_e27d07c0.jpg,False,False,train,False
P_628d8d18,train,n006503,data/processed/faces\S_026c2c62.jpg,data/processed/faces\S_ae9e4546.jpg,False,False,train,False
P_b0794703,train,n006503,data/processed/faces\S_026c2c62.jpg,data/processed/faces\S_e032580e.jpg,False,False,train,False
P_e06e0d21,train,n006503,data/processed/faces\S_026c2c62.jpg,data/processed/faces\S_5f5b1d96.jpg,False,False,train,False
P_4a8d60cd,train,n006503,data/processed/faces\S_026c2c62.jpg,data/processed/faces\S_94bb0e33.jpg,False,False,train,False
P_90956cd1,train,n006503,data/processed/faces\S_026c2c62.jpg,data/processed/faces\S_526ba0d1.jpg,False,False,train,False
P_e58cc7c9,train,n006503,data/processed/faces\S_026c2c62.jpg,data/processed/faces\S_d7acdaf4.jpg,False,False,train,False
P_8d505036,train,n006503,data/processed/faces\S_026c2c62.jpg,data/processed/faces\S_b3d8571d.jpg,False,False,train,False
P_bcab8029,train,n006503,data/processed/faces\S_026c2c62.jpg,data/processed/faces\S_3e5f4bdd.jpg,False,False,train,False
P_10890dc0,train,n006503,data/processed/faces\S_026c2c62.jpg,data/processed/faces\S_efffcf5c.jpg,False,False,train,False
P_e555d99e,train,n006503,data/processed/faces\S_026c2c62.jpg,data/processed/faces\S_09d04234.jpg,False,False,train,False
P_602fce3f,train,n006503,data/processed/faces\S_026c2c62.jpg,data/processed/faces\S_0b355319.jpg,False,False,train,False
P_5f9c4d45,train,n006503,data/processed/faces\S_026c2c62.jpg,data/processed/faces\S_b9e85efe.jpg,False,False,train,False
P_58439971,train,n006503,data/processed/faces\S_026c2c62.jpg,data/processed/faces\S_06ed0d86.jpg,False,False,train,False
P_e1a42b44,train,n006503,data/processed/faces\S_026c2c62.jpg,data/generated/face_swaps\SW_83a04f3e.jpg,False,False,train,False
P_d7aac3df,train,n006503,data/processed/faces\S_026c2c62.jpg,data/generated/face_swaps\SW_0a8b2617.jpg,False,False,train,False
P_e0e9c142,train,n006503,data/processed/faces\S_026c2c62.jpg,data/generated/face_swaps\SW_54c9fdd9.jpg,False,False,train,False
P_e1aec380,train,n006503,data/processed/faces\S_026c2c62.jpg,data/generated/face_swaps\SW_17beeed2.jpg,False,False,train,False
P_7021b608,train,n006503,data/processed/faces\S_026c2c62.jpg,data/generated/face_swaps\SW_c1c8d147.jpg,False,False,train,False
P_804eaa13,train,n006503,data/processed/faces\S_026c2c62.jpg,data/generated/face_swaps\SW_81f5d30f.jpg,False,False,train,False
P_45d0b181,train,n006503,data/processed/faces\S_026c2c62.jpg,data/generated/face_swaps\SW_ac0358bf.jpg,False,False,train,False
P_a0ed715f,train,n006503,data/processed/faces\S_026c2c62.jpg,data/generated/face_swaps\SW_d23511b8.jpg,False,False,train,False
P_142341a0,train,n006503,data/processed/faces\S_026c2c62.jpg,data/generated/face_swaps\SW_17498824.jpg,False,False,train,False
P_53bd4848,train,n006503,data/processed/faces\S_026c2c62.jpg,data/generated/face_swaps\SW_0c2dc7f8.jpg,False,False,train,False
P_2b181dd3,train,n006540,data/processed/faces\S_38c7781a.jpg,data/processed/faces\S_4d366033.jpg,False,False,train,False
P_c1955eb3,train,n006540,data/processed/faces\S_38c7781a.jpg,data/processed/faces\S_7a7677c9.jpg,False,False,train,False
P_caad8b47,train,n006540,data/processed/faces\S_38c7781a.jpg,data/processed/faces\S_d9b83287.jpg,False,False,train,False
P_ff8b0bb4,train,n006540,data/processed/faces\S_38c7781a.jpg,data/processed/faces\S_8d671e40.jpg,False,False,train,False
P_a325040b,train,n006540,data/processed/faces\S_38c7781a.jpg,data/processed/faces\S_233f6135.jpg,False,False,train,False
P_ea58c3a4,train,n006540,data/processed/faces\S_38c7781a.jpg,data/processed/faces\S_bd20b05f.jpg,False,False,train,False
P_3b0bdc6b,train,n006540,data/processed/faces\S_38c7781a.jpg,data/processed/faces\S_2d0f4ac0.jpg,False,False,train,False
P_3e09fbfd,train,n006540,data/processed/faces\S_38c7781a.jpg,data/processed/faces\S_b16d9098.jpg,False,False,train,False
P_c057b11d,train,n006540,data/processed/faces\S_38c7781a.jpg,data/processed/faces\S_fb158b4d.jpg,False,False,train,False
P_644edc83,train,n006540,data/processed/faces\S_38c7781a.jpg,data/processed/faces\S_8e7359ce.jpg,False,False,train,False
P_7230cfd0,train,n006540,data/processed/faces\S_38c7781a.jpg,data/processed/faces\S_0b2bf30b.jpg,False,False,train,False
P_854e92f5,train,n006540,data/processed/faces\S_38c7781a.jpg,data/processed/faces\S_f03fe1dd.jpg,False,False,train,False
P_1ffea138,train,n006540,data/processed/faces\S_38c7781a.jpg,data/processed/faces\S_fc512781.jpg,False,False,train,False
P_809e4c9e,train,n006540,data/processed/faces\S_38c7781a.jpg,data/processed/faces\S_64d1ec99.jpg,False,False,train,False
P_1d097651,train,n006540,data/processed/faces\S_38c7781a.jpg,data/processed/faces\S_2c22c48c.jpg,False,False,train,False
P_56bd4a26,train,n006540,data/processed/faces\S_38c7781a.jpg,data/processed/faces\S_2be6ca5e.jpg,False,False,train,False
P_e8d32179,train,n006540,data/processed/faces\S_38c7781a.jpg,data/processed/faces\S_a64507ef.jpg,False,False,train,False
P_16224f59,train,n006540,data/processed/faces\S_38c7781a.jpg,data/processed/faces\S_9e994863.jpg,False,False,train,False
P_cc1cc415,train,n006540,data/processed/faces\S_38c7781a.jpg,data/processed/faces\S_fa886c9a.jpg,False,False,train,False
P_f03a26f8,train,n006540,data/processed/faces\S_38c7781a.jpg,data/processed/faces\S_0a605e6a.jpg,False,False,train,False
P_d9529bf5,train,n006540,data/processed/faces\S_38c7781a.jpg,data/processed/faces\S_3e5f4bdd.jpg,False,False,train,False
P_6f6e4ff7,train,n006540,data/processed/faces\S_38c7781a.jpg,data/processed/faces\S_149bb004.jpg,False,False,train,False
P_956a90a2,train,n006540,data/processed/faces\S_38c7781a.jpg,data/processed/faces\S_2bdffaa4.jpg,False,False,train,False
P_986b9b5d,train,n006540,data/processed/faces\S_38c7781a.jpg,data/processed/faces\S_151786c5.jpg,False,False,train,False
P_c10e1af5,train,n006540,data/processed/faces\S_38c7781a.jpg,data/processed/faces\S_0392a944.jpg,False,False,train,False
P_2147fc43,train,n006540,data/processed/faces\S_38c7781a.jpg,data/processed/faces\S_7f7de090.jpg,False,False,train,False
P_d1a5b3a0,train,n006540,data/processed/faces\S_38c7781a.jpg,data/processed/faces\S_341dd602.jpg,False,False,train,False
P_6af6e5ff,train,n006540,data/processed/faces\S_38c7781a.jpg,data/processed/faces\S_c68ff502.jpg,False,False,train,False
P_df0fb9ca,train,n006540,data/processed/faces\S_38c7781a.jpg,data/processed/faces\S_4877ec6c.jpg,False,False,train,False
P_25124887,train,n006540,data/processed/faces\S_38c7781a.jpg,data/processed/faces\S_e0726f54.jpg,False,False,train,False
P_c11d4148,train,n006540,data/processed/faces\S_38c7781a.jpg,data/processed/faces\S_ce36cd89.jpg,False,False,train,False
P_15ee0f3b,train,n006540,data/processed/faces\S_38c7781a.jpg,data/processed/faces\S_b80a6781.jpg,False,False,train,False
P_5fb74cf7,train,n006540,data/processed/faces\S_38c7781a.jpg,data/processed/faces\S_491802bc.jpg,False,False,train,False
P_1a3f24f0,train,n006540,data/processed/faces\S_38c7781a.jpg,data/processed/faces\S_d46307cd.jpg,False,False,train,False
P_1efbc6d9,train,n006540,data/processed/faces\S_38c7781a.jpg,data/processed/faces\S_f261eb1d.jpg,False,False,train,False
P_fc98b381,train,n006540,data/processed/faces\S_38c7781a.jpg,data/processed/faces\S_1073e5fc.jpg,False,False,train,False
P_fb08f5f2,train,n006540,data/processed/faces\S_38c7781a.jpg,data/processed/faces\S_c522b9ae.jpg,False,False,train,False
P_be6a9f48,train,n006540,data/processed/faces\S_38c7781a.jpg,data/processed/faces\S_0acdd75c.jpg,False,False,train,False
P_3dab4f9b,train,n006540,data/processed/faces\S_38c7781a.jpg,data/processed/faces\S_eef3ad55.jpg,False,False,train,False
P_f372b756,train,n006540,data/processed/faces\S_38c7781a.jpg,data/processed/faces\S_5f894aee.jpg,False,False,train,False
P_683bda07,train,n006540,data/processed/faces\S_38c7781a.jpg,data/processed/faces\S_52d5a72e.jpg,False,False,train,False
P_e67ad808,train,n006540,data/processed/faces\S_38c7781a.jpg,data/processed/faces\S_b478fdc4.jpg,False,False,train,False
P_453343c4,train,n006540,data/processed/faces\S_38c7781a.jpg,data/processed/faces\S_f99fe49d.jpg,False,False,train,False
P_ee1247cd,train,n006540,data/processed/faces\S_38c7781a.jpg,data/processed/faces\S_756f2d29.jpg,False,False,train,False
P_cc9d5bc5,train,n006540,data/processed/faces\S_38c7781a.jpg,data/processed/faces\S_cc48b707.jpg,False,False,train,False
P_d8b40498,train,n006540,data/processed/faces\S_38c7781a.jpg,data/processed/faces\S_63add05d.jpg,False,False,train,False
P_ce3ba819,train,n006540,data/processed/faces\S_38c7781a.jpg,data/processed/faces\S_0bdd1ae3.jpg,False,False,train,False
P_23dbfee8,train,n006540,data/processed/faces\S_38c7781a.jpg,data/processed/faces\S_5fa300bc.jpg,False,False,train,False
P_2d7c9c54,train,n006540,data/processed/faces\S_38c7781a.jpg,data/processed/faces\S_06906eb4.jpg,False,False,train,False
P_a9046f2b,train,n006540,data/processed/faces\S_38c7781a.jpg,data/processed/faces\S_ec849782.jpg,False,False,train,False
P_82983983,train,n006540,data/processed/faces\S_38c7781a.jpg,data/processed/faces\S_94eb13eb.jpg,False,False,train,False
P_83f9aab3,train,n006540,data/processed/faces\S_38c7781a.jpg,data/processed/faces\S_d5a11e33.jpg,False,False,train,False
P_6bbe56fb,train,n006540,data/processed/faces\S_38c7781a.jpg,data/processed/faces\S_f2b2abd9.jpg,False,False,train,False
P_c7399412,train,n006540,data/processed/faces\S_38c7781a.jpg,data/processed/faces\S_5c2d9926.jpg,False,False,train,False
P_a01adecf,train,n006540,data/processed/faces\S_38c7781a.jpg,data/processed/faces\S_5f7928af.jpg,False,False,train,False
P_13b1a19c,train,n006540,data/processed/faces\S_38c7781a.jpg,data/processed/faces\S_6e334d92.jpg,False,False,train,False
P_7eecb268,train,n006540,data/processed/faces\S_38c7781a.jpg,data/processed/faces\S_275ed9c5.jpg,False,False,train,False
P_e4b034e0,train,n006540,data/processed/faces\S_38c7781a.jpg,data/processed/faces\S_3c74274f.jpg,False,False,train,False
P_a63a1cd1,train,n006540,data/processed/faces\S_38c7781a.jpg,data/processed/faces\S_a2981f28.jpg,False,False,train,False
P_acf73eea,train,n006540,data/processed/faces\S_38c7781a.jpg,data/processed/faces\S_5d60eb03.jpg,False,False,train,False
P_8258b1ba,train,n006540,data/processed/faces\S_38c7781a.jpg,data/processed/faces\S_b433134f.jpg,False,False,train,False
P_e6fd135a,train,n006540,data/processed/faces\S_38c7781a.jpg,data/processed/faces\S_5210adf4.jpg,False,False,train,False
P_29d31f0f,train,n006540,data/processed/faces\S_38c7781a.jpg,data/processed/faces\S_223edddb.jpg,False,False,train,False
P_a5ce9fb7,train,n006540,data/processed/faces\S_38c7781a.jpg,data/processed/faces\S_efffcf5c.jpg,False,False,train,False
P_4178b4dd,train,n006540,data/processed/faces\S_38c7781a.jpg,data/processed/faces\S_ee52b47b.jpg,False,False,train,False
P_245e0639,train,n006540,data/processed/faces\S_38c7781a.jpg,data/processed/faces\S_34cf962b.jpg,False,False,train,False
P_92f43624,train,n006540,data/processed/faces\S_38c7781a.jpg,data/processed/faces\S_b9e85efe.jpg,False,False,train,False
P_b1804eb3,train,n006540,data/processed/faces\S_38c7781a.jpg,data/processed/faces\S_941c1db7.jpg,False,False,train,False
P_589d8cad,train,n006540,data/processed/faces\S_38c7781a.jpg,data/generated/face_swaps\SW_c2f2acbb.jpg,False,False,train,False
P_dc25de6a,train,n006540,data/processed/faces\S_38c7781a.jpg,data/generated/face_swaps\SW_d6d85eaa.jpg,False,False,train,False
P_6e80fd67,train,n006540,data/processed/faces\S_38c7781a.jpg,data/generated/face_swaps\SW_3899bee2.jpg,False,False,train,False
P_e745ee5c,train,n006540,data/processed/faces\S_38c7781a.jpg,data/generated/face_swaps\SW_dbdcb54b.jpg,False,False,train,False
P_403123ea,train,n006540,data/processed/faces\S_38c7781a.jpg,data/generated/face_swaps\SW_e8b03592.jpg,False,False,train,False
P_a693f41c,train,n006540,data/processed/faces\S_38c7781a.jpg,data/generated/face_swaps\SW_65b8259f.jpg,False,False,train,False
P_e473e538,train,n006540,data/processed/faces\S_38c7781a.jpg,data/generated/face_swaps\SW_198b0769.jpg,False,False,train,False
P_14f47153,train,n006540,data/processed/faces\S_38c7781a.jpg,data/generated/face_swaps\SW_407cfcbc.jpg,False,False,train,False
P_b10a2870,train,n006540,data/processed/faces\S_38c7781a.jpg,data/generated/face_swaps\SW_bd4acdbe.jpg,False,False,train,False
P_ef8543dd,train,n006540,data/processed/faces\S_38c7781a.jpg,data/generated/face_swaps\SW_b4078d88.jpg,False,False,train,False
P_cc6e5102,train,n006904,data/processed/faces\S_feb8a6ab.jpg,data/processed/faces\S_be1597c7.jpg,False,False,train,False
P_ebd93b84,train,n006904,data/processed/faces\S_feb8a6ab.jpg,data/processed/faces\S_d66a38a0.jpg,False,False,train,False
P_2e006a1a,train,n006904,data/processed/faces\S_feb8a6ab.jpg,data/processed/faces\S_1af78b75.jpg,False,False,train,False
P_38b03a50,train,n006904,data/processed/faces\S_feb8a6ab.jpg,data/processed/faces\S_a0106f66.jpg,False,False,train,False
P_c5fd64b1,train,n006904,data/processed/faces\S_feb8a6ab.jpg,data/processed/faces\S_3c8af2c1.jpg,False,False,train,False
P_f8e554cc,train,n006904,data/processed/faces\S_feb8a6ab.jpg,data/processed/faces\S_01f4bccf.jpg,False,False,train,False
P_5e780e85,train,n006904,data/processed/faces\S_feb8a6ab.jpg,data/processed/faces\S_62039a41.jpg,False,False,train,False
P_999709d2,train,n006904,data/processed/faces\S_feb8a6ab.jpg,data/processed/faces\S_b707356a.jpg,False,False,train,False
P_13eff13f,train,n006904,data/processed/faces\S_feb8a6ab.jpg,data/processed/faces\S_7c3c1bc9.jpg,False,False,train,False
P_96918131,train,n006904,data/processed/faces\S_feb8a6ab.jpg,data/processed/faces\S_565d64ac.jpg,False,False,train,False
P_ba059fcb,train,n006904,data/processed/faces\S_feb8a6ab.jpg,data/processed/faces\S_2e099933.jpg,False,False,train,False
P_79166e7b,train,n006904,data/processed/faces\S_feb8a6ab.jpg,data/processed/faces\S_9010f8c7.jpg,False,False,train,False
P_1286c04e,train,n006904,data/processed/faces\S_feb8a6ab.jpg,data/processed/faces\S_f04d2f2e.jpg,False,False,train,False
P_35662950,train,n006904,data/processed/faces\S_feb8a6ab.jpg,data/processed/faces\S_5fd00c86.jpg,False,False,train,False
P_a428fc25,train,n006904,data/processed/faces\S_feb8a6ab.jpg,data/processed/faces\S_1e8e06c1.jpg,False,False,train,False
P_84473a82,train,n006904,data/processed/faces\S_feb8a6ab.jpg,data/processed/faces\S_efffcf5c.jpg,False,False,train,False
P_56cf274f,train,n006904,data/processed/faces\S_feb8a6ab.jpg,data/processed/faces\S_86a03cd7.jpg,False,False,train,False
P_e5338c6d,train,n006904,data/processed/faces\S_feb8a6ab.jpg,data/processed/faces\S_a50e6d1d.jpg,False,False,train,False
P_98b9328e,train,n006904,data/processed/faces\S_feb8a6ab.jpg,data/processed/faces\S_f59ec507.jpg,False,False,train,False
P_065312e3,train,n006904,data/processed/faces\S_feb8a6ab.jpg,data/processed/faces\S_65446ba6.jpg,False,False,train,False
P_96e8825d,train,n006904,data/processed/faces\S_feb8a6ab.jpg,data/processed/faces\S_864deb3f.jpg,False,False,train,False
P_7067e593,train,n006904,data/processed/faces\S_feb8a6ab.jpg,data/processed/faces\S_b05f04aa.jpg,False,False,train,False
P_219f5408,train,n006904,data/processed/faces\S_feb8a6ab.jpg,data/processed/faces\S_d87174dd.jpg,False,False,train,False
P_a0660cf8,train,n006904,data/processed/faces\S_feb8a6ab.jpg,data/processed/faces\S_491ae0d8.jpg,False,False,train,False
P_71a21143,train,n006904,data/processed/faces\S_feb8a6ab.jpg,data/processed/faces\S_4045979a.jpg,False,False,train,False
P_e9396c98,train,n006904,data/processed/faces\S_feb8a6ab.jpg,data/processed/faces\S_6f3b8de3.jpg,False,False,train,False
P_f35953c5,train,n006904,data/processed/faces\S_feb8a6ab.jpg,data/processed/faces\S_d433b53d.jpg,False,False,train,False
P_74979526,train,n006904,data/processed/faces\S_feb8a6ab.jpg,data/processed/faces\S_3d9ed54c.jpg,False,False,train,False
P_ade34c27,train,n006904,data/processed/faces\S_feb8a6ab.jpg,data/processed/faces\S_dd903e10.jpg,False,False,train,False
P_9be6cbcd,train,n006904,data/processed/faces\S_feb8a6ab.jpg,data/processed/faces\S_8ec014de.jpg,False,False,train,False
P_a6568d7a,train,n006904,data/processed/faces\S_feb8a6ab.jpg,data/processed/faces\S_f19933fd.jpg,False,False,train,False
P_5fd29a80,train,n006904,data/processed/faces\S_feb8a6ab.jpg,data/processed/faces\S_3d43ecde.jpg,False,False,train,False
P_9c66fbdc,train,n006904,data/processed/faces\S_feb8a6ab.jpg,data/processed/faces\S_36fc7e43.jpg,False,False,train,False
P_c9e2143d,train,n006904,data/processed/faces\S_feb8a6ab.jpg,data/processed/faces\S_c0aff589.jpg,False,False,train,False
P_b6d5d2fe,train,n006904,data/processed/faces\S_feb8a6ab.jpg,data/processed/faces\S_c94f7ed5.jpg,False,False,train,False
P_2e09595f,train,n006904,data/processed/faces\S_feb8a6ab.jpg,data/processed/faces\S_ae093eb4.jpg,False,False,train,False
P_44ff5617,train,n006904,data/processed/faces\S_feb8a6ab.jpg,data/processed/faces\S_e30f9b7b.jpg,False,False,train,False
P_02670226,train,n006904,data/processed/faces\S_feb8a6ab.jpg,data/processed/faces\S_6d2b693f.jpg,False,False,train,False
P_3daabe81,train,n006904,data/processed/faces\S_feb8a6ab.jpg,data/processed/faces\S_fe2b84df.jpg,False,False,train,False
P_9fc1a156,train,n006904,data/processed/faces\S_feb8a6ab.jpg,data/processed/faces\S_e58e919f.jpg,False,False,train,False
P_23fd91b2,train,n006904,data/processed/faces\S_feb8a6ab.jpg,data/processed/faces\S_353b9e6d.jpg,False,False,train,False
P_e75b5b18,train,n006904,data/processed/faces\S_feb8a6ab.jpg,data/processed/faces\S_95ab6b4c.jpg,False,False,train,False
P_5c23f2c8,train,n006904,data/processed/faces\S_feb8a6ab.jpg,data/processed/faces\S_deb79638.jpg,False,False,train,False
P_776f0c3e,train,n006904,data/processed/faces\S_feb8a6ab.jpg,data/processed/faces\S_9ab647a6.jpg,False,False,train,False
P_9a102d06,train,n006904,data/processed/faces\S_feb8a6ab.jpg,data/processed/faces\S_9beeda32.jpg,False,False,train,False
P_79a412c1,train,n006904,data/processed/faces\S_feb8a6ab.jpg,data/processed/faces\S_764445d3.jpg,False,False,train,False
P_478ee2e0,train,n006904,data/processed/faces\S_feb8a6ab.jpg,data/processed/faces\S_a3769031.jpg,False,False,train,False
P_c6111baa,train,n006904,data/processed/faces\S_feb8a6ab.jpg,data/processed/faces\S_50c9dcf5.jpg,False,False,train,False
P_64acc43e,train,n006904,data/processed/faces\S_feb8a6ab.jpg,data/processed/faces\S_b114178d.jpg,False,False,train,False
P_7cca5322,train,n006904,data/processed/faces\S_feb8a6ab.jpg,data/processed/faces\S_c616ca58.jpg,False,False,train,False
P_6382136c,train,n006904,data/processed/faces\S_feb8a6ab.jpg,data/processed/faces\S_9d4db5da.jpg,False,False,train,False
P_551332cd,train,n006904,data/processed/faces\S_feb8a6ab.jpg,data/processed/faces\S_b0ba6d3c.jpg,False,False,train,False
P_607d9408,train,n006904,data/processed/faces\S_feb8a6ab.jpg,data/processed/faces\S_01d0f3ac.jpg,False,False,train,False
P_02bb752a,train,n006904,data/processed/faces\S_feb8a6ab.jpg,data/processed/faces\S_325b7b30.jpg,False,False,train,False
P_e9845a0b,train,n006904,data/processed/faces\S_feb8a6ab.jpg,data/processed/faces\S_4e84ef37.jpg,False,False,train,False
P_2437a36c,train,n006904,data/processed/faces\S_feb8a6ab.jpg,data/processed/faces\S_f49fb622.jpg,False,False,train,False
P_94591af5,train,n006904,data/processed/faces\S_feb8a6ab.jpg,data/processed/faces\S_d9e530dc.jpg,False,False,train,False
P_f61aa792,train,n006904,data/processed/faces\S_feb8a6ab.jpg,data/processed/faces\S_22c7fb8c.jpg,False,False,train,False
P_7a80f005,train,n006904,data/processed/faces\S_feb8a6ab.jpg,data/processed/faces\S_54250c73.jpg,False,False,train,False
P_25bc12ad,train,n006904,data/processed/faces\S_feb8a6ab.jpg,data/processed/faces\S_90f286b1.jpg,False,False,train,False
P_d7407f10,train,n006904,data/processed/faces\S_feb8a6ab.jpg,data/processed/faces\S_2baeba43.jpg,False,False,train,False
P_0c1a0732,train,n006904,data/processed/faces\S_feb8a6ab.jpg,data/processed/faces\S_3c1d88c6.jpg,False,False,train,False
P_2d9a1375,train,n006904,data/processed/faces\S_feb8a6ab.jpg,data/processed/faces\S_89302fbe.jpg,False,False,train,False
P_271f525a,train,n006904,data/processed/faces\S_feb8a6ab.jpg,data/processed/faces\S_b16d9098.jpg,False,False,train,False
P_bf0e3a50,train,n006904,data/processed/faces\S_feb8a6ab.jpg,data/processed/faces\S_43848945.jpg,False,False,train,False
P_65129e17,train,n006904,data/processed/faces\S_feb8a6ab.jpg,data/processed/faces\S_e77b596a.jpg,False,False,train,False
P_44d782d1,train,n006904,data/processed/faces\S_feb8a6ab.jpg,data/processed/faces\S_e0cec1df.jpg,False,False,train,False
P_5835a68a,train,n006904,data/processed/faces\S_feb8a6ab.jpg,data/processed/faces\S_76424a39.jpg,False,False,train,False
P_5be632c2,train,n006904,data/processed/faces\S_feb8a6ab.jpg,data/generated/face_swaps\SW_a21c1bfe.jpg,False,False,train,False
P_f3fcfd60,train,n006904,data/processed/faces\S_feb8a6ab.jpg,data/generated/face_swaps\SW_2bc64e59.jpg,False,False,train,False
P_00554121,train,n006904,data/processed/faces\S_feb8a6ab.jpg,data/generated/face_swaps\SW_3ecdaaa6.jpg,False,False,train,False
P_d55bdacb,train,n006904,data/processed/faces\S_feb8a6ab.jpg,data/generated/face_swaps\SW_1bdbb02f.jpg,False,False,train,False
P_cf5b501b,train,n006904,data/processed/faces\S_feb8a6ab.jpg,data/generated/face_swaps\SW_b877f93f.jpg,False,False,train,False
P_9878d3c3,train,n006904,data/processed/faces\S_feb8a6ab.jpg,data/generated/face_swaps\SW_3b4612db.jpg,False,False,train,False
P_3bcfb953,train,n006904,data/processed/faces\S_feb8a6ab.jpg,data/generated/face_swaps\SW_29731266.jpg,False,False,train,False
P_26bccdec,train,n006904,data/processed/faces\S_feb8a6ab.jpg,data/generated/face_swaps\SW_86ed1969.jpg,False,False,train,False
P_e704c306,train,n006904,data/processed/faces\S_feb8a6ab.jpg,data/generated/face_swaps\SW_d9e7002b.jpg,False,False,train,False
P_a349151a,train,n006904,data/processed/faces\S_feb8a6ab.jpg,data/generated/face_swaps\SW_be056835.jpg,False,False,train,False
P_0ea82034,train,n006916,data/processed/faces\S_09005f13.jpg,data/processed/faces\S_a238f075.jpg,False,False,train,False
P_177c0fb0,train,n006916,data/processed/faces\S_09005f13.jpg,data/processed/faces\S_4ecbf548.jpg,False,False,train,False
P_7a06906a,train,n006916,data/processed/faces\S_09005f13.jpg,data/processed/faces\S_ea3f9289.jpg,False,False,train,False
P_2641bdb4,train,n006916,data/processed/faces\S_09005f13.jpg,data/processed/faces\S_54e97d9f.jpg,False,False,train,False
P_977f0cf2,train,n006916,data/processed/faces\S_09005f13.jpg,data/processed/faces\S_5ef84c21.jpg,False,False,train,False
P_67e0d939,train,n006916,data/processed/faces\S_09005f13.jpg,data/processed/faces\S_09d04234.jpg,False,False,train,False
P_951e0038,train,n006916,data/processed/faces\S_09005f13.jpg,data/processed/faces\S_90451390.jpg,False,False,train,False
P_f23ab8c3,train,n006916,data/processed/faces\S_09005f13.jpg,data/processed/faces\S_07f8e36f.jpg,False,False,train,False
P_97c9f25d,train,n006916,data/processed/faces\S_09005f13.jpg,data/processed/faces\S_5f3e35da.jpg,False,False,train,False
P_9c4a973f,train,n006916,data/processed/faces\S_09005f13.jpg,data/processed/faces\S_8a2145e0.jpg,False,False,train,False
P_bc1101bd,train,n006916,data/processed/faces\S_09005f13.jpg,data/processed/faces\S_30d9bd26.jpg,False,False,train,False
P_1a6a20a3,train,n006916,data/processed/faces\S_09005f13.jpg,data/processed/faces\S_af8d12d7.jpg,False,False,train,False
P_81d846b9,train,n006916,data/processed/faces\S_09005f13.jpg,data/processed/faces\S_45491b28.jpg,False,False,train,False
P_7f33026c,train,n006916,data/processed/faces\S_09005f13.jpg,data/processed/faces\S_a916277f.jpg,False,False,train,False
P_e0b51292,train,n006916,data/processed/faces\S_09005f13.jpg,data/processed/faces\S_6be9b255.jpg,False,False,train,False
P_63c47c95,train,n006916,data/processed/faces\S_09005f13.jpg,data/processed/faces\S_1eb5bdd0.jpg,False,False,train,False
P_6a88edfc,train,n006916,data/processed/faces\S_09005f13.jpg,data/processed/faces\S_2abfdc5f.jpg,False,False,train,False
P_ce6d2554,train,n006916,data/processed/faces\S_09005f13.jpg,data/processed/faces\S_765e2942.jpg,False,False,train,False
P_66e2116d,train,n006916,data/processed/faces\S_09005f13.jpg,data/processed/faces\S_14c34848.jpg,False,False,train,False
P_d2cc0e77,train,n006916,data/processed/faces\S_09005f13.jpg,data/processed/faces\S_8032dca0.jpg,False,False,train,False
P_2b728a01,train,n006916,data/processed/faces\S_09005f13.jpg,data/processed/faces\S_5c049853.jpg,False,False,train,False
P_5d7fce9f,train,n006916,data/processed/faces\S_09005f13.jpg,data/processed/faces\S_f70c06d3.jpg,False,False,train,False
P_6bb4fcad,train,n006916,data/processed/faces\S_09005f13.jpg,data/processed/faces\S_57d049f2.jpg,False,False,train,False
P_038389b9,train,n006916,data/processed/faces\S_09005f13.jpg,data/processed/faces\S_20c65aac.jpg,False,False,train,False
P_3f506dfd,train,n006916,data/processed/faces\S_09005f13.jpg,data/processed/faces\S_71b8ae1b.jpg,False,False,train,False
P_7540d45f,train,n006916,data/processed/faces\S_09005f13.jpg,data/processed/faces\S_cb67a5c2.jpg,False,False,train,False
P_bbdac314,train,n006916,data/processed/faces\S_09005f13.jpg,data/processed/faces\S_d13c42ae.jpg,False,False,train,False
P_65b65dbe,train,n006916,data/processed/faces\S_09005f13.jpg,data/processed/faces\S_93477441.jpg,False,False,train,False
P_cdf679b6,train,n006916,data/processed/faces\S_09005f13.jpg,data/processed/faces\S_72e9c03f.jpg,False,False,train,False
P_5900f21f,train,n006916,data/processed/faces\S_09005f13.jpg,data/processed/faces\S_f14b2200.jpg,False,False,train,False
P_05c664b3,train,n006916,data/processed/faces\S_09005f13.jpg,data/processed/faces\S_ee52b47b.jpg,False,False,train,False
P_de0ef701,train,n006916,data/processed/faces\S_09005f13.jpg,data/processed/faces\S_39a8dc4c.jpg,False,False,train,False
P_320ca988,train,n006916,data/processed/faces\S_09005f13.jpg,data/processed/faces\S_1b761703.jpg,False,False,train,False
P_56b8bb5d,train,n006916,data/processed/faces\S_09005f13.jpg,data/processed/faces\S_2543a87e.jpg,False,False,train,False
P_eb276c94,train,n006916,data/processed/faces\S_09005f13.jpg,data/processed/faces\S_43848945.jpg,False,False,train,False
P_53b02ad1,train,n006916,data/processed/faces\S_09005f13.jpg,data/processed/faces\S_97d19c1d.jpg,False,False,train,False
P_5b36848e,train,n006916,data/processed/faces\S_09005f13.jpg,data/processed/faces\S_127159cf.jpg,False,False,train,False
P_101d1125,train,n006916,data/processed/faces\S_09005f13.jpg,data/processed/faces\S_a9b4acae.jpg,False,False,train,False
P_78a60147,train,n006916,data/processed/faces\S_09005f13.jpg,data/processed/faces\S_cf04c66d.jpg,False,False,train,False
P_043e7e5f,train,n006916,data/processed/faces\S_09005f13.jpg,data/processed/faces\S_5e51f007.jpg,False,False,train,False
P_b9af51b2,train,n006916,data/processed/faces\S_09005f13.jpg,data/processed/faces\S_59ed2d7f.jpg,False,False,train,False
P_bc8be3db,train,n006916,data/processed/faces\S_09005f13.jpg,data/processed/faces\S_06ed29f8.jpg,False,False,train,False
P_86387b3e,train,n006916,data/processed/faces\S_09005f13.jpg,data/processed/faces\S_5e0ca483.jpg,False,False,train,False
P_a26bb293,train,n006916,data/processed/faces\S_09005f13.jpg,data/processed/faces\S_a94e656d.jpg,False,False,train,False
P_3f15e83f,train,n006916,data/processed/faces\S_09005f13.jpg,data/processed/faces\S_6e034223.jpg,False,False,train,False
P_ace32390,train,n006916,data/processed/faces\S_09005f13.jpg,data/processed/faces\S_2e98a6c0.jpg,False,False,train,False
P_400c8b8f,train,n006916,data/processed/faces\S_09005f13.jpg,data/processed/faces\S_ce82b5d1.jpg,False,False,train,False
P_49f4be89,train,n006916,data/processed/faces\S_09005f13.jpg,data/processed/faces\S_6606963b.jpg,False,False,train,False
P_305736df,train,n006916,data/processed/faces\S_09005f13.jpg,data/processed/faces\S_5d2b652d.jpg,False,False,train,False
P_12ecc4fb,train,n006916,data/processed/faces\S_09005f13.jpg,data/processed/faces\S_9e05b165.jpg,False,False,train,False
P_6d7087e4,train,n006916,data/processed/faces\S_09005f13.jpg,data/processed/faces\S_71cd2cb1.jpg,False,False,train,False
P_9e3bdefe,train,n006916,data/processed/faces\S_09005f13.jpg,data/processed/faces\S_b9429b35.jpg,False,False,train,False
P_d46f5d72,train,n006916,data/processed/faces\S_09005f13.jpg,data/processed/faces\S_7a3a4d72.jpg,False,False,train,False
P_4f8d34b6,train,n006916,data/processed/faces\S_09005f13.jpg,data/processed/faces\S_0abf85a1.jpg,False,False,train,False
P_e59b96c0,train,n006916,data/processed/faces\S_09005f13.jpg,data/processed/faces\S_da588812.jpg,False,False,train,False
P_c9d959f7,train,n006916,data/processed/faces\S_09005f13.jpg,data/processed/faces\S_ae9e4546.jpg,False,False,train,False
P_a59b50c6,train,n006916,data/processed/faces\S_09005f13.jpg,data/processed/faces\S_4f5ff95b.jpg,False,False,train,False
P_4d35eaab,train,n006916,data/processed/faces\S_09005f13.jpg,data/processed/faces\S_afdf86a7.jpg,False,False,train,False
P_df15169b,train,n006916,data/processed/faces\S_09005f13.jpg,data/processed/faces\S_690a7e26.jpg,False,False,train,False
P_0a666d98,train,n006916,data/processed/faces\S_09005f13.jpg,data/processed/faces\S_86a543a1.jpg,False,False,train,False
P_ec45fb0e,train,n006916,data/processed/faces\S_09005f13.jpg,data/processed/faces\S_0f53b076.jpg,False,False,train,False
P_f7c56cd8,train,n006916,data/processed/faces\S_09005f13.jpg,data/processed/faces\S_5210adf4.jpg,False,False,train,False
P_4a42fb66,train,n006916,data/processed/faces\S_09005f13.jpg,data/processed/faces\S_54c2a0ce.jpg,False,False,train,False
P_b0f2631b,train,n006916,data/processed/faces\S_09005f13.jpg,data/processed/faces\S_4d366033.jpg,False,False,train,False
P_ffb02bd6,train,n006916,data/processed/faces\S_09005f13.jpg,data/processed/faces\S_e30f9b7b.jpg,False,False,train,False
P_56a4b6ab,train,n006916,data/processed/faces\S_09005f13.jpg,data/processed/faces\S_8442bb47.jpg,False,False,train,False
P_58e07247,train,n006916,data/processed/faces\S_09005f13.jpg,data/processed/faces\S_5d8aa349.jpg,False,False,train,False
P_78178988,train,n006916,data/processed/faces\S_09005f13.jpg,data/processed/faces\S_c5c740b5.jpg,False,False,train,False
P_e2df9e4e,train,n006916,data/processed/faces\S_09005f13.jpg,data/generated/face_swaps\SW_c96b6af9.jpg,False,False,train,False
P_da6d739c,train,n006916,data/processed/faces\S_09005f13.jpg,data/generated/face_swaps\SW_0ac1726b.jpg,False,False,train,False
P_0049d10b,train,n006916,data/processed/faces\S_09005f13.jpg,data/generated/face_swaps\SW_14f22168.jpg,False,False,train,False
P_7dd0514b,train,n006916,data/processed/faces\S_09005f13.jpg,data/generated/face_swaps\SW_1e99b455.jpg,False,False,train,False
P_fc990e1c,train,n006916,data/processed/faces\S_09005f13.jpg,data/generated/face_swaps\SW_1740c530.jpg,False,False,train,False
P_c7d84df3,train,n006916,data/processed/faces\S_09005f13.jpg,data/generated/face_swaps\SW_efad49b5.jpg,False,False,train,False
P_12cd0e70,train,n006916,data/processed/faces\S_09005f13.jpg,data/generated/face_swaps\SW_6062bf44.jpg,False,False,train,False
P_43f29084,train,n006916,data/processed/faces\S_09005f13.jpg,data/generated/face_swaps\SW_91e71293.jpg,False,False,train,False
P_ec3266a2,train,n006916,data/processed/faces\S_09005f13.jpg,data/generated/face_swaps\SW_2baf96e4.jpg,False,False,train,False
P_61ece05d,train,n006916,data/processed/faces\S_09005f13.jpg,data/generated/face_swaps\SW_33ff1e48.jpg,False,False,train,False
P_4281934f,train,n006939,data/processed/faces\S_1aac12ba.jpg,data/processed/faces\S_c3c981df.jpg,False,False,train,False
P_2a66dd5d,train,n006939,data/processed/faces\S_1aac12ba.jpg,data/processed/faces\S_ea9c7720.jpg,False,False,train,False
P_34c59eeb,train,n006939,data/processed/faces\S_1aac12ba.jpg,data/processed/faces\S_52124b78.jpg,False,False,train,False
P_918fcb63,train,n006939,data/processed/faces\S_1aac12ba.jpg,data/processed/faces\S_5f794b8e.jpg,False,False,train,False
P_295e85b4,train,n006939,data/processed/faces\S_1aac12ba.jpg,data/processed/faces\S_3419cabd.jpg,False,False,train,False
P_4f510804,train,n006939,data/processed/faces\S_1aac12ba.jpg,data/processed/faces\S_c02863d8.jpg,False,False,train,False
P_9e58abab,train,n006939,data/processed/faces\S_1aac12ba.jpg,data/processed/faces\S_d9f2ef5f.jpg,False,False,train,False
P_f2fbf40e,train,n006939,data/processed/faces\S_1aac12ba.jpg,data/processed/faces\S_283e00db.jpg,False,False,train,False
P_dbb6cc02,train,n006939,data/processed/faces\S_1aac12ba.jpg,data/processed/faces\S_8d7f5517.jpg,False,False,train,False
P_94b4b972,train,n006939,data/processed/faces\S_1aac12ba.jpg,data/processed/faces\S_2c956f93.jpg,False,False,train,False
P_cca2020c,train,n006939,data/processed/faces\S_1aac12ba.jpg,data/processed/faces\S_1fdd0c31.jpg,False,False,train,False
P_5c561a2f,train,n006939,data/processed/faces\S_1aac12ba.jpg,data/processed/faces\S_e77b596a.jpg,False,False,train,False
P_fe2b78fc,train,n006939,data/processed/faces\S_1aac12ba.jpg,data/processed/faces\S_a4274ac9.jpg,False,False,train,False
P_2d3f9bea,train,n006939,data/processed/faces\S_1aac12ba.jpg,data/processed/faces\S_cc8839d6.jpg,False,False,train,False
P_bbfb608e,train,n006939,data/processed/faces\S_1aac12ba.jpg,data/processed/faces\S_5e9e4ea8.jpg,False,False,train,False
P_6580cdb8,train,n006939,data/processed/faces\S_1aac12ba.jpg,data/processed/faces\S_a333f13a.jpg,False,False,train,False
P_7b22b289,train,n006939,data/processed/faces\S_1aac12ba.jpg,data/processed/faces\S_abc93d0c.jpg,False,False,train,False
P_c26236df,train,n006939,data/processed/faces\S_1aac12ba.jpg,data/processed/faces\S_0b355319.jpg,False,False,train,False
P_2bedda73,train,n006939,data/processed/faces\S_1aac12ba.jpg,data/processed/faces\S_8442bb47.jpg,False,False,train,False
P_b579f22e,train,n006939,data/processed/faces\S_1aac12ba.jpg,data/processed/faces\S_9b9689a1.jpg,False,False,train,False
P_e42a77e5,train,n006939,data/processed/faces\S_1aac12ba.jpg,data/processed/faces\S_4211262f.jpg,False,False,train,False
P_fe831d7f,train,n006939,data/processed/faces\S_1aac12ba.jpg,data/processed/faces\S_9be77c30.jpg,False,False,train,False
P_1b50f203,train,n006939,data/processed/faces\S_1aac12ba.jpg,data/processed/faces\S_ca3151de.jpg,False,False,train,False
P_6e4d1b1b,train,n006939,data/processed/faces\S_1aac12ba.jpg,data/processed/faces\S_cfa31f3c.jpg,False,False,train,False
P_5b0dfa2d,train,n006939,data/processed/faces\S_1aac12ba.jpg,data/processed/faces\S_ea61e838.jpg,False,False,train,False
P_55042e52,train,n006939,data/processed/faces\S_1aac12ba.jpg,data/processed/faces\S_f160817c.jpg,False,False,train,False
P_2f7938cc,train,n006939,data/processed/faces\S_1aac12ba.jpg,data/processed/faces\S_3de60142.jpg,False,False,train,False
P_a5363418,train,n006939,data/processed/faces\S_1aac12ba.jpg,data/processed/faces\S_06ad933c.jpg,False,False,train,False
P_66ad06c7,train,n006939,data/processed/faces\S_1aac12ba.jpg,data/processed/faces\S_8c79b548.jpg,False,False,train,False
P_537d2748,train,n006939,data/processed/faces\S_1aac12ba.jpg,data/processed/faces\S_4d481d50.jpg,False,False,train,False
P_15bed618,train,n006939,data/processed/faces\S_1aac12ba.jpg,data/processed/faces\S_1d503b6d.jpg,False,False,train,False
P_07d78833,train,n006939,data/processed/faces\S_1aac12ba.jpg,data/processed/faces\S_34cf962b.jpg,False,False,train,False
P_fcc05f4a,train,n006939,data/processed/faces\S_1aac12ba.jpg,data/processed/faces\S_ebde25f2.jpg,False,False,train,False
P_290b0974,train,n006939,data/processed/faces\S_1aac12ba.jpg,data/processed/faces\S_7f5b3a67.jpg,False,False,train,False
P_a0cd20c4,train,n006939,data/processed/faces\S_1aac12ba.jpg,data/processed/faces\S_a1d1cc6d.jpg,False,False,train,False
P_c0f952ef,train,n006939,data/processed/faces\S_1aac12ba.jpg,data/processed/faces\S_c5558cd2.jpg,False,False,train,False
P_e3193e09,train,n006939,data/processed/faces\S_1aac12ba.jpg,data/processed/faces\S_4a0e55d3.jpg,False,False,train,False
P_25b5f71e,train,n006939,data/processed/faces\S_1aac12ba.jpg,data/processed/faces\S_fb6be97e.jpg,False,False,train,False
P_ed9df1df,train,n006939,data/processed/faces\S_1aac12ba.jpg,data/processed/faces\S_ffe79a17.jpg,False,False,train,False
P_560d9e1b,train,n006939,data/processed/faces\S_1aac12ba.jpg,data/processed/faces\S_794d2a1a.jpg,False,False,train,False
P_f8901eaf,train,n006939,data/processed/faces\S_1aac12ba.jpg,data/processed/faces\S_9683e765.jpg,False,False,train,False
P_b3bd3d77,train,n006939,data/processed/faces\S_1aac12ba.jpg,data/processed/faces\S_adb5f762.jpg,False,False,train,False
P_60a35863,train,n006939,data/processed/faces\S_1aac12ba.jpg,data/processed/faces\S_82067637.jpg,False,False,train,False
P_ea779f02,train,n006939,data/processed/faces\S_1aac12ba.jpg,data/processed/faces\S_ddf1e2fa.jpg,False,False,train,False
P_0a38161b,train,n006939,data/processed/faces\S_1aac12ba.jpg,data/processed/faces\S_41b1f11f.jpg,False,False,train,False
P_96df839a,train,n006939,data/processed/faces\S_1aac12ba.jpg,data/processed/faces\S_1b0f2ed2.jpg,False,False,train,False
P_79927c87,train,n006939,data/processed/faces\S_1aac12ba.jpg,data/processed/faces\S_88b3224d.jpg,False,False,train,False
P_ab6c1b81,train,n006939,data/processed/faces\S_1aac12ba.jpg,data/processed/faces\S_8e8a6388.jpg,False,False,train,False
P_b437a0e6,train,n006939,data/processed/faces\S_1aac12ba.jpg,data/processed/faces\S_739dde4f.jpg,False,False,train,False
P_64d3517b,train,n006939,data/processed/faces\S_1aac12ba.jpg,data/processed/faces\S_bfe38deb.jpg,False,False,train,False
P_557b0bc7,train,n006939,data/processed/faces\S_1aac12ba.jpg,data/processed/faces\S_0b2cc5e7.jpg,False,False,train,False
P_f2e25aea,train,n006939,data/processed/faces\S_1aac12ba.jpg,data/processed/faces\S_2abe011e.jpg,False,False,train,False
P_fda784e4,train,n006939,data/processed/faces\S_1aac12ba.jpg,data/processed/faces\S_e96f575b.jpg,False,False,train,False
P_53ccf24f,train,n006939,data/processed/faces\S_1aac12ba.jpg,data/processed/faces\S_d854b019.jpg,False,False,train,False
P_f5e45d61,train,n006939,data/processed/faces\S_1aac12ba.jpg,data/processed/faces\S_0e907d93.jpg,False,False,train,False
P_09636fa1,train,n006939,data/processed/faces\S_1aac12ba.jpg,data/processed/faces\S_8e469661.jpg,False,False,train,False
P_16dc4492,train,n006939,data/processed/faces\S_1aac12ba.jpg,data/processed/faces\S_da811f59.jpg,False,False,train,False
P_7093a05e,train,n006939,data/processed/faces\S_1aac12ba.jpg,data/processed/faces\S_2e415034.jpg,False,False,train,False
P_8f0e5427,train,n006939,data/processed/faces\S_1aac12ba.jpg,data/processed/faces\S_f8ac9c99.jpg,False,False,train,False
P_056d5d4c,train,n006939,data/processed/faces\S_1aac12ba.jpg,data/processed/faces\S_b433134f.jpg,False,False,train,False
P_91c25769,train,n006939,data/processed/faces\S_1aac12ba.jpg,data/processed/faces\S_f3f270bc.jpg,False,False,train,False
P_a01b1bee,train,n006939,data/processed/faces\S_1aac12ba.jpg,data/processed/faces\S_443644e3.jpg,False,False,train,False
P_51676da2,train,n006939,data/processed/faces\S_1aac12ba.jpg,data/processed/faces\S_2c22c48c.jpg,False,False,train,False
P_46e7d6c3,train,n006939,data/processed/faces\S_1aac12ba.jpg,data/processed/faces\S_c0aff589.jpg,False,False,train,False
P_31772379,train,n006939,data/processed/faces\S_1aac12ba.jpg,data/processed/faces\S_71b8ae1b.jpg,False,False,train,False
P_0b517cf8,train,n006939,data/processed/faces\S_1aac12ba.jpg,data/processed/faces\S_b9e85efe.jpg,False,False,train,False
P_4d8e7075,train,n006939,data/processed/faces\S_1aac12ba.jpg,data/processed/faces\S_a79203b0.jpg,False,False,train,False
P_d94720c8,train,n006939,data/processed/faces\S_1aac12ba.jpg,data/generated/face_swaps\SW_76778a78.jpg,False,False,train,False
P_0f706e9f,train,n006939,data/processed/faces\S_1aac12ba.jpg,data/generated/face_swaps\SW_081755cc.jpg,False,False,train,False
P_bd1a67a9,train,n006939,data/processed/faces\S_1aac12ba.jpg,data/generated/face_swaps\SW_eb96f0c8.jpg,False,False,train,False
P_8d382e82,train,n006939,data/processed/faces\S_1aac12ba.jpg,data/generated/face_swaps\SW_52d83356.jpg,False,False,train,False
P_f01676a8,train,n006939,data/processed/faces\S_1aac12ba.jpg,data/generated/face_swaps\SW_97519c4b.jpg,False,False,train,False
P_f6f647af,train,n006939,data/processed/faces\S_1aac12ba.jpg,data/generated/face_swaps\SW_7df191ba.jpg,False,False,train,False
P_df654e15,train,n006939,data/processed/faces\S_1aac12ba.jpg,data/generated/face_swaps\SW_59344130.jpg,False,False,train,False
P_d1474fac,train,n006939,data/processed/faces\S_1aac12ba.jpg,data/generated/face_swaps\SW_4765f907.jpg,False,False,train,False
P_d5705bc1,train,n006939,data/processed/faces\S_1aac12ba.jpg,data/generated/face_swaps\SW_8213ca5e.jpg,False,False,train,False
P_b0d25a73,train,n006939,data/processed/faces\S_1aac12ba.jpg,data/generated/face_swaps\SW_cb68613a.jpg,False,False,train,False
P_574b5d11,train,n008095,data/processed/faces\S_1d2755fa.jpg,data/processed/faces\S_fd57bd8a.jpg,False,False,train,False
P_9a73ef39,train,n008095,data/processed/faces\S_1d2755fa.jpg,data/processed/faces\S_fdbe9371.jpg,False,False,train,False
P_2d626254,train,n008095,data/processed/faces\S_1d2755fa.jpg,data/processed/faces\S_f225a580.jpg,False,False,train,False
P_3af3a564,train,n008095,data/processed/faces\S_1d2755fa.jpg,data/processed/faces\S_85fe3dfb.jpg,False,False,train,False
P_55c342b9,train,n008095,data/processed/faces\S_1d2755fa.jpg,data/processed/faces\S_ba0a323f.jpg,False,False,train,False
P_0ca0c484,train,n008095,data/processed/faces\S_1d2755fa.jpg,data/processed/faces\S_75e1f6ae.jpg,False,False,train,False
P_693f069d,train,n008095,data/processed/faces\S_1d2755fa.jpg,data/processed/faces\S_c4aff379.jpg,False,False,train,False
P_08702f27,train,n008095,data/processed/faces\S_1d2755fa.jpg,data/processed/faces\S_d3f75ff9.jpg,False,False,train,False
P_79855fa9,train,n008095,data/processed/faces\S_1d2755fa.jpg,data/processed/faces\S_b8cf74dd.jpg,False,False,train,False
P_e8f633dc,train,n008095,data/processed/faces\S_1d2755fa.jpg,data/processed/faces\S_7e80fb74.jpg,False,False,train,False
P_9a26de7a,train,n008095,data/processed/faces\S_1d2755fa.jpg,data/processed/faces\S_588c440f.jpg,False,False,train,False
P_bfa81012,train,n008095,data/processed/faces\S_1d2755fa.jpg,data/processed/faces\S_68d3f229.jpg,False,False,train,False
P_125502b9,train,n008095,data/processed/faces\S_1d2755fa.jpg,data/processed/faces\S_e0cec1df.jpg,False,False,train,False
P_40ff24b3,train,n008095,data/processed/faces\S_1d2755fa.jpg,data/processed/faces\S_d3fc7ba2.jpg,False,False,train,False
P_286bf68a,train,n008095,data/processed/faces\S_1d2755fa.jpg,data/processed/faces\S_ddc043dc.jpg,False,False,train,False
P_cb364d1a,train,n008095,data/processed/faces\S_1d2755fa.jpg,data/processed/faces\S_36e539a3.jpg,False,False,train,False
P_fe17cbb5,train,n008095,data/processed/faces\S_1d2755fa.jpg,data/processed/faces\S_05759ad9.jpg,False,False,train,False
P_835bcb1e,train,n008095,data/processed/faces\S_1d2755fa.jpg,data/processed/faces\S_43c9b315.jpg,False,False,train,False
P_f2489102,train,n008095,data/processed/faces\S_1d2755fa.jpg,data/processed/faces\S_4fa666eb.jpg,False,False,train,False
P_3e9f4225,train,n008095,data/processed/faces\S_1d2755fa.jpg,data/processed/faces\S_b4b71a0e.jpg,False,False,train,False
P_54a8a536,train,n008095,data/processed/faces\S_1d2755fa.jpg,data/processed/faces\S_5376a998.jpg,False,False,train,False
P_8b898593,train,n008095,data/processed/faces\S_1d2755fa.jpg,data/processed/faces\S_b4fd7bff.jpg,False,False,train,False
P_24dc79d3,train,n008095,data/processed/faces\S_1d2755fa.jpg,data/processed/faces\S_759fae93.jpg,False,False,train,False
P_fa424261,train,n008095,data/processed/faces\S_1d2755fa.jpg,data/processed/faces\S_dbd14acb.jpg,False,False,train,False
P_9a7888f4,train,n008095,data/processed/faces\S_1d2755fa.jpg,data/processed/faces\S_98a4d488.jpg,False,False,train,False
P_dec51059,train,n008095,data/processed/faces\S_1d2755fa.jpg,data/processed/faces\S_5ce3e9cd.jpg,False,False,train,False
P_bae7de06,train,n008095,data/processed/faces\S_1d2755fa.jpg,data/processed/faces\S_5e4d5593.jpg,False,False,train,False
P_f8bed4e0,train,n008095,data/processed/faces\S_1d2755fa.jpg,data/processed/faces\S_4f952cd3.jpg,False,False,train,False
P_4126d209,train,n008095,data/processed/faces\S_1d2755fa.jpg,data/processed/faces\S_b9e85efe.jpg,False,False,train,False
P_b96cee80,train,n008095,data/processed/faces\S_1d2755fa.jpg,data/processed/faces\S_95e68645.jpg,False,False,train,False
P_5852face,train,n008095,data/processed/faces\S_1d2755fa.jpg,data/processed/faces\S_5d8aa349.jpg,False,False,train,False
P_d3a1732c,train,n008095,data/processed/faces\S_1d2755fa.jpg,data/processed/faces\S_0c1e55ad.jpg,False,False,train,False
P_6a2da079,train,n008095,data/processed/faces\S_1d2755fa.jpg,data/processed/faces\S_35fc1235.jpg,False,False,train,False
P_2e817d8e,train,n008095,data/processed/faces\S_1d2755fa.jpg,data/processed/faces\S_43715501.jpg,False,False,train,False
P_fea30084,train,n008095,data/processed/faces\S_1d2755fa.jpg,data/processed/faces\S_a85b6534.jpg,False,False,train,False
P_3e69222c,train,n008095,data/processed/faces\S_1d2755fa.jpg,data/processed/faces\S_55e2f2c8.jpg,False,False,train,False
P_e58f6865,train,n008095,data/processed/faces\S_1d2755fa.jpg,data/processed/faces\S_ec2e3bff.jpg,False,False,train,False
P_c6ad2a49,train,n008095,data/processed/faces\S_1d2755fa.jpg,data/processed/faces\S_29485f2b.jpg,False,False,train,False
P_529954f3,train,n008095,data/processed/faces\S_1d2755fa.jpg,data/processed/faces\S_16968458.jpg,False,False,train,False
P_5d0e6718,train,n008095,data/processed/faces\S_1d2755fa.jpg,data/processed/faces\S_5f0ca27c.jpg,False,False,train,False
P_c76226cb,train,n008095,data/processed/faces\S_1d2755fa.jpg,data/processed/faces\S_c09dfe35.jpg,False,False,train,False
P_1083e712,train,n008095,data/processed/faces\S_1d2755fa.jpg,data/processed/faces\S_5834109d.jpg,False,False,train,False
P_d8252738,train,n008095,data/processed/faces\S_1d2755fa.jpg,data/processed/faces\S_a78ca4b2.jpg,False,False,train,False
P_9b46fb49,train,n008095,data/processed/faces\S_1d2755fa.jpg,data/processed/faces\S_ce0956db.jpg,False,False,train,False
P_b5b9ad25,train,n008095,data/processed/faces\S_1d2755fa.jpg,data/processed/faces\S_6c4a1be6.jpg,False,False,train,False
P_96fd3f2e,train,n008095,data/processed/faces\S_1d2755fa.jpg,data/processed/faces\S_2e98a6c0.jpg,False,False,train,False
P_7627cc0b,train,n008095,data/processed/faces\S_1d2755fa.jpg,data/processed/faces\S_450d516e.jpg,False,False,train,False
P_b6815f34,train,n008095,data/processed/faces\S_1d2755fa.jpg,data/processed/faces\S_6817a167.jpg,False,False,train,False
P_393f117e,train,n008095,data/processed/faces\S_1d2755fa.jpg,data/processed/faces\S_5d19351b.jpg,False,False,train,False
P_2fe6d1aa,train,n008095,data/processed/faces\S_1d2755fa.jpg,data/processed/faces\S_0031ccd8.jpg,False,False,train,False
P_6cb4793b,train,n008095,data/processed/faces\S_1d2755fa.jpg,data/processed/faces\S_7ec93dc0.jpg,False,False,train,False
P_4e3322bf,train,n008095,data/processed/faces\S_1d2755fa.jpg,data/processed/faces\S_f0ba58c7.jpg,False,False,train,False
P_a01d500a,train,n008095,data/processed/faces\S_1d2755fa.jpg,data/processed/faces\S_f4b7bf25.jpg,False,False,train,False
P_d27a1948,train,n008095,data/processed/faces\S_1d2755fa.jpg,data/processed/faces\S_6698d260.jpg,False,False,train,False
P_5bb9af99,train,n008095,data/processed/faces\S_1d2755fa.jpg,data/processed/faces\S_4adcbbbd.jpg,False,False,train,False
P_46ba814e,train,n008095,data/processed/faces\S_1d2755fa.jpg,data/processed/faces\S_dffa7a18.jpg,False,False,train,False
P_d61b65e6,train,n008095,data/processed/faces\S_1d2755fa.jpg,data/processed/faces\S_a1914430.jpg,False,False,train,False
P_54c55171,train,n008095,data/processed/faces\S_1d2755fa.jpg,data/processed/faces\S_916bc2bd.jpg,False,False,train,False
P_17c1cf4a,train,n008095,data/processed/faces\S_1d2755fa.jpg,data/processed/faces\S_667c70e8.jpg,False,False,train,False
P_3b7041ef,train,n008095,data/processed/faces\S_1d2755fa.jpg,data/processed/faces\S_7c975ab9.jpg,False,False,train,False
P_86bf0fb0,train,n008095,data/processed/faces\S_1d2755fa.jpg,data/processed/faces\S_6553c1db.jpg,False,False,train,False
P_164f5890,train,n008095,data/processed/faces\S_1d2755fa.jpg,data/processed/faces\S_ba157285.jpg,False,False,train,False
P_9c7e426d,train,n008095,data/processed/faces\S_1d2755fa.jpg,data/processed/faces\S_3c7568a4.jpg,False,False,train,False
P_55722ed5,train,n008095,data/processed/faces\S_1d2755fa.jpg,data/processed/faces\S_2c22c48c.jpg,False,False,train,False
P_12feb9b4,train,n008095,data/processed/faces\S_1d2755fa.jpg,data/processed/faces\S_f59ec507.jpg,False,False,train,False
P_3261ee75,train,n008095,data/processed/faces\S_1d2755fa.jpg,data/processed/faces\S_14c34848.jpg,False,False,train,False
P_0967dd7d,train,n008095,data/processed/faces\S_1d2755fa.jpg,data/processed/faces\S_4d481d50.jpg,False,False,train,False
P_e9d91a6e,train,n008095,data/processed/faces\S_1d2755fa.jpg,data/processed/faces\S_a0f009d5.jpg,False,False,train,False
P_8ed34710,train,n008095,data/processed/faces\S_1d2755fa.jpg,data/generated/face_swaps\SW_84ecdd22.jpg,False,False,train,False
P_5d132faa,train,n008095,data/processed/faces\S_1d2755fa.jpg,data/generated/face_swaps\SW_443945fe.jpg,False,False,train,False
P_ce273400,train,n008095,data/processed/faces\S_1d2755fa.jpg,data/generated/face_swaps\SW_f5450106.jpg,False,False,train,False
P_bb62d837,train,n008095,data/processed/faces\S_1d2755fa.jpg,data/generated/face_swaps\SW_239f749a.jpg,False,False,train,False
P_c514f226,train,n008095,data/processed/faces\S_1d2755fa.jpg,data/generated/face_swaps\SW_c782c9bf.jpg,False,False,train,False
P_9ac4eb61,train,n008095,data/processed/faces\S_1d2755fa.jpg,data/generated/face_swaps\SW_626e5148.jpg,False,False,train,False
P_3eba2a28,train,n008095,data/processed/faces\S_1d2755fa.jpg,data/generated/face_swaps\SW_b5a88161.jpg,False,False,train,False
P_cb49195f,train,n008095,data/processed/faces\S_1d2755fa.jpg,data/generated/face_swaps\SW_d6fa8d15.jpg,False,False,train,False
P_27b953c0,train,n008095,data/processed/faces\S_1d2755fa.jpg,data/generated/face_swaps\SW_8e12034c.jpg,False,False,train,False
P_88550452,train,n008095,data/processed/faces\S_1d2755fa.jpg,data/generated/face_swaps\SW_656bd314.jpg,False,False,train,False
P_20c79a95,train,n008532,data/processed/faces\S_3a3745ac.jpg,data/processed/faces\S_7177b872.jpg,False,False,train,False
P_a9b47478,train,n008532,data/processed/faces\S_3a3745ac.jpg,data/processed/faces\S_941c1db7.jpg,False,False,train,False
P_191fa774,train,n008532,data/processed/faces\S_3a3745ac.jpg,data/processed/faces\S_ad474e66.jpg,False,False,train,False
P_4d58e855,train,n008532,data/processed/faces\S_3a3745ac.jpg,data/processed/faces\S_8eb9f391.jpg,False,False,train,False
P_435e48cf,train,n008532,data/processed/faces\S_3a3745ac.jpg,data/processed/faces\S_a0f009d5.jpg,False,False,train,False
P_4aa8479f,train,n008532,data/processed/faces\S_3a3745ac.jpg,data/processed/faces\S_b98f6f33.jpg,False,False,train,False
P_b788c052,train,n008532,data/processed/faces\S_3a3745ac.jpg,data/processed/faces\S_9e286805.jpg,False,False,train,False
P_d98de776,train,n008532,data/processed/faces\S_3a3745ac.jpg,data/processed/faces\S_808b5d79.jpg,False,False,train,False
P_e1ed6bde,train,n008532,data/processed/faces\S_3a3745ac.jpg,data/processed/faces\S_beb69669.jpg,False,False,train,False
P_6ae0fba2,train,n008532,data/processed/faces\S_3a3745ac.jpg,data/processed/faces\S_d7a98653.jpg,False,False,train,False
P_c6ba08e5,train,n008532,data/processed/faces\S_3a3745ac.jpg,data/processed/faces\S_4d9158ea.jpg,False,False,train,False
P_c5f0d3c8,train,n008532,data/processed/faces\S_3a3745ac.jpg,data/processed/faces\S_aa897e44.jpg,False,False,train,False
P_96e861da,train,n008532,data/processed/faces\S_3a3745ac.jpg,data/processed/faces\S_64e401fe.jpg,False,False,train,False
P_d12d81e6,train,n008532,data/processed/faces\S_3a3745ac.jpg,data/processed/faces\S_76424a39.jpg,False,False,train,False
P_cb2303e7,train,n008532,data/processed/faces\S_3a3745ac.jpg,data/processed/faces\S_51eb8095.jpg,False,False,train,False
P_c287baa0,train,n008532,data/processed/faces\S_3a3745ac.jpg,data/processed/faces\S_06ed0d86.jpg,False,False,train,False
P_15ddf6fd,train,n008532,data/processed/faces\S_3a3745ac.jpg,data/processed/faces\S_e746f9a6.jpg,False,False,train,False
P_9b431c91,train,n008532,data/processed/faces\S_3a3745ac.jpg,data/processed/faces\S_f8dc3ac1.jpg,False,False,train,False
P_18a0d539,train,n008532,data/processed/faces\S_3a3745ac.jpg,data/processed/faces\S_13ffe80a.jpg,False,False,train,False
P_41f7cab9,train,n008532,data/processed/faces\S_3a3745ac.jpg,data/processed/faces\S_f457399b.jpg,False,False,train,False
P_99ecf228,train,n008532,data/processed/faces\S_3a3745ac.jpg,data/processed/faces\S_c8068892.jpg,False,False,train,False
P_d4413ac0,train,n008532,data/processed/faces\S_3a3745ac.jpg,data/processed/faces\S_a24b483c.jpg,False,False,train,False
P_924cfa0f,train,n008532,data/processed/faces\S_3a3745ac.jpg,data/processed/faces\S_21a767bc.jpg,False,False,train,False
P_865d7c5c,train,n008532,data/processed/faces\S_3a3745ac.jpg,data/processed/faces\S_d925e125.jpg,False,False,train,False
P_3f7bafe2,train,n008532,data/processed/faces\S_3a3745ac.jpg,data/processed/faces\S_096aa73b.jpg,False,False,train,False
P_8599ba8c,train,n008532,data/processed/faces\S_3a3745ac.jpg,data/processed/faces\S_5cc0642d.jpg,False,False,train,False
P_32b39434,train,n008532,data/processed/faces\S_3a3745ac.jpg,data/processed/faces\S_7e0bf736.jpg,False,False,train,False
P_2a970cc8,train,n008532,data/processed/faces\S_3a3745ac.jpg,data/processed/faces\S_ece33f68.jpg,False,False,train,False
P_c8c6621e,train,n008532,data/processed/faces\S_3a3745ac.jpg,data/processed/faces\S_a79203b0.jpg,False,False,train,False
P_b8e34c51,train,n008532,data/processed/faces\S_3a3745ac.jpg,data/processed/faces\S_ba368f7a.jpg,False,False,train,False
P_6b4e4b9d,train,n008532,data/processed/faces\S_3a3745ac.jpg,data/processed/faces\S_c5c740b5.jpg,False,False,train,False
P_3ee3bfdd,train,n008532,data/processed/faces\S_3a3745ac.jpg,data/processed/faces\S_de6f0594.jpg,False,False,train,False
P_67e91e7f,train,n008532,data/processed/faces\S_3a3745ac.jpg,data/processed/faces\S_44ceb65a.jpg,False,False,train,False
P_4956aff9,train,n008532,data/processed/faces\S_3a3745ac.jpg,data/processed/faces\S_d19831a7.jpg,False,False,train,False
P_1006badb,train,n008532,data/processed/faces\S_3a3745ac.jpg,data/processed/faces\S_9d8275ea.jpg,False,False,train,False
P_b3f2c44b,train,n008532,data/processed/faces\S_3a3745ac.jpg,data/processed/faces\S_b1915f12.jpg,False,False,train,False
P_a99320e9,train,n008532,data/processed/faces\S_3a3745ac.jpg,data/processed/faces\S_75233eca.jpg,False,False,train,False
P_0a0502ac,train,n008532,data/processed/faces\S_3a3745ac.jpg,data/processed/faces\S_00ba9c40.jpg,False,False,train,False
P_c6f6f8b1,train,n008532,data/processed/faces\S_3a3745ac.jpg,data/processed/faces\S_245bc581.jpg,False,False,train,False
P_1ba1cab8,train,n008532,data/processed/faces\S_3a3745ac.jpg,data/processed/faces\S_cf5f9f09.jpg,False,False,train,False
P_1f702176,train,n008532,data/processed/faces\S_3a3745ac.jpg,data/processed/faces\S_06ed29f8.jpg,False,False,train,False
P_bbed8ea3,train,n008532,data/processed/faces\S_3a3745ac.jpg,data/processed/faces\S_988e9059.jpg,False,False,train,False
P_b1f80099,train,n008532,data/processed/faces\S_3a3745ac.jpg,data/processed/faces\S_fa93dd5e.jpg,False,False,train,False
P_8b9f4c9b,train,n008532,data/processed/faces\S_3a3745ac.jpg,data/processed/faces\S_85f026e1.jpg,False,False,train,False
P_18ebd5d1,train,n008532,data/processed/faces\S_3a3745ac.jpg,data/processed/faces\S_1eab86a8.jpg,False,False,train,False
P_b1d884ca,train,n008532,data/processed/faces\S_3a3745ac.jpg,data/processed/faces\S_e6990b7c.jpg,False,False,train,False
P_2406b8aa,train,n008532,data/processed/faces\S_3a3745ac.jpg,data/processed/faces\S_05f705d5.jpg,False,False,train,False
P_2897d8a7,train,n008532,data/processed/faces\S_3a3745ac.jpg,data/processed/faces\S_ff37c6ea.jpg,False,False,train,False
P_e7abc53f,train,n008532,data/processed/faces\S_3a3745ac.jpg,data/processed/faces\S_6d911950.jpg,False,False,train,False
P_1be3b5b0,train,n008532,data/processed/faces\S_3a3745ac.jpg,data/processed/faces\S_c3502c90.jpg,False,False,train,False
P_04c2fd08,train,n008532,data/processed/faces\S_3a3745ac.jpg,data/processed/faces\S_0b2cc5e7.jpg,False,False,train,False
P_d6f99ef3,train,n008532,data/processed/faces\S_3a3745ac.jpg,data/processed/faces\S_8d71b2a3.jpg,False,False,train,False
P_0e00603b,train,n008532,data/processed/faces\S_3a3745ac.jpg,data/processed/faces\S_1cfd22a3.jpg,False,False,train,False
P_3785fd36,train,n008532,data/processed/faces\S_3a3745ac.jpg,data/processed/faces\S_301b6ccf.jpg,False,False,train,False
P_2bd6e843,train,n008532,data/processed/faces\S_3a3745ac.jpg,data/processed/faces\S_98980a3b.jpg,False,False,train,False
P_bb6cb0e6,train,n008532,data/processed/faces\S_3a3745ac.jpg,data/processed/faces\S_65470745.jpg,False,False,train,False
P_bbd200c3,train,n008532,data/processed/faces\S_3a3745ac.jpg,data/processed/faces\S_f8e79b4f.jpg,False,False,train,False
P_7866c60f,train,n008532,data/processed/faces\S_3a3745ac.jpg,data/processed/faces\S_2e415034.jpg,False,False,train,False
P_b894bcfe,train,n008532,data/processed/faces\S_3a3745ac.jpg,data/processed/faces\S_3281b57d.jpg,False,False,train,False
P_8dfb6326,train,n008532,data/processed/faces\S_3a3745ac.jpg,data/processed/faces\S_ceaa8669.jpg,False,False,train,False
P_a3f892bd,train,n008532,data/processed/faces\S_3a3745ac.jpg,data/processed/faces\S_ed7ec119.jpg,False,False,train,False
P_bb7b460a,train,n008532,data/processed/faces\S_3a3745ac.jpg,data/processed/faces\S_97263ce9.jpg,False,False,train,False
P_fe21cb94,train,n008532,data/processed/faces\S_3a3745ac.jpg,data/processed/faces\S_491802bc.jpg,False,False,train,False
P_02eced4f,train,n008532,data/processed/faces\S_3a3745ac.jpg,data/processed/faces\S_c94f7ed5.jpg,False,False,train,False
P_cc159c60,train,n008532,data/processed/faces\S_3a3745ac.jpg,data/processed/faces\S_39a8dc4c.jpg,False,False,train,False
P_03cb09a8,train,n008532,data/processed/faces\S_3a3745ac.jpg,data/processed/faces\S_8c79b548.jpg,False,False,train,False
P_b2c6814a,train,n008532,data/processed/faces\S_3a3745ac.jpg,data/processed/faces\S_75e1f6ae.jpg,False,False,train,False
P_f4aedb2f,train,n008532,data/processed/faces\S_3a3745ac.jpg,data/generated/face_swaps\SW_05d070e0.jpg,False,False,train,False
P_a3a8b2ee,train,n008532,data/processed/faces\S_3a3745ac.jpg,data/generated/face_swaps\SW_616ca490.jpg,False,False,train,False
P_86e4439b,train,n008532,data/processed/faces\S_3a3745ac.jpg,data/generated/face_swaps\SW_cc594340.jpg,False,False,train,False
P_3cd024e2,train,n008532,data/processed/faces\S_3a3745ac.jpg,data/generated/face_swaps\SW_9a09dd50.jpg,False,False,train,False
P_ef93286c,train,n008532,data/processed/faces\S_3a3745ac.jpg,data/generated/face_swaps\SW_1f948ca5.jpg,False,False,train,False
P_c143bc95,train,n008532,data/processed/faces\S_3a3745ac.jpg,data/generated/face_swaps\SW_f34d9777.jpg,False,False,train,False
P_166b7ff7,train,n008532,data/processed/faces\S_3a3745ac.jpg,data/generated/face_swaps\SW_e7043704.jpg,False,False,train,False
P_f535d9e2,train,n008532,data/processed/faces\S_3a3745ac.jpg,data/generated/face_swaps\SW_c7590500.jpg,False,False,train,False
P_cfaddc82,train,n008532,data/processed/faces\S_3a3745ac.jpg,data/generated/face_swaps\SW_dba05e3c.jpg,False,False,train,False
P_e99a0e31,train,n008532,data/processed/faces\S_3a3745ac.jpg,data/generated/face_swaps\SW_849e3d45.jpg,False,False,train,False
P_e00edbc9,val,n000489,data/processed/faces\S_3a81df91.jpg,data/processed/faces\S_ef8d9eea.jpg,False,False,val,False
P_7b451e28,val,n000489,data/processed/faces\S_3a81df91.jpg,data/processed/faces\S_6981b0fe.jpg,False,False,val,False
P_17d584c2,val,n000489,data/processed/faces\S_3a81df91.jpg,data/processed/faces\S_dc81a97e.jpg,False,False,val,False
P_8d462aba,val,n000489,data/processed/faces\S_3a81df91.jpg,data/processed/faces\S_68a77019.jpg,False,False,val,False
P_b9ea8944,val,n000489,data/processed/faces\S_3a81df91.jpg,data/processed/faces\S_b06fa2d0.jpg,False,False,val,False
P_efa0d5dd,val,n000489,data/processed/faces\S_3a81df91.jpg,data/processed/faces\S_58032980.jpg,False,False,val,False
P_bd3ac300,val,n000489,data/processed/faces\S_3a81df91.jpg,data/processed/faces\S_fc746060.jpg,False,False,val,False
P_11a16f2a,val,n000489,data/processed/faces\S_3a81df91.jpg,data/processed/faces\S_81f5bb52.jpg,False,False,val,False
P_c57cbf31,val,n000489,data/processed/faces\S_3a81df91.jpg,data/processed/faces\S_c4b780cd.jpg,False,False,val,False
P_0be923ed,val,n000489,data/processed/faces\S_3a81df91.jpg,data/processed/faces\S_327f3c18.jpg,False,False,val,False
P_215ec026,val,n000489,data/processed/faces\S_3a81df91.jpg,data/processed/faces\S_15699fd4.jpg,False,False,val,False
P_0ebbb270,val,n000489,data/processed/faces\S_3a81df91.jpg,data/processed/faces\S_629ed88d.jpg,False,False,val,False
P_a98a54ba,val,n000489,data/processed/faces\S_3a81df91.jpg,data/processed/faces\S_6e75bdbe.jpg,False,False,val,False
P_c682282b,val,n000489,data/processed/faces\S_3a81df91.jpg,data/processed/faces\S_f5dd77fd.jpg,False,False,val,False
P_db270915,val,n000489,data/processed/faces\S_3a81df91.jpg,data/processed/faces\S_5561327b.jpg,False,False,val,False
P_1ae6d991,val,n000489,data/processed/faces\S_3a81df91.jpg,data/processed/faces\S_aad8c7f2.jpg,False,False,val,False
P_55487350,val,n000489,data/processed/faces\S_3a81df91.jpg,data/processed/faces\S_e3c4f1bb.jpg,False,False,val,False
P_bf4e05ed,val,n000489,data/processed/faces\S_3a81df91.jpg,data/processed/faces\S_6f3f0199.jpg,False,False,val,False
P_660e5202,val,n000489,data/processed/faces\S_3a81df91.jpg,data/processed/faces\S_d8efb982.jpg,False,False,val,False
P_cbacd150,val,n000489,data/processed/faces\S_3a81df91.jpg,data/processed/faces\S_6b61c8d1.jpg,False,False,val,False
P_c79eacf6,val,n000489,data/processed/faces\S_3a81df91.jpg,data/processed/faces\S_dcde514f.jpg,False,False,val,False
P_f76a4a90,val,n000489,data/processed/faces\S_3a81df91.jpg,data/processed/faces\S_c815ef38.jpg,False,False,val,False
P_7099add6,val,n000489,data/processed/faces\S_3a81df91.jpg,data/processed/faces\S_e912b7a6.jpg,False,False,val,False
P_c7ff1db3,val,n000489,data/processed/faces\S_3a81df91.jpg,data/processed/faces\S_5c01929e.jpg,False,False,val,False
P_63e187da,val,n000489,data/processed/faces\S_3a81df91.jpg,data/processed/faces\S_c31649a9.jpg,False,False,val,False
P_bf2839e8,val,n000489,data/processed/faces\S_3a81df91.jpg,data/processed/faces\S_76c1ad62.jpg,False,False,val,False
P_13c81e9f,val,n000489,data/processed/faces\S_3a81df91.jpg,data/processed/faces\S_4b32cd90.jpg,False,False,val,False
P_2eb9e8bc,val,n000489,data/processed/faces\S_3a81df91.jpg,data/processed/faces\S_349d76c1.jpg,False,False,val,False
P_ff3ca56a,val,n000489,data/processed/faces\S_3a81df91.jpg,data/processed/faces\S_cb480bc6.jpg,False,False,val,False
P_70d0da0b,val,n000489,data/processed/faces\S_3a81df91.jpg,data/processed/faces\S_6e3ae886.jpg,False,False,val,False
P_5c9ce7c8,val,n000489,data/processed/faces\S_3a81df91.jpg,data/processed/faces\S_5ece92d8.jpg,False,False,val,False
P_460b2ced,val,n000489,data/processed/faces\S_3a81df91.jpg,data/processed/faces\S_7d94b292.jpg,False,False,val,False
P_47e4162f,val,n000489,data/processed/faces\S_3a81df91.jpg,data/processed/faces\S_6c21d0ab.jpg,False,False,val,False
P_5f514ff8,val,n000489,data/processed/faces\S_3a81df91.jpg,data/processed/faces\S_37dd82e5.jpg,False,False,val,False
P_31cf0e6a,val,n000489,data/processed/faces\S_3a81df91.jpg,data/processed/faces\S_69574cce.jpg,False,False,val,False
P_3e41ffd7,val,n000489,data/processed/faces\S_3a81df91.jpg,data/processed/faces\S_5fd5d61b.jpg,False,False,val,False
P_b91d91bb,val,n000489,data/processed/faces\S_3a81df91.jpg,data/processed/faces\S_5a1748d3.jpg,False,False,val,False
P_b11eafa4,val,n000489,data/processed/faces\S_3a81df91.jpg,data/processed/faces\S_3d513c16.jpg,False,False,val,False
P_6a61dd34,val,n000489,data/processed/faces\S_3a81df91.jpg,data/processed/faces\S_ca2fd526.jpg,False,False,val,False
P_ce0999ec,val,n000489,data/processed/faces\S_3a81df91.jpg,data/processed/faces\S_0239eee5.jpg,False,False,val,False
P_7015b1db,val,n000489,data/processed/faces\S_3a81df91.jpg,data/processed/faces\S_1c6c6957.jpg,False,False,val,False
P_9abf79f8,val,n000489,data/processed/faces\S_3a81df91.jpg,data/processed/faces\S_240be27e.jpg,False,False,val,False
P_4fa07dfd,val,n000489,data/processed/faces\S_3a81df91.jpg,data/processed/faces\S_889680cb.jpg,False,False,val,False
P_050c34d6,val,n000489,data/processed/faces\S_3a81df91.jpg,data/processed/faces\S_afeaf349.jpg,False,False,val,False
P_405db311,val,n000489,data/processed/faces\S_3a81df91.jpg,data/processed/faces\S_c5347bfe.jpg,False,False,val,False
P_e497d6ab,val,n000489,data/processed/faces\S_3a81df91.jpg,data/processed/faces\S_802345f3.jpg,False,False,val,False
P_1d45d522,val,n000489,data/processed/faces\S_3a81df91.jpg,data/processed/faces\S_0ed0a9e3.jpg,False,False,val,False
P_f87cd851,val,n000489,data/processed/faces\S_3a81df91.jpg,data/processed/faces\S_3cc47aae.jpg,False,False,val,False
P_5e4f38ce,val,n000489,data/processed/faces\S_3a81df91.jpg,data/generated/face_swaps\SW_e7df4ded.jpg,False,False,val,False
P_bcb6ea0e,val,n000489,data/processed/faces\S_3a81df91.jpg,data/generated/face_swaps\SW_240982e0.jpg,False,False,val,False
P_221c309b,val,n000489,data/processed/faces\S_3a81df91.jpg,data/generated/face_swaps\SW_27ca212f.jpg,False,False,val,False
P_bd211665,val,n000489,data/processed/faces\S_3a81df91.jpg,data/generated/face_swaps\SW_347c0305.jpg,False,False,val,False
P_ee489ad1,val,n000489,data/processed/faces\S_3a81df91.jpg,data/generated/face_swaps\SW_10ac78ad.jpg,False,False,val,False
P_2abe2941,val,n000489,data/processed/faces\S_3a81df91.jpg,data/generated/face_swaps\SW_4377b76b.jpg,False,False,val,False
P_bb14ea6c,val,n000489,data/processed/faces\S_3a81df91.jpg,data/generated/face_swaps\SW_1f8704ce.jpg,False,False,val,False
P_0ac8acf2,val,n000489,data/processed/faces\S_3a81df91.jpg,data/generated/face_swaps\SW_c7026b40.jpg,False,False,val,False
P_41676340,val,n000489,data/processed/faces\S_3a81df91.jpg,data/generated/face_swaps\SW_42c44127.jpg,False,False,val,False
P_13eb80b8,val,n000489,data/processed/faces\S_3a81df91.jpg,data/generated/face_swaps\SW_20482d08.jpg,False,False,val,False
P_9ef18a58,val,n001689,data/processed/faces\S_6f5a65a1.jpg,data/processed/faces\S_f63a8845.jpg,False,False,val,False
P_45f337f6,val,n001689,data/processed/faces\S_6f5a65a1.jpg,data/processed/faces\S_f34f1ede.jpg,False,False,val,False
P_680e2dca,val,n001689,data/processed/faces\S_6f5a65a1.jpg,data/processed/faces\S_aa1fbbbc.jpg,False,False,val,False
P_83241e72,val,n001689,data/processed/faces\S_6f5a65a1.jpg,data/processed/faces\S_e2e8df13.jpg,False,False,val,False
P_f2113afa,val,n001689,data/processed/faces\S_6f5a65a1.jpg,data/processed/faces\S_399c5e7f.jpg,False,False,val,False
P_f0a05e28,val,n001689,data/processed/faces\S_6f5a65a1.jpg,data/processed/faces\S_f7494a93.jpg,False,False,val,False
P_6a72af1a,val,n001689,data/processed/faces\S_6f5a65a1.jpg,data/processed/faces\S_475bb5cd.jpg,False,False,val,False
P_58091a53,val,n001689,data/processed/faces\S_6f5a65a1.jpg,data/processed/faces\S_64055dcd.jpg,False,False,val,False
P_10f57a87,val,n001689,data/processed/faces\S_6f5a65a1.jpg,data/processed/faces\S_31d76f87.jpg,False,False,val,False
P_5e464306,val,n001689,data/processed/faces\S_6f5a65a1.jpg,data/processed/faces\S_0239eee5.jpg,False,False,val,False
P_3f6ac941,val,n001689,data/processed/faces\S_6f5a65a1.jpg,data/processed/faces\S_ebadbd71.jpg,False,False,val,False
P_65c1cec3,val,n001689,data/processed/faces\S_6f5a65a1.jpg,data/processed/faces\S_1ea17caa.jpg,False,False,val,False
P_be112544,val,n001689,data/processed/faces\S_6f5a65a1.jpg,data/processed/faces\S_1a91fb0f.jpg,False,False,val,False
P_b6e8ceda,val,n001689,data/processed/faces\S_6f5a65a1.jpg,data/processed/faces\S_a4f4f58b.jpg,False,False,val,False
P_35791ba9,val,n001689,data/processed/faces\S_6f5a65a1.jpg,data/processed/faces\S_44ed489d.jpg,False,False,val,False
P_2aa3fa74,val,n001689,data/processed/faces\S_6f5a65a1.jpg,data/processed/faces\S_8768f899.jpg,False,False,val,False
P_42894124,val,n001689,data/processed/faces\S_6f5a65a1.jpg,data/processed/faces\S_c70c7b66.jpg,False,False,val,False
P_789c0e01,val,n001689,data/processed/faces\S_6f5a65a1.jpg,data/processed/faces\S_df89d8ae.jpg,False,False,val,False
P_064fd8e6,val,n001689,data/processed/faces\S_6f5a65a1.jpg,data/processed/faces\S_d1dfb0a8.jpg,False,False,val,False
P_835d0f00,val,n001689,data/processed/faces\S_6f5a65a1.jpg,data/processed/faces\S_3122c8bf.jpg,False,False,val,False
P_86020c4e,val,n001689,data/processed/faces\S_6f5a65a1.jpg,data/processed/faces\S_45d1964e.jpg,False,False,val,False
P_647944d8,val,n001689,data/processed/faces\S_6f5a65a1.jpg,data/processed/faces\S_2a3c849b.jpg,False,False,val,False
P_2bf5e3c2,val,n001689,data/processed/faces\S_6f5a65a1.jpg,data/processed/faces\S_23a17dbe.jpg,False,False,val,False
P_406089e7,val,n001689,data/processed/faces\S_6f5a65a1.jpg,data/processed/faces\S_365f3a2e.jpg,False,False,val,False
P_250b5923,val,n001689,data/processed/faces\S_6f5a65a1.jpg,data/processed/faces\S_e56d7491.jpg,False,False,val,False
P_4b73944e,val,n001689,data/processed/faces\S_6f5a65a1.jpg,data/processed/faces\S_7fd0bae3.jpg,False,False,val,False
P_e31a3224,val,n001689,data/processed/faces\S_6f5a65a1.jpg,data/processed/faces\S_9138f26a.jpg,False,False,val,False
P_da9d6052,val,n001689,data/processed/faces\S_6f5a65a1.jpg,data/processed/faces\S_ad3fd57c.jpg,False,False,val,False
P_383a441a,val,n001689,data/processed/faces\S_6f5a65a1.jpg,data/processed/faces\S_8bdba6d9.jpg,False,False,val,False
P_6abaf402,val,n001689,data/processed/faces\S_6f5a65a1.jpg,data/processed/faces\S_96bf6250.jpg,False,False,val,False
P_42add90b,val,n001689,data/processed/faces\S_6f5a65a1.jpg,data/processed/faces\S_d032972b.jpg,False,False,val,False
P_ab001380,val,n001689,data/processed/faces\S_6f5a65a1.jpg,data/processed/faces\S_a8761f35.jpg,False,False,val,False
P_dfac27fa,val,n001689,data/processed/faces\S_6f5a65a1.jpg,data/processed/faces\S_b0148b64.jpg,False,False,val,False
P_70d7c3d2,val,n001689,data/processed/faces\S_6f5a65a1.jpg,data/processed/faces\S_fb738525.jpg,False,False,val,False
P_5bb6b66a,val,n001689,data/processed/faces\S_6f5a65a1.jpg,data/processed/faces\S_7ff8187c.jpg,False,False,val,False
P_ab7cd4b0,val,n001689,data/processed/faces\S_6f5a65a1.jpg,data/processed/faces\S_d7234cc6.jpg,False,False,val,False
P_5f16e0a0,val,n001689,data/processed/faces\S_6f5a65a1.jpg,data/processed/faces\S_c96d4e9f.jpg,False,False,val,False
P_5e788034,val,n001689,data/processed/faces\S_6f5a65a1.jpg,data/processed/faces\S_72fd027f.jpg,False,False,val,False
P_d856a237,val,n001689,data/processed/faces\S_6f5a65a1.jpg,data/processed/faces\S_34812df9.jpg,False,False,val,False
P_7b770747,val,n001689,data/processed/faces\S_6f5a65a1.jpg,data/processed/faces\S_c815ef38.jpg,False,False,val,False
P_935c168b,val,n001689,data/processed/faces\S_6f5a65a1.jpg,data/processed/faces\S_ad063f81.jpg,False,False,val,False
P_1dc1906e,val,n001689,data/processed/faces\S_6f5a65a1.jpg,data/processed/faces\S_3f1bdbf2.jpg,False,False,val,False
P_6d7335ba,val,n001689,data/processed/faces\S_6f5a65a1.jpg,data/processed/faces\S_f45c0dc0.jpg,False,False,val,False
P_08123c56,val,n001689,data/processed/faces\S_6f5a65a1.jpg,data/processed/faces\S_4548a913.jpg,False,False,val,False
P_5635b3f2,val,n001689,data/processed/faces\S_6f5a65a1.jpg,data/processed/faces\S_c5e63872.jpg,False,False,val,False
P_730fef45,val,n001689,data/processed/faces\S_6f5a65a1.jpg,data/processed/faces\S_e2a0c939.jpg,False,False,val,False
P_3481ca7d,val,n001689,data/processed/faces\S_6f5a65a1.jpg,data/processed/faces\S_37a18a0e.jpg,False,False,val,False
P_63aab4b2,val,n001689,data/processed/faces\S_6f5a65a1.jpg,data/processed/faces\S_e8eabba7.jpg,False,False,val,False
P_ffa434d5,val,n001689,data/processed/faces\S_6f5a65a1.jpg,data/generated/face_swaps\SW_198c8cb6.jpg,False,False,val,False
P_9346925c,val,n001689,data/processed/faces\S_6f5a65a1.jpg,data/generated/face_swaps\SW_f41b11e3.jpg,False,False,val,False
P_a4e9c737,val,n001689,data/processed/faces\S_6f5a65a1.jpg,data/generated/face_swaps\SW_d2e84bd1.jpg,False,False,val,False
P_78cc323f,val,n001689,data/processed/faces\S_6f5a65a1.jpg,data/generated/face_swaps\SW_e3bab6a4.jpg,False,False,val,False
P_228b28a5,val,n001689,data/processed/faces\S_6f5a65a1.jpg,data/generated/face_swaps\SW_4c912e8e.jpg,False,False,val,False
P_604c364b,val,n001689,data/processed/faces\S_6f5a65a1.jpg,data/generated/face_swaps\SW_6693179a.jpg,False,False,val,False
P_4851534d,val,n001689,data/processed/faces\S_6f5a65a1.jpg,data/generated/face_swaps\SW_f4d7a117.jpg,False,False,val,False
P_8d8e9045,val,n004781,data/processed/faces\S_97708dc1.jpg,data/processed/faces\S_e01f134d.jpg,False,False,val,False
P_9f3a95cc,val,n004781,data/processed/faces\S_97708dc1.jpg,data/processed/faces\S_0a78b46b.jpg,False,False,val,False
P_e965c2e8,val,n004781,data/processed/faces\S_97708dc1.jpg,data/processed/faces\S_3c33f1ef.jpg,False,False,val,False
P_b8e6f5dc,val,n004781,data/processed/faces\S_97708dc1.jpg,data/processed/faces\S_ec6c9550.jpg,False,False,val,False
P_93777362,val,n004781,data/processed/faces\S_97708dc1.jpg,data/processed/faces\S_f368dab7.jpg,False,False,val,False
P_d1707f33,val,n004781,data/processed/faces\S_97708dc1.jpg,data/processed/faces\S_7136df55.jpg,False,False,val,False
P_62eefe53,val,n004781,data/processed/faces\S_97708dc1.jpg,data/processed/faces\S_4b8d61d9.jpg,False,False,val,False
P_aa4f7b46,val,n004781,data/processed/faces\S_97708dc1.jpg,data/processed/faces\S_c5b2076c.jpg,False,False,val,False
P_38de682b,val,n004781,data/processed/faces\S_97708dc1.jpg,data/processed/faces\S_5f19b02e.jpg,False,False,val,False
P_a56fef46,val,n004781,data/processed/faces\S_97708dc1.jpg,data/processed/faces\S_fbd6f152.jpg,False,False,val,False
P_72a6bb8b,val,n004781,data/processed/faces\S_97708dc1.jpg,data/processed/faces\S_6fd7f709.jpg,False,False,val,False
P_c50ded69,val,n004781,data/processed/faces\S_97708dc1.jpg,data/processed/faces\S_5480aa70.jpg,False,False,val,False
P_afcd854a,val,n004781,data/processed/faces\S_97708dc1.jpg,data/processed/faces\S_129058ae.jpg,False,False,val,False
P_9c1b5493,val,n004781,data/processed/faces\S_97708dc1.jpg,data/processed/faces\S_e6d6e2f0.jpg,False,False,val,False
P_7ce5b278,val,n004781,data/processed/faces\S_97708dc1.jpg,data/processed/faces\S_ea50f51a.jpg,False,False,val,False
P_e6149531,val,n004781,data/processed/faces\S_97708dc1.jpg,data/processed/faces\S_f1256dcf.jpg,False,False,val,False
P_f1b5b1bd,val,n004781,data/processed/faces\S_97708dc1.jpg,data/processed/faces\S_ebc0515a.jpg,False,False,val,False
P_db7c2438,val,n004781,data/processed/faces\S_97708dc1.jpg,data/processed/faces\S_c3960c29.jpg,False,False,val,False
P_751b83fe,val,n004781,data/processed/faces\S_97708dc1.jpg,data/processed/faces\S_9cc48aa1.jpg,False,False,val,False
P_6d4c4fa9,val,n004781,data/processed/faces\S_97708dc1.jpg,data/processed/faces\S_5d885dd2.jpg,False,False,val,False
P_892ca593,val,n004781,data/processed/faces\S_97708dc1.jpg,data/processed/faces\S_65924d85.jpg,False,False,val,False
P_1edc1ccc,val,n004781,data/processed/faces\S_97708dc1.jpg,data/processed/faces\S_81171298.jpg,False,False,val,False
P_169e0f33,val,n004781,data/processed/faces\S_97708dc1.jpg,data/processed/faces\S_650c5ae0.jpg,False,False,val,False
P_628aadfb,val,n004781,data/processed/faces\S_97708dc1.jpg,data/processed/faces\S_b42db3f6.jpg,False,False,val,False
P_199f05b3,val,n004781,data/processed/faces\S_97708dc1.jpg,data/processed/faces\S_1c6c6957.jpg,False,False,val,False
P_7393eb12,val,n004781,data/processed/faces\S_97708dc1.jpg,data/processed/faces\S_3ef8e0ff.jpg,False,False,val,False
P_58a80aa6,val,n004781,data/processed/faces\S_97708dc1.jpg,data/processed/faces\S_a4ba65ad.jpg,False,False,val,False
P_fa43c7c2,val,n004781,data/processed/faces\S_97708dc1.jpg,data/processed/faces\S_d4c1cc61.jpg,False,False,val,False
P_deedc098,val,n004781,data/processed/faces\S_97708dc1.jpg,data/processed/faces\S_a7a4cd78.jpg,False,False,val,False
P_455bf586,val,n004781,data/processed/faces\S_97708dc1.jpg,data/processed/faces\S_5aedcda6.jpg,False,False,val,False
P_78a14d25,val,n004781,data/processed/faces\S_97708dc1.jpg,data/processed/faces\S_a64a1f3b.jpg,False,False,val,False
P_7434d12d,val,n004781,data/processed/faces\S_97708dc1.jpg,data/processed/faces\S_e11df708.jpg,False,False,val,False
P_0107a70a,val,n004781,data/processed/faces\S_97708dc1.jpg,data/processed/faces\S_ad063f81.jpg,False,False,val,False
P_60ad1561,val,n004781,data/processed/faces\S_97708dc1.jpg,data/processed/faces\S_92756bb9.jpg,False,False,val,False
P_ad52c1f9,val,n004781,data/processed/faces\S_97708dc1.jpg,data/processed/faces\S_e2a95b1d.jpg,False,False,val,False
P_3fa6aca5,val,n004781,data/processed/faces\S_97708dc1.jpg,data/processed/faces\S_c518564d.jpg,False,False,val,False
P_581596b6,val,n004781,data/processed/faces\S_97708dc1.jpg,data/processed/faces\S_211a29eb.jpg,False,False,val,False
P_3967f9bb,val,n004781,data/processed/faces\S_97708dc1.jpg,data/processed/faces\S_5953682b.jpg,False,False,val,False
P_fabe56eb,val,n004781,data/processed/faces\S_97708dc1.jpg,data/processed/faces\S_caa86ffa.jpg,False,False,val,False
P_2dd60b4e,val,n004781,data/processed/faces\S_97708dc1.jpg,data/processed/faces\S_327f3c18.jpg,False,False,val,False
P_4f168dcb,val,n004781,data/processed/faces\S_97708dc1.jpg,data/processed/faces\S_8bdba6d9.jpg,False,False,val,False
P_90e4f400,val,n004781,data/processed/faces\S_97708dc1.jpg,data/processed/faces\S_63e486b7.jpg,False,False,val,False
P_dfcd572c,val,n004781,data/processed/faces\S_97708dc1.jpg,data/processed/faces\S_22c22430.jpg,False,False,val,False
P_ec0fd91b,val,n004781,data/processed/faces\S_97708dc1.jpg,data/processed/faces\S_a8ad0fdf.jpg,False,False,val,False
P_0342fcf9,val,n004781,data/processed/faces\S_97708dc1.jpg,data/processed/faces\S_bd893877.jpg,False,False,val,False
P_5d115881,val,n004781,data/processed/faces\S_97708dc1.jpg,data/processed/faces\S_0906103c.jpg,False,False,val,False
P_f92239ee,val,n004781,data/processed/faces\S_97708dc1.jpg,data/processed/faces\S_fcfdf059.jpg,False,False,val,False
P_f5518a14,val,n004781,data/processed/faces\S_97708dc1.jpg,data/processed/faces\S_a1b05695.jpg,False,False,val,False
P_d056095c,val,n004781,data/processed/faces\S_97708dc1.jpg,data/generated/face_swaps\SW_cc142f96.jpg,False,False,val,False
P_fba122fa,val,n004781,data/processed/faces\S_97708dc1.jpg,data/generated/face_swaps\SW_17e6a4ea.jpg,False,False,val,False
P_7f2685f8,val,n004781,data/processed/faces\S_97708dc1.jpg,data/generated/face_swaps\SW_96078e6c.jpg,False,False,val,False
P_64352c0f,val,n004781,data/processed/faces\S_97708dc1.jpg,data/generated/face_swaps\SW_a84430f0.jpg,False,False,val,False
P_526bcea8,val,n004781,data/processed/faces\S_97708dc1.jpg,data/generated/face_swaps\SW_5d91c9ac.jpg,False,False,val,False
P_2cf9f42f,val,n004781,data/processed/faces\S_97708dc1.jpg,data/generated/face_swaps\SW_9d788d1d.jpg,False,False,val,False
P_d2000f56,val,n004781,data/processed/faces\S_97708dc1.jpg,data/generated/face_swaps\SW_f19afb1a.jpg,False,False,val,False
P_c185dc8b,val,n004781,data/processed/faces\S_97708dc1.jpg,data/generated/face_swaps\SW_cf5d604f.jpg,False,False,val,False
P_873ef7a4,val,n004781,data/processed/faces\S_97708dc1.jpg,data/generated/face_swaps\SW_4937c15b.jpg,False,False,val,False
P_04d1b3c3,val,n005126,data/processed/faces\S_1141f1da.jpg,data/processed/faces\S_e0d1cb8d.jpg,False,False,val,False
P_5d3e04d5,val,n005126,data/processed/faces\S_1141f1da.jpg,data/processed/faces\S_ac9dfab4.jpg,False,False,val,False
P_9b5fe15d,val,n005126,data/processed/faces\S_1141f1da.jpg,data/processed/faces\S_d4f087cc.jpg,False,False,val,False
P_385fd834,val,n005126,data/processed/faces\S_1141f1da.jpg,data/processed/faces\S_8e74a63e.jpg,False,False,val,False
P_27d90752,val,n005126,data/processed/faces\S_1141f1da.jpg,data/processed/faces\S_fb50c4cd.jpg,False,False,val,False
P_ad28573b,val,n005126,data/processed/faces\S_1141f1da.jpg,data/processed/faces\S_bb1185dc.jpg,False,False,val,False
P_58d98df2,val,n005126,data/processed/faces\S_1141f1da.jpg,data/processed/faces\S_98d6ba4b.jpg,False,False,val,False
P_e2d1ef9d,val,n005126,data/processed/faces\S_1141f1da.jpg,data/processed/faces\S_d9d0ef09.jpg,False,False,val,False
P_92461ec4,val,n005126,data/processed/faces\S_1141f1da.jpg,data/processed/faces\S_40eb718c.jpg,False,False,val,False
P_186cda05,val,n005126,data/processed/faces\S_1141f1da.jpg,data/processed/faces\S_10ded303.jpg,False,False,val,False
P_541537c4,val,n005126,data/processed/faces\S_1141f1da.jpg,data/processed/faces\S_795f97ba.jpg,False,False,val,False
P_03b7dada,val,n005126,data/processed/faces\S_1141f1da.jpg,data/processed/faces\S_5827a5fa.jpg,False,False,val,False
P_3bf8c13b,val,n005126,data/processed/faces\S_1141f1da.jpg,data/processed/faces\S_240be27e.jpg,False,False,val,False
P_3366eed3,val,n005126,data/processed/faces\S_1141f1da.jpg,data/processed/faces\S_a8593d92.jpg,False,False,val,False
P_0ecb1e6b,val,n005126,data/processed/faces\S_1141f1da.jpg,data/processed/faces\S_99f434bb.jpg,False,False,val,False
P_a81a068d,val,n005126,data/processed/faces\S_1141f1da.jpg,data/processed/faces\S_aa1b05ac.jpg,False,False,val,False
P_c6300b0f,val,n005126,data/processed/faces\S_1141f1da.jpg,data/processed/faces\S_78037bd7.jpg,False,False,val,False
P_2da3ced4,val,n005126,data/processed/faces\S_1141f1da.jpg,data/processed/faces\S_3f1bdbf2.jpg,False,False,val,False
P_8c5f67c0,val,n005126,data/processed/faces\S_1141f1da.jpg,data/processed/faces\S_db109477.jpg,False,False,val,False
P_c827f24d,val,n005126,data/processed/faces\S_1141f1da.jpg,data/processed/faces\S_290be83f.jpg,False,False,val,False
P_65f4745b,val,n005126,data/processed/faces\S_1141f1da.jpg,data/processed/faces\S_ec38cf7c.jpg,False,False,val,False
P_f044cd10,val,n005126,data/processed/faces\S_1141f1da.jpg,data/processed/faces\S_5af95a14.jpg,False,False,val,False
P_8181751a,val,n005126,data/processed/faces\S_1141f1da.jpg,data/processed/faces\S_83e65f74.jpg,False,False,val,False
P_c6204236,val,n005126,data/processed/faces\S_1141f1da.jpg,data/processed/faces\S_554860c9.jpg,False,False,val,False
P_581c4fda,val,n005126,data/processed/faces\S_1141f1da.jpg,data/processed/faces\S_c8835b1f.jpg,False,False,val,False
P_0c4304c9,val,n005126,data/processed/faces\S_1141f1da.jpg,data/processed/faces\S_9c5a4087.jpg,False,False,val,False
P_c371b18c,val,n005126,data/processed/faces\S_1141f1da.jpg,data/processed/faces\S_6e12143e.jpg,False,False,val,False
P_c4ba5d1b,val,n005126,data/processed/faces\S_1141f1da.jpg,data/processed/faces\S_08b4ae64.jpg,False,False,val,False
P_3a3674de,val,n005126,data/processed/faces\S_1141f1da.jpg,data/processed/faces\S_264b823c.jpg,False,False,val,False
P_fb2f5f96,val,n005126,data/processed/faces\S_1141f1da.jpg,data/processed/faces\S_c0d3ddc3.jpg,False,False,val,False
P_215665c6,val,n005126,data/processed/faces\S_1141f1da.jpg,data/processed/faces\S_52fccff9.jpg,False,False,val,False
P_c18a14b0,val,n005126,data/processed/faces\S_1141f1da.jpg,data/processed/faces\S_43637726.jpg,False,False,val,False
P_efbf4bde,val,n005126,data/processed/faces\S_1141f1da.jpg,data/processed/faces\S_9b179240.jpg,False,False,val,False
P_67d422c5,val,n005126,data/processed/faces\S_1141f1da.jpg,data/processed/faces\S_17620f8a.jpg,False,False,val,False
P_bf7a292a,val,n005126,data/processed/faces\S_1141f1da.jpg,data/processed/faces\S_63e486b7.jpg,False,False,val,False
P_00f8d7ed,val,n005126,data/processed/faces\S_1141f1da.jpg,data/processed/faces\S_5bd819da.jpg,False,False,val,False
P_a3cb04ff,val,n005126,data/processed/faces\S_1141f1da.jpg,data/processed/faces\S_0fbc111a.jpg,False,False,val,False
P_9987360a,val,n005126,data/processed/faces\S_1141f1da.jpg,data/processed/faces\S_bf0ba534.jpg,False,False,val,False
P_fec71269,val,n005126,data/processed/faces\S_1141f1da.jpg,data/processed/faces\S_6e3ae886.jpg,False,False,val,False
P_ef104c8e,val,n005126,data/processed/faces\S_1141f1da.jpg,data/processed/faces\S_45d1964e.jpg,False,False,val,False
P_b2839ed6,val,n005126,data/processed/faces\S_1141f1da.jpg,data/processed/faces\S_129058ae.jpg,False,False,val,False
P_b5ee40e7,val,n005126,data/processed/faces\S_1141f1da.jpg,data/processed/faces\S_ea294881.jpg,False,False,val,False
P_da6332d8,val,n005126,data/processed/faces\S_1141f1da.jpg,data/processed/faces\S_8b702381.jpg,False,False,val,False
P_1215ffa4,val,n005126,data/processed/faces\S_1141f1da.jpg,data/processed/faces\S_f0095361.jpg,False,False,val,False
P_178a4596,val,n005126,data/processed/faces\S_1141f1da.jpg,data/processed/faces\S_3db8e499.jpg,False,False,val,False
P_f9c6921f,val,n005126,data/processed/faces\S_1141f1da.jpg,data/processed/faces\S_442ab4bc.jpg,False,False,val,False
P_0a967b21,val,n005126,data/processed/faces\S_1141f1da.jpg,data/processed/faces\S_b148a536.jpg,False,False,val,False
P_e68d0bf7,val,n005126,data/processed/faces\S_1141f1da.jpg,data/generated/face_swaps\SW_38606553.jpg,False,False,val,False
P_b5a9d568,val,n005126,data/processed/faces\S_1141f1da.jpg,data/generated/face_swaps\SW_288daa81.jpg,False,False,val,False
P_110650d3,val,n005126,data/processed/faces\S_1141f1da.jpg,data/generated/face_swaps\SW_860bac17.jpg,False,False,val,False
P_db64a5e9,val,n005126,data/processed/faces\S_1141f1da.jpg,data/generated/face_swaps\SW_ff5f19a0.jpg,False,False,val,False
P_3598a5aa,val,n005126,data/processed/faces\S_1141f1da.jpg,data/generated/face_swaps\SW_15093b13.jpg,False,False,val,False
P_e98585c8,val,n005126,data/processed/faces\S_1141f1da.jpg,data/generated/face_swaps\SW_2d0d24f3.jpg,False,False,val,False
P_5be280b0,val,n005126,data/processed/faces\S_1141f1da.jpg,data/generated/face_swaps\SW_034e8212.jpg,False,False,val,False
P_3510ac96,val,n005126,data/processed/faces\S_1141f1da.jpg,data/generated/face_swaps\SW_79d75584.jpg,False,False,val,False
P_a33db159,val,n005126,data/processed/faces\S_1141f1da.jpg,data/generated/face_swaps\SW_55a1093d.jpg,False,False,val,False
P_0a09ea8b,val,n005126,data/processed/faces\S_1141f1da.jpg,data/generated/face_swaps\SW_c3f2c920.jpg,False,False,val,False
P_c16cd0a1,val,n006000,data/processed/faces\S_39a5e327.jpg,data/processed/faces\S_f45c0dc0.jpg,False,False,val,False
P_e80c0c28,val,n006000,data/processed/faces\S_39a5e327.jpg,data/processed/faces\S_1cc26d6a.jpg,False,False,val,False
P_a447b65e,val,n006000,data/processed/faces\S_39a5e327.jpg,data/processed/faces\S_0ad615b3.jpg,False,False,val,False
P_78b2ca21,val,n006000,data/processed/faces\S_39a5e327.jpg,data/processed/faces\S_2cea5313.jpg,False,False,val,False
P_f7b79fb2,val,n006000,data/processed/faces\S_39a5e327.jpg,data/processed/faces\S_e4011717.jpg,False,False,val,False
P_ddf4827c,val,n006000,data/processed/faces\S_39a5e327.jpg,data/processed/faces\S_ffc4843d.jpg,False,False,val,False
P_55fc506c,val,n006000,data/processed/faces\S_39a5e327.jpg,data/processed/faces\S_0f7150f2.jpg,False,False,val,False
P_fa0b01ed,val,n006000,data/processed/faces\S_39a5e327.jpg,data/processed/faces\S_a8810aba.jpg,False,False,val,False
P_8b88513b,val,n006000,data/processed/faces\S_39a5e327.jpg,data/processed/faces\S_7941b47d.jpg,False,False,val,False
P_8e5c858a,val,n006000,data/processed/faces\S_39a5e327.jpg,data/processed/faces\S_cb1235cd.jpg,False,False,val,False
P_c4710142,val,n006000,data/processed/faces\S_39a5e327.jpg,data/processed/faces\S_411d550c.jpg,False,False,val,False
P_b9914678,val,n006000,data/processed/faces\S_39a5e327.jpg,data/processed/faces\S_b97f4491.jpg,False,False,val,False
P_50e6dfe2,val,n006000,data/processed/faces\S_39a5e327.jpg,data/processed/faces\S_1fdf312f.jpg,False,False,val,False
P_f82c8231,val,n006000,data/processed/faces\S_39a5e327.jpg,data/processed/faces\S_6f193464.jpg,False,False,val,False
P_948a9b0f,val,n006000,data/processed/faces\S_39a5e327.jpg,data/processed/faces\S_df550441.jpg,False,False,val,False
P_64718dde,val,n006000,data/processed/faces\S_39a5e327.jpg,data/processed/faces\S_ea294881.jpg,False,False,val,False
P_84a3e09e,val,n006000,data/processed/faces\S_39a5e327.jpg,data/processed/faces\S_93b04da4.jpg,False,False,val,False
P_7d270686,val,n006000,data/processed/faces\S_39a5e327.jpg,data/processed/faces\S_abaa9360.jpg,False,False,val,False
P_26cd5331,val,n006000,data/processed/faces\S_39a5e327.jpg,data/processed/faces\S_60ab5dd5.jpg,False,False,val,False
P_9073c1ba,val,n006000,data/processed/faces\S_39a5e327.jpg,data/processed/faces\S_5ffbaa07.jpg,False,False,val,False
P_994be7bf,val,n006000,data/processed/faces\S_39a5e327.jpg,data/processed/faces\S_6a09061d.jpg,False,False,val,False
P_b51d6907,val,n006000,data/processed/faces\S_39a5e327.jpg,data/processed/faces\S_69279d4a.jpg,False,False,val,False
P_0e9100f8,val,n006000,data/processed/faces\S_39a5e327.jpg,data/processed/faces\S_99aecb6a.jpg,False,False,val,False
P_93763c84,val,n006000,data/processed/faces\S_39a5e327.jpg,data/processed/faces\S_6d1d0fa2.jpg,False,False,val,False
P_1112c2d4,val,n006000,data/processed/faces\S_39a5e327.jpg,data/processed/faces\S_81e5ee10.jpg,False,False,val,False
P_b31ef884,val,n006000,data/processed/faces\S_39a5e327.jpg,data/processed/faces\S_338a15bf.jpg,False,False,val,False
P_8836b697,val,n006000,data/processed/faces\S_39a5e327.jpg,data/processed/faces\S_2cf11c52.jpg,False,False,val,False
P_ddabb447,val,n006000,data/processed/faces\S_39a5e327.jpg,data/processed/faces\S_624a27b6.jpg,False,False,val,False
P_a155c271,val,n006000,data/processed/faces\S_39a5e327.jpg,data/processed/faces\S_5c8200a3.jpg,False,False,val,False
P_09737858,val,n006000,data/processed/faces\S_39a5e327.jpg,data/processed/faces\S_fd511dae.jpg,False,False,val,False
P_b2f65699,val,n006000,data/processed/faces\S_39a5e327.jpg,data/processed/faces\S_22c22430.jpg,False,False,val,False
P_2930daeb,val,n006000,data/processed/faces\S_39a5e327.jpg,data/processed/faces\S_3f9ee2fa.jpg,False,False,val,False
P_f3c6b136,val,n006000,data/processed/faces\S_39a5e327.jpg,data/processed/faces\S_ad1d7186.jpg,False,False,val,False
P_f29a0729,val,n006000,data/processed/faces\S_39a5e327.jpg,data/processed/faces\S_5e6bc15c.jpg,False,False,val,False
P_0437215a,val,n006000,data/processed/faces\S_39a5e327.jpg,data/processed/faces\S_c22dcaa9.jpg,False,False,val,False
P_d59e51fb,val,n006000,data/processed/faces\S_39a5e327.jpg,data/processed/faces\S_e1817fca.jpg,False,False,val,False
P_11c94583,val,n006000,data/processed/faces\S_39a5e327.jpg,data/processed/faces\S_08707f11.jpg,False,False,val,False
P_1920b06b,val,n006000,data/processed/faces\S_39a5e327.jpg,data/processed/faces\S_2a19dcc1.jpg,False,False,val,False
P_d32f33ce,val,n006000,data/processed/faces\S_39a5e327.jpg,data/processed/faces\S_889680cb.jpg,False,False,val,False
P_23ebc419,val,n006000,data/processed/faces\S_39a5e327.jpg,data/processed/faces\S_dcde514f.jpg,False,False,val,False
P_bd872025,val,n006000,data/processed/faces\S_39a5e327.jpg,data/processed/faces\S_d032972b.jpg,False,False,val,False
P_a6196224,val,n006000,data/processed/faces\S_39a5e327.jpg,data/processed/faces\S_1c6c6957.jpg,False,False,val,False
P_046e2e6c,val,n006000,data/processed/faces\S_39a5e327.jpg,data/processed/faces\S_c8835b1f.jpg,False,False,val,False
P_f05037ab,val,n006000,data/processed/faces\S_39a5e327.jpg,data/processed/faces\S_4d26b0b0.jpg,False,False,val,False
P_1637d7f2,val,n006000,data/processed/faces\S_39a5e327.jpg,data/processed/faces\S_10b7ab74.jpg,False,False,val,False
P_d68abf48,val,n006000,data/processed/faces\S_39a5e327.jpg,data/processed/faces\S_bd6d05e7.jpg,False,False,val,False
P_9c739a76,val,n006000,data/processed/faces\S_39a5e327.jpg,data/processed/faces\S_3a517ac8.jpg,False,False,val,False
P_4071148e,val,n006000,data/processed/faces\S_39a5e327.jpg,data/processed/faces\S_4557ac35.jpg,False,False,val,False
P_c67a193f,val,n006000,data/processed/faces\S_39a5e327.jpg,data/generated/face_swaps\SW_f42072a6.jpg,False,False,val,False
P_471bf392,val,n006000,data/processed/faces\S_39a5e327.jpg,data/generated/face_swaps\SW_9962522f.jpg,False,False,val,False
P_d375dd81,val,n006000,data/processed/faces\S_39a5e327.jpg,data/generated/face_swaps\SW_69772585.jpg,False,False,val,False
P_44c0dd1d,val,n006000,data/processed/faces\S_39a5e327.jpg,data/generated/face_swaps\SW_3e24d0da.jpg,False,False,val,False
P_3791e361,val,n006000,data/processed/faces\S_39a5e327.jpg,data/generated/face_swaps\SW_14ae26e5.jpg,False,False,val,False
P_76050fdc,val,n006000,data/processed/faces\S_39a5e327.jpg,data/generated/face_swaps\SW_d5e34bde.jpg,False,False,val,False
P_5835f424,val,n006000,data/processed/faces\S_39a5e327.jpg,data/generated/face_swaps\SW_fc56e4e4.jpg,False,False,val,False
P_2bb90e0a,val,n006000,data/processed/faces\S_39a5e327.jpg,data/generated/face_swaps\SW_74c6b4dc.jpg,False,False,val,False
P_219f33e9,val,n006000,data/processed/faces\S_39a5e327.jpg,data/generated/face_swaps\SW_da08fcd0.jpg,False,False,val,False
P_ac31d987,val,n006000,data/processed/faces\S_39a5e327.jpg,data/generated/face_swaps\SW_82f9ddc9.jpg,False,False,val,False
P_759e736f,val,n006186,data/processed/faces\S_ecd97818.jpg,data/processed/faces\S_b3cf07e3.jpg,False,False,val,False
P_d66768ef,val,n006186,data/processed/faces\S_ecd97818.jpg,data/processed/faces\S_00954244.jpg,False,False,val,False
P_e7fe8c61,val,n006186,data/processed/faces\S_ecd97818.jpg,data/processed/faces\S_bd7ce592.jpg,False,False,val,False
P_a8c674d5,val,n006186,data/processed/faces\S_ecd97818.jpg,data/processed/faces\S_bad3a13b.jpg,False,False,val,False
P_6464189c,val,n006186,data/processed/faces\S_ecd97818.jpg,data/processed/faces\S_4ebc6393.jpg,False,False,val,False
P_84695fb2,val,n006186,data/processed/faces\S_ecd97818.jpg,data/processed/faces\S_6f5c1e62.jpg,False,False,val,False
P_a09f1e3a,val,n006186,data/processed/faces\S_ecd97818.jpg,data/processed/faces\S_7e5ec2dd.jpg,False,False,val,False
P_c08c38b0,val,n006186,data/processed/faces\S_ecd97818.jpg,data/processed/faces\S_ddae99a9.jpg,False,False,val,False
P_383f7355,val,n006186,data/processed/faces\S_ecd97818.jpg,data/processed/faces\S_44fb8707.jpg,False,False,val,False
P_1ed095d4,val,n006186,data/processed/faces\S_ecd97818.jpg,data/processed/faces\S_4d26b0b0.jpg,False,False,val,False
P_05d3a453,val,n006186,data/processed/faces\S_ecd97818.jpg,data/processed/faces\S_339b8d39.jpg,False,False,val,False
P_82e26858,val,n006186,data/processed/faces\S_ecd97818.jpg,data/processed/faces\S_ad1a7201.jpg,False,False,val,False
P_b6c90a29,val,n006186,data/processed/faces\S_ecd97818.jpg,data/processed/faces\S_58b91653.jpg,False,False,val,False
P_8909b246,val,n006186,data/processed/faces\S_ecd97818.jpg,data/processed/faces\S_e09887f1.jpg,False,False,val,False
P_05cee988,val,n006186,data/processed/faces\S_ecd97818.jpg,data/processed/faces\S_b37ced53.jpg,False,False,val,False
P_4b90ef8d,val,n006186,data/processed/faces\S_ecd97818.jpg,data/processed/faces\S_29e228f0.jpg,False,False,val,False
P_649e9dfb,val,n006186,data/processed/faces\S_ecd97818.jpg,data/processed/faces\S_e10e894f.jpg,False,False,val,False
P_93c945d9,val,n006186,data/processed/faces\S_ecd97818.jpg,data/processed/faces\S_5ffe6ede.jpg,False,False,val,False
P_bb2011cd,val,n006186,data/processed/faces\S_ecd97818.jpg,data/processed/faces\S_4548a913.jpg,False,False,val,False
P_36acd735,val,n006186,data/processed/faces\S_ecd97818.jpg,data/processed/faces\S_e68a5ab0.jpg,False,False,val,False
P_5bb4d863,val,n006186,data/processed/faces\S_ecd97818.jpg,data/processed/faces\S_9dcb0579.jpg,False,False,val,False
P_f0e9d061,val,n006186,data/processed/faces\S_ecd97818.jpg,data/processed/faces\S_a3c20ba5.jpg,False,False,val,False
P_a73d3f52,val,n006186,data/processed/faces\S_ecd97818.jpg,data/processed/faces\S_a8ad0fdf.jpg,False,False,val,False
P_bbe9f4c3,val,n006186,data/processed/faces\S_ecd97818.jpg,data/processed/faces\S_1cdeeed3.jpg,False,False,val,False
P_11f30d9e,val,n006186,data/processed/faces\S_ecd97818.jpg,data/processed/faces\S_b3d2d7c8.jpg,False,False,val,False
P_7ce98595,val,n006186,data/processed/faces\S_ecd97818.jpg,data/processed/faces\S_25813791.jpg,False,False,val,False
P_3b9a78f4,val,n006186,data/processed/faces\S_ecd97818.jpg,data/processed/faces\S_303999ec.jpg,False,False,val,False
P_99d684f2,val,n006186,data/processed/faces\S_ecd97818.jpg,data/processed/faces\S_1009c716.jpg,False,False,val,False
P_91ed9c74,val,n006186,data/processed/faces\S_ecd97818.jpg,data/processed/faces\S_dc1d2397.jpg,False,False,val,False
P_c15af0ef,val,n006186,data/processed/faces\S_ecd97818.jpg,data/processed/faces\S_c0deb75a.jpg,False,False,val,False
P_ec50867a,val,n006186,data/processed/faces\S_ecd97818.jpg,data/processed/faces\S_5350cab4.jpg,False,False,val,False
P_33921c05,val,n006186,data/processed/faces\S_ecd97818.jpg,data/processed/faces\S_edd4e563.jpg,False,False,val,False
P_d7fcaef8,val,n006186,data/processed/faces\S_ecd97818.jpg,data/processed/faces\S_afeaf349.jpg,False,False,val,False
P_04258e9e,val,n006186,data/processed/faces\S_ecd97818.jpg,data/processed/faces\S_d4ede7d5.jpg,False,False,val,False
P_b97a6331,val,n006186,data/processed/faces\S_ecd97818.jpg,data/processed/faces\S_281abfe5.jpg,False,False,val,False
P_0f12dded,val,n006186,data/processed/faces\S_ecd97818.jpg,data/processed/faces\S_e1f747e8.jpg,False,False,val,False
P_8930021b,val,n006186,data/processed/faces\S_ecd97818.jpg,data/processed/faces\S_8b702381.jpg,False,False,val,False
P_e27352f8,val,n006186,data/processed/faces\S_ecd97818.jpg,data/processed/faces\S_54c8b39a.jpg,False,False,val,False
P_0c1a0172,val,n006186,data/processed/faces\S_ecd97818.jpg,data/processed/faces\S_cc8df026.jpg,False,False,val,False
P_1c3911c2,val,n006186,data/processed/faces\S_ecd97818.jpg,data/processed/faces\S_3d513c16.jpg,False,False,val,False
P_ec621040,val,n006186,data/processed/faces\S_ecd97818.jpg,data/processed/faces\S_2a3c849b.jpg,False,False,val,False
P_2311f9c9,val,n006186,data/processed/faces\S_ecd97818.jpg,data/processed/faces\S_4b8d61d9.jpg,False,False,val,False
P_7d588b61,val,n006186,data/processed/faces\S_ecd97818.jpg,data/processed/faces\S_264b823c.jpg,False,False,val,False
P_f1e9c2f7,val,n006186,data/processed/faces\S_ecd97818.jpg,data/processed/faces\S_0f7150f2.jpg,False,False,val,False
P_2933e3d1,val,n006186,data/processed/faces\S_ecd97818.jpg,data/processed/faces\S_15258bc9.jpg,False,False,val,False
P_99cbf898,val,n006186,data/processed/faces\S_ecd97818.jpg,data/processed/faces\S_8dd09fbd.jpg,False,False,val,False
P_ea375628,val,n006186,data/processed/faces\S_ecd97818.jpg,data/processed/faces\S_df928a1e.jpg,False,False,val,False
P_6cf682ee,val,n006186,data/processed/faces\S_ecd97818.jpg,data/processed/faces\S_cf7a660f.jpg,False,False,val,False
P_916a7f7d,val,n006186,data/processed/faces\S_ecd97818.jpg,data/generated/face_swaps\SW_ae54d395.jpg,False,False,val,False
P_9d2407de,val,n006186,data/processed/faces\S_ecd97818.jpg,data/generated/face_swaps\SW_099a50d3.jpg,False,False,val,False
P_1e7eaa00,val,n006186,data/processed/faces\S_ecd97818.jpg,data/generated/face_swaps\SW_40f7c3d3.jpg,False,False,val,False
P_66206742,val,n006186,data/processed/faces\S_ecd97818.jpg,data/generated/face_swaps\SW_c64b5f9d.jpg,False,False,val,False
P_0e210ee9,val,n006186,data/processed/faces\S_ecd97818.jpg,data/generated/face_swaps\SW_1fdbff1c.jpg,False,False,val,False
P_6dd8f09f,val,n006186,data/processed/faces\S_ecd97818.jpg,data/generated/face_swaps\SW_9008c2d6.jpg,False,False,val,False
P_adb26e57,val,n006186,data/processed/faces\S_ecd97818.jpg,data/generated/face_swaps\SW_e0760ec9.jpg,False,False,val,False
P_efd4d15c,val,n006186,data/processed/faces\S_ecd97818.jpg,data/generated/face_swaps\SW_70eb5647.jpg,False,False,val,False
P_2a1da344,val,n006186,data/processed/faces\S_ecd97818.jpg,data/generated/face_swaps\SW_c4cecd52.jpg,False,False,val,False
P_7c544689,val,n006186,data/processed/faces\S_ecd97818.jpg,data/generated/face_swaps\SW_7f6dc19b.jpg,False,False,val,False
P_a37d0ad6,val,n007364,data/processed/faces\S_c13e7497.jpg,data/processed/faces\S_5a975712.jpg,False,False,val,False
P_49755d09,val,n007364,data/processed/faces\S_c13e7497.jpg,data/processed/faces\S_71af864c.jpg,False,False,val,False
P_b9f6ee88,val,n007364,data/processed/faces\S_c13e7497.jpg,data/processed/faces\S_36bfe3b4.jpg,False,False,val,False
P_b53eb593,val,n007364,data/processed/faces\S_c13e7497.jpg,data/processed/faces\S_785fd190.jpg,False,False,val,False
P_69df2ec9,val,n007364,data/processed/faces\S_c13e7497.jpg,data/processed/faces\S_da4b6560.jpg,False,False,val,False
P_8e1e3d63,val,n007364,data/processed/faces\S_c13e7497.jpg,data/processed/faces\S_0c2f683a.jpg,False,False,val,False
P_65ac9a3f,val,n007364,data/processed/faces\S_c13e7497.jpg,data/processed/faces\S_ef161a73.jpg,False,False,val,False
P_8dfa2854,val,n007364,data/processed/faces\S_c13e7497.jpg,data/processed/faces\S_1c20e35f.jpg,False,False,val,False
P_3ecadb4e,val,n007364,data/processed/faces\S_c13e7497.jpg,data/processed/faces\S_c5347bfe.jpg,False,False,val,False
P_bd8b3c34,val,n007364,data/processed/faces\S_c13e7497.jpg,data/processed/faces\S_a394be8c.jpg,False,False,val,False
P_9e65923e,val,n007364,data/processed/faces\S_c13e7497.jpg,data/processed/faces\S_fde2c5a8.jpg,False,False,val,False
P_ebfbdbbc,val,n007364,data/processed/faces\S_c13e7497.jpg,data/processed/faces\S_dd3d40d8.jpg,False,False,val,False
P_30e91dda,val,n007364,data/processed/faces\S_c13e7497.jpg,data/processed/faces\S_b6b4dbcf.jpg,False,False,val,False
P_029ab9e6,val,n007364,data/processed/faces\S_c13e7497.jpg,data/processed/faces\S_f2bdfbf1.jpg,False,False,val,False
P_5b04aa62,val,n007364,data/processed/faces\S_c13e7497.jpg,data/processed/faces\S_b57dbd6f.jpg,False,False,val,False
P_6e759471,val,n007364,data/processed/faces\S_c13e7497.jpg,data/processed/faces\S_933d584c.jpg,False,False,val,False
P_913d109e,val,n007364,data/processed/faces\S_c13e7497.jpg,data/processed/faces\S_96a505f5.jpg,False,False,val,False
P_fd92d337,val,n007364,data/processed/faces\S_c13e7497.jpg,data/processed/faces\S_ddb51f29.jpg,False,False,val,False
P_5a6b07f7,val,n007364,data/processed/faces\S_c13e7497.jpg,data/processed/faces\S_c95b97f2.jpg,False,False,val,False
P_6bed6ee3,val,n007364,data/processed/faces\S_c13e7497.jpg,data/processed/faces\S_c5e63872.jpg,False,False,val,False
P_f65744cf,val,n007364,data/processed/faces\S_c13e7497.jpg,data/processed/faces\S_3dd2545b.jpg,False,False,val,False
P_22640025,val,n007364,data/processed/faces\S_c13e7497.jpg,data/processed/faces\S_bd893877.jpg,False,False,val,False
P_37ae84f2,val,n007364,data/processed/faces\S_c13e7497.jpg,data/processed/faces\S_0eab00c9.jpg,False,False,val,False
P_13929ddf,val,n007364,data/processed/faces\S_c13e7497.jpg,data/processed/faces\S_3de04000.jpg,False,False,val,False
P_f7438c91,val,n007364,data/processed/faces\S_c13e7497.jpg,data/processed/faces\S_f0095361.jpg,False,False,val,False
P_6da2a93d,val,n007364,data/processed/faces\S_c13e7497.jpg,data/processed/faces\S_a1ee7215.jpg,False,False,val,False
P_4e858f71,val,n007364,data/processed/faces\S_c13e7497.jpg,data/processed/faces\S_f493a9e6.jpg,False,False,val,False
P_abec2b3c,val,n007364,data/processed/faces\S_c13e7497.jpg,data/processed/faces\S_38771735.jpg,False,False,val,False
P_6a2848e2,val,n007364,data/processed/faces\S_c13e7497.jpg,data/processed/faces\S_e5d61647.jpg,False,False,val,False
P_c3adae78,val,n007364,data/processed/faces\S_c13e7497.jpg,data/processed/faces\S_31a30d9e.jpg,False,False,val,False
P_a21c922a,val,n007364,data/processed/faces\S_c13e7497.jpg,data/processed/faces\S_edfd5bef.jpg,False,False,val,False
P_af9a052a,val,n007364,data/processed/faces\S_c13e7497.jpg,data/processed/faces\S_10b7ab74.jpg,False,False,val,False
P_d524e20c,val,n007364,data/processed/faces\S_c13e7497.jpg,data/processed/faces\S_3c3c707b.jpg,False,False,val,False
P_f5ff5796,val,n007364,data/processed/faces\S_c13e7497.jpg,data/processed/faces\S_15258bc9.jpg,False,False,val,False
P_de01fe1f,val,n007364,data/processed/faces\S_c13e7497.jpg,data/processed/faces\S_21a05e0d.jpg,False,False,val,False
P_3bc4009d,val,n007364,data/processed/faces\S_c13e7497.jpg,data/processed/faces\S_7810b32e.jpg,False,False,val,False
P_0997fcb3,val,n007364,data/processed/faces\S_c13e7497.jpg,data/processed/faces\S_f1f1bcf4.jpg,False,False,val,False
P_b2aff290,val,n007364,data/processed/faces\S_c13e7497.jpg,data/processed/faces\S_4b32cd90.jpg,False,False,val,False
P_6d1250d0,val,n007364,data/processed/faces\S_c13e7497.jpg,data/processed/faces\S_0239eee5.jpg,False,False,val,False
P_c0766b47,val,n007364,data/processed/faces\S_c13e7497.jpg,data/processed/faces\S_f368dab7.jpg,False,False,val,False
P_ce59a848,val,n007364,data/processed/faces\S_c13e7497.jpg,data/processed/faces\S_52fccff9.jpg,False,False,val,False
P_cce5082e,val,n007364,data/processed/faces\S_c13e7497.jpg,data/processed/faces\S_93b04da4.jpg,False,False,val,False
P_b111c515,val,n007364,data/processed/faces\S_c13e7497.jpg,data/processed/faces\S_a3c20ba5.jpg,False,False,val,False
P_fde3db44,val,n007364,data/processed/faces\S_c13e7497.jpg,data/processed/faces\S_ffe7a1b3.jpg,False,False,val,False
P_e6ba9aa6,val,n007364,data/processed/faces\S_c13e7497.jpg,data/processed/faces\S_e78fde18.jpg,False,False,val,False
P_6681f810,val,n007364,data/processed/faces\S_c13e7497.jpg,data/processed/faces\S_2a882558.jpg,False,False,val,False
P_a280e4eb,val,n007364,data/processed/faces\S_c13e7497.jpg,data/generated/face_swaps\SW_9ba088fb.jpg,False,False,val,False
P_a95db82e,val,n007364,data/processed/faces\S_c13e7497.jpg,data/generated/face_swaps\SW_753cd34a.jpg,False,False,val,False
P_a45b20f0,val,n007364,data/processed/faces\S_c13e7497.jpg,data/generated/face_swaps\SW_3f63e8b3.jpg,False,False,val,False
P_f7d0dac2,val,n007364,data/processed/faces\S_c13e7497.jpg,data/generated/face_swaps\SW_fcafc761.jpg,False,False,val,False
P_b36748d5,val,n007364,data/processed/faces\S_c13e7497.jpg,data/generated/face_swaps\SW_5514afe1.jpg,False,False,val,False
P_5e02e2e2,val,n007364,data/processed/faces\S_c13e7497.jpg,data/generated/face_swaps\SW_66ff0cd1.jpg,False,False,val,False
P_30ec592c,val,n007364,data/processed/faces\S_c13e7497.jpg,data/generated/face_swaps\SW_e0861d8a.jpg,False,False,val,False
P_60e62c50,val,n007364,data/processed/faces\S_c13e7497.jpg,data/generated/face_swaps\SW_3bfbdc43.jpg,False,False,val,False
P_a48dbe3b,val,n007364,data/processed/faces\S_c13e7497.jpg,data/generated/face_swaps\SW_fa2bac55.jpg,False,False,val,False
P_4b9956bc,val,n007364,data/processed/faces\S_c13e7497.jpg,data/generated/face_swaps\SW_b2875e83.jpg,False,False,val,False
P_116b1394,val,n008466,data/processed/faces\S_6e77ec03.jpg,data/processed/faces\S_9aea2c8b.jpg,False,False,val,False
P_96ec4543,val,n008466,data/processed/faces\S_6e77ec03.jpg,data/processed/faces\S_9db3a078.jpg,False,False,val,False
P_b15d5c4c,val,n008466,data/processed/faces\S_6e77ec03.jpg,data/processed/faces\S_bd6d05e7.jpg,False,False,val,False
P_66ef08f7,val,n008466,data/processed/faces\S_6e77ec03.jpg,data/processed/faces\S_3db6b59f.jpg,False,False,val,False
P_c01282c7,val,n008466,data/processed/faces\S_6e77ec03.jpg,data/processed/faces\S_802345f3.jpg,False,False,val,False
P_a04872cb,val,n008466,data/processed/faces\S_6e77ec03.jpg,data/processed/faces\S_ecade1c8.jpg,False,False,val,False
P_2baa81c3,val,n008466,data/processed/faces\S_6e77ec03.jpg,data/processed/faces\S_8cb7609c.jpg,False,False,val,False
P_3b807b96,val,n008466,data/processed/faces\S_6e77ec03.jpg,data/processed/faces\S_b45de76c.jpg,False,False,val,False
P_7bbc1d31,val,n008466,data/processed/faces\S_6e77ec03.jpg,data/processed/faces\S_0e23f7a0.jpg,False,False,val,False
P_7951fab4,val,n008466,data/processed/faces\S_6e77ec03.jpg,data/processed/faces\S_e839e5f3.jpg,False,False,val,False
P_c7b49434,val,n008466,data/processed/faces\S_6e77ec03.jpg,data/processed/faces\S_a7aa875c.jpg,False,False,val,False
P_9c3ef4b9,val,n008466,data/processed/faces\S_6e77ec03.jpg,data/processed/faces\S_f30e0882.jpg,False,False,val,False
P_a5b43666,val,n008466,data/processed/faces\S_6e77ec03.jpg,data/processed/faces\S_2a3f574b.jpg,False,False,val,False
P_ad5b2d6e,val,n008466,data/processed/faces\S_6e77ec03.jpg,data/processed/faces\S_1b551990.jpg,False,False,val,False
P_bb846fff,val,n008466,data/processed/faces\S_6e77ec03.jpg,data/processed/faces\S_3db8e499.jpg,False,False,val,False
P_f65864d9,val,n008466,data/processed/faces\S_6e77ec03.jpg,data/processed/faces\S_13a58db7.jpg,False,False,val,False
P_48231658,val,n008466,data/processed/faces\S_6e77ec03.jpg,data/processed/faces\S_f41aa087.jpg,False,False,val,False
P_1c960165,val,n008466,data/processed/faces\S_6e77ec03.jpg,data/processed/faces\S_faf50451.jpg,False,False,val,False
P_4bf6c8a1,val,n008466,data/processed/faces\S_6e77ec03.jpg,data/processed/faces\S_be1442b7.jpg,False,False,val,False
P_9df625f9,val,n008466,data/processed/faces\S_6e77ec03.jpg,data/processed/faces\S_fc4f10a1.jpg,False,False,val,False
P_79498d4e,val,n008466,data/processed/faces\S_6e77ec03.jpg,data/processed/faces\S_462d5fe6.jpg,False,False,val,False
P_c33091c6,val,n008466,data/processed/faces\S_6e77ec03.jpg,data/processed/faces\S_a9b18360.jpg,False,False,val,False
P_9994d3bd,val,n008466,data/processed/faces\S_6e77ec03.jpg,data/processed/faces\S_2396b5c4.jpg,False,False,val,False
P_8b42db69,val,n008466,data/processed/faces\S_6e77ec03.jpg,data/processed/faces\S_a1921417.jpg,False,False,val,False
P_80c9f7b5,val,n008466,data/processed/faces\S_6e77ec03.jpg,data/processed/faces\S_39154509.jpg,False,False,val,False
P_e3abdbe4,val,n008466,data/processed/faces\S_6e77ec03.jpg,data/processed/faces\S_ffe7a1b3.jpg,False,False,val,False
P_e786b3b9,val,n008466,data/processed/faces\S_6e77ec03.jpg,data/processed/faces\S_73246969.jpg,False,False,val,False
P_da31eced,val,n008466,data/processed/faces\S_6e77ec03.jpg,data/processed/faces\S_4d68d8f8.jpg,False,False,val,False
P_d2aa00c1,val,n008466,data/processed/faces\S_6e77ec03.jpg,data/processed/faces\S_7e855ca1.jpg,False,False,val,False
P_4063da76,val,n008466,data/processed/faces\S_6e77ec03.jpg,data/processed/faces\S_8dd09fbd.jpg,False,False,val,False
P_3441d759,val,n008466,data/processed/faces\S_6e77ec03.jpg,data/processed/faces\S_db16e191.jpg,False,False,val,False
P_a3a404fe,val,n008466,data/processed/faces\S_6e77ec03.jpg,data/processed/faces\S_0dc77870.jpg,False,False,val,False
P_e3cbd9ae,val,n008466,data/processed/faces\S_6e77ec03.jpg,data/processed/faces\S_4d1c21dc.jpg,False,False,val,False
P_17b39e8c,val,n008466,data/processed/faces\S_6e77ec03.jpg,data/processed/faces\S_ed3d4814.jpg,False,False,val,False
P_a4361c59,val,n008466,data/processed/faces\S_6e77ec03.jpg,data/processed/faces\S_f2995d91.jpg,False,False,val,False
P_2d2033c7,val,n008466,data/processed/faces\S_6e77ec03.jpg,data/processed/faces\S_0906103c.jpg,False,False,val,False
P_247217bb,val,n008466,data/processed/faces\S_6e77ec03.jpg,data/processed/faces\S_5ac0744f.jpg,False,False,val,False
P_55cf2b3b,val,n008466,data/processed/faces\S_6e77ec03.jpg,data/processed/faces\S_e2a0c939.jpg,False,False,val,False
P_3cd4a1fd,val,n008466,data/processed/faces\S_6e77ec03.jpg,data/processed/faces\S_69574cce.jpg,False,False,val,False
P_030aaf32,val,n008466,data/processed/faces\S_6e77ec03.jpg,data/processed/faces\S_e56d7491.jpg,False,False,val,False
P_8d85439f,val,n008466,data/processed/faces\S_6e77ec03.jpg,data/processed/faces\S_65924d85.jpg,False,False,val,False
P_7ecf0285,val,n008466,data/processed/faces\S_6e77ec03.jpg,data/processed/faces\S_43637726.jpg,False,False,val,False
P_6b98bbe7,val,n008466,data/processed/faces\S_6e77ec03.jpg,data/processed/faces\S_c22dcaa9.jpg,False,False,val,False
P_9f157137,val,n008466,data/processed/faces\S_6e77ec03.jpg,data/processed/faces\S_bd7ce592.jpg,False,False,val,False
P_70a28dc4,val,n008466,data/processed/faces\S_6e77ec03.jpg,data/processed/faces\S_da4b6560.jpg,False,False,val,False
P_d0052da4,val,n008466,data/processed/faces\S_6e77ec03.jpg,data/processed/faces\S_58f8e8fe.jpg,False,False,val,False
P_dbae5032,val,n008466,data/processed/faces\S_6e77ec03.jpg,data/processed/faces\S_0b53cedc.jpg,False,False,val,False
P_ba735e6c,val,n008466,data/processed/faces\S_6e77ec03.jpg,data/generated/face_swaps\SW_a5bbdd43.jpg,False,False,val,False
P_b48c8fe5,val,n008466,data/processed/faces\S_6e77ec03.jpg,data/generated/face_swaps\SW_0c84db83.jpg,False,False,val,False
P_1265797e,val,n008466,data/processed/faces\S_6e77ec03.jpg,data/generated/face_swaps\SW_300036d0.jpg,False,False,val,False
P_c6e08529,val,n008466,data/processed/faces\S_6e77ec03.jpg,data/generated/face_swaps\SW_d2872a80.jpg,False,False,val,False
P_af4ad3a9,val,n008466,data/processed/faces\S_6e77ec03.jpg,data/generated/face_swaps\SW_7d98d86a.jpg,False,False,val,False
P_9d5d9c02,val,n008466,data/processed/faces\S_6e77ec03.jpg,data/generated/face_swaps\SW_f882ca6b.jpg,False,False,val,False
P_aca4b0ad,val,n008466,data/processed/faces\S_6e77ec03.jpg,data/generated/face_swaps\SW_542e68aa.jpg,False,False,val,False
P_4220d5c4,val,n008466,data/processed/faces\S_6e77ec03.jpg,data/generated/face_swaps\SW_506e91c3.jpg,False,False,val,False
P_292944cd,val,n008466,data/processed/faces\S_6e77ec03.jpg,data/generated/face_swaps\SW_ae8afd36.jpg,False,False,val,False
P_a3cee76f,val,n008466,data/processed/faces\S_6e77ec03.jpg,data/generated/face_swaps\SW_1b2d44c5.jpg,False,False,val,False
P_90168bc0,val,n008477,data/processed/faces\S_38d9e5b1.jpg,data/processed/faces\S_df928a1e.jpg,False,False,val,False
P_cbd85606,val,n008477,data/processed/faces\S_38d9e5b1.jpg,data/processed/faces\S_03718059.jpg,False,False,val,False
P_215d1a4e,val,n008477,data/processed/faces\S_38d9e5b1.jpg,data/processed/faces\S_dade6efa.jpg,False,False,val,False
P_9ff4ce22,val,n008477,data/processed/faces\S_38d9e5b1.jpg,data/processed/faces\S_467ecf1f.jpg,False,False,val,False
P_601d5bc0,val,n008477,data/processed/faces\S_38d9e5b1.jpg,data/processed/faces\S_555a2228.jpg,False,False,val,False
P_f90426f9,val,n008477,data/processed/faces\S_38d9e5b1.jpg,data/processed/faces\S_e78fde18.jpg,False,False,val,False
P_c76c808f,val,n008477,data/processed/faces\S_38d9e5b1.jpg,data/processed/faces\S_c680d449.jpg,False,False,val,False
P_5f6f6955,val,n008477,data/processed/faces\S_38d9e5b1.jpg,data/processed/faces\S_6d9752c9.jpg,False,False,val,False
P_90edf6a3,val,n008477,data/processed/faces\S_38d9e5b1.jpg,data/processed/faces\S_3a517ac8.jpg,False,False,val,False
P_79dbf3a0,val,n008477,data/processed/faces\S_38d9e5b1.jpg,data/processed/faces\S_880f84ed.jpg,False,False,val,False
P_386b38e1,val,n008477,data/processed/faces\S_38d9e5b1.jpg,data/processed/faces\S_3ad64dfb.jpg,False,False,val,False
P_35a52596,val,n008477,data/processed/faces\S_38d9e5b1.jpg,data/processed/faces\S_10272d8a.jpg,False,False,val,False
P_be017b6f,val,n008477,data/processed/faces\S_38d9e5b1.jpg,data/processed/faces\S_99e27dc0.jpg,False,False,val,False
P_d4ce6f74,val,n008477,data/processed/faces\S_38d9e5b1.jpg,data/processed/faces\S_dba7ec33.jpg,False,False,val,False
P_9bf9bc7c,val,n008477,data/processed/faces\S_38d9e5b1.jpg,data/processed/faces\S_1c57e4d8.jpg,False,False,val,False
P_2ff4aaa3,val,n008477,data/processed/faces\S_38d9e5b1.jpg,data/processed/faces\S_58f8e8fe.jpg,False,False,val,False
P_2a847edd,val,n008477,data/processed/faces\S_38d9e5b1.jpg,data/processed/faces\S_217bfd80.jpg,False,False,val,False
P_039e2954,val,n008477,data/processed/faces\S_38d9e5b1.jpg,data/processed/faces\S_0ed0a9e3.jpg,False,False,val,False
P_167b7cd0,val,n008477,data/processed/faces\S_38d9e5b1.jpg,data/processed/faces\S_c602b61d.jpg,False,False,val,False
P_66b12892,val,n008477,data/processed/faces\S_38d9e5b1.jpg,data/processed/faces\S_9f7e778c.jpg,False,False,val,False
P_1c2f7d0c,val,n008477,data/processed/faces\S_38d9e5b1.jpg,data/processed/faces\S_77b8263e.jpg,False,False,val,False
P_81d92ed7,val,n008477,data/processed/faces\S_38d9e5b1.jpg,data/processed/faces\S_7bfb8694.jpg,False,False,val,False
P_5efedf49,val,n008477,data/processed/faces\S_38d9e5b1.jpg,data/processed/faces\S_43f1fc51.jpg,False,False,val,False
P_a6b33134,val,n008477,data/processed/faces\S_38d9e5b1.jpg,data/processed/faces\S_7245756e.jpg,False,False,val,False
P_2cf24179,val,n008477,data/processed/faces\S_38d9e5b1.jpg,data/processed/faces\S_3e7b3d23.jpg,False,False,val,False
P_bb38dd54,val,n008477,data/processed/faces\S_38d9e5b1.jpg,data/processed/faces\S_3230d38b.jpg,False,False,val,False
P_d07524a3,val,n008477,data/processed/faces\S_38d9e5b1.jpg,data/processed/faces\S_442ab4bc.jpg,False,False,val,False
P_97dd70e0,val,n008477,data/processed/faces\S_38d9e5b1.jpg,data/processed/faces\S_643ec523.jpg,False,False,val,False
P_62eb9c29,val,n008477,data/processed/faces\S_38d9e5b1.jpg,data/processed/faces\S_0d3c1db8.jpg,False,False,val,False
P_d44fcd24,val,n008477,data/processed/faces\S_38d9e5b1.jpg,data/processed/faces\S_0e53dbe0.jpg,False,False,val,False
P_f33ba810,val,n008477,data/processed/faces\S_38d9e5b1.jpg,data/processed/faces\S_79658388.jpg,False,False,val,False
P_f469d7b2,val,n008477,data/processed/faces\S_38d9e5b1.jpg,data/processed/faces\S_be3548cb.jpg,False,False,val,False
P_6bc7e54f,val,n008477,data/processed/faces\S_38d9e5b1.jpg,data/processed/faces\S_6c1f5b96.jpg,False,False,val,False
P_5877f4d8,val,n008477,data/processed/faces\S_38d9e5b1.jpg,data/processed/faces\S_c83b8673.jpg,False,False,val,False
P_1f02f9c4,val,n008477,data/processed/faces\S_38d9e5b1.jpg,data/processed/faces\S_fcfdf059.jpg,False,False,val,False
P_ed72aecf,val,n008477,data/processed/faces\S_38d9e5b1.jpg,data/processed/faces\S_d315c7fd.jpg,False,False,val,False
P_bdf05870,val,n008477,data/processed/faces\S_38d9e5b1.jpg,data/processed/faces\S_9f6127ae.jpg,False,False,val,False
P_00fdb89b,val,n008477,data/processed/faces\S_38d9e5b1.jpg,data/processed/faces\S_37a18a0e.jpg,False,False,val,False
P_7135c6dd,val,n008477,data/processed/faces\S_38d9e5b1.jpg,data/processed/faces\S_6f0966c1.jpg,False,False,val,False
P_ecf16bc1,val,n008477,data/processed/faces\S_38d9e5b1.jpg,data/processed/faces\S_5561327b.jpg,False,False,val,False
P_45afc161,val,n008477,data/processed/faces\S_38d9e5b1.jpg,data/processed/faces\S_f7494a93.jpg,False,False,val,False
P_c125f34d,val,n008477,data/processed/faces\S_38d9e5b1.jpg,data/processed/faces\S_d4c1cc61.jpg,False,False,val,False
P_73829ae8,val,n008477,data/processed/faces\S_38d9e5b1.jpg,data/processed/faces\S_98d6ba4b.jpg,False,False,val,False
P_a187461b,val,n008477,data/processed/faces\S_38d9e5b1.jpg,data/processed/faces\S_0f7150f2.jpg,False,False,val,False
P_8fce0d90,val,n008477,data/processed/faces\S_38d9e5b1.jpg,data/processed/faces\S_dc1d2397.jpg,False,False,val,False
P_2fc7b154,val,n008477,data/processed/faces\S_38d9e5b1.jpg,data/processed/faces\S_fde2c5a8.jpg,False,False,val,False
P_c25358e9,val,n008477,data/processed/faces\S_38d9e5b1.jpg,data/processed/faces\S_fc4f10a1.jpg,False,False,val,False
P_ea9d128c,val,n008477,data/processed/faces\S_38d9e5b1.jpg,data/processed/faces\S_ba77c597.jpg,False,False,val,False
P_33ecd3dd,val,n008477,data/processed/faces\S_38d9e5b1.jpg,data/generated/face_swaps\SW_cb201d11.jpg,False,False,val,False
P_9eebd6fc,val,n008477,data/processed/faces\S_38d9e5b1.jpg,data/generated/face_swaps\SW_5889ffff.jpg,False,False,val,False
P_beb25c7d,val,n008477,data/processed/faces\S_38d9e5b1.jpg,data/generated/face_swaps\SW_5eb68e24.jpg,False,False,val,False
P_2a557509,val,n008477,data/processed/faces\S_38d9e5b1.jpg,data/generated/face_swaps\SW_6dd08eb8.jpg,False,False,val,False
P_1be7be8c,val,n008477,data/processed/faces\S_38d9e5b1.jpg,data/generated/face_swaps\SW_592fe0b4.jpg,False,False,val,False
P_ac756b3d,val,n008477,data/processed/faces\S_38d9e5b1.jpg,data/generated/face_swaps\SW_825c7652.jpg,False,False,val,False
P_c51ac90d,val,n008477,data/processed/faces\S_38d9e5b1.jpg,data/generated/face_swaps\SW_44466e08.jpg,False,False,val,False
P_bc6daf97,val,n008477,data/processed/faces\S_38d9e5b1.jpg,data/generated/face_swaps\SW_fb3b0ba8.jpg,False,False,val,False
P_f0055930,val,n008477,data/processed/faces\S_38d9e5b1.jpg,data/generated/face_swaps\SW_1ce0ab3a.jpg,False,False,val,False
P_b1175d75,val,n008477,data/processed/faces\S_38d9e5b1.jpg,data/generated/face_swaps\SW_0385765b.jpg,False,False,val,False
P_c815d060,val,n009056,data/processed/faces\S_58b65691.jpg,data/processed/faces\S_c44b9474.jpg,False,False,val,False
P_9a4d467b,val,n009056,data/processed/faces\S_58b65691.jpg,data/processed/faces\S_ba77c597.jpg,False,False,val,False
P_64520f79,val,n009056,data/processed/faces\S_58b65691.jpg,data/processed/faces\S_b148a536.jpg,False,False,val,False
P_80261f91,val,n009056,data/processed/faces\S_58b65691.jpg,data/processed/faces\S_cd223418.jpg,False,False,val,False
P_bdff0f99,val,n009056,data/processed/faces\S_58b65691.jpg,data/processed/faces\S_5c657fe3.jpg,False,False,val,False
P_2fd0f679,val,n009056,data/processed/faces\S_58b65691.jpg,data/processed/faces\S_ad9264e9.jpg,False,False,val,False
P_ad2eb053,val,n009056,data/processed/faces\S_58b65691.jpg,data/processed/faces\S_0aaba8ed.jpg,False,False,val,False
P_b777be37,val,n009056,data/processed/faces\S_58b65691.jpg,data/processed/faces\S_3859e3d2.jpg,False,False,val,False
P_e1c62173,val,n009056,data/processed/faces\S_58b65691.jpg,data/processed/faces\S_c7ee6c96.jpg,False,False,val,False
P_8d2bac5f,val,n009056,data/processed/faces\S_58b65691.jpg,data/processed/faces\S_cf7a660f.jpg,False,False,val,False
P_1fcd9899,val,n009056,data/processed/faces\S_58b65691.jpg,data/processed/faces\S_e2c26187.jpg,False,False,val,False
P_e8258215,val,n009056,data/processed/faces\S_58b65691.jpg,data/processed/faces\S_71def57a.jpg,False,False,val,False
P_0a1bb7fd,val,n009056,data/processed/faces\S_58b65691.jpg,data/processed/faces\S_4f9221d8.jpg,False,False,val,False
P_50fe519e,val,n009056,data/processed/faces\S_58b65691.jpg,data/processed/faces\S_14afebbf.jpg,False,False,val,False
P_23e8b615,val,n009056,data/processed/faces\S_58b65691.jpg,data/processed/faces\S_5e6c7874.jpg,False,False,val,False
P_407d6446,val,n009056,data/processed/faces\S_58b65691.jpg,data/processed/faces\S_a295dcd9.jpg,False,False,val,False
P_30f92cb4,val,n009056,data/processed/faces\S_58b65691.jpg,data/processed/faces\S_bf92abf0.jpg,False,False,val,False
P_8cb32b03,val,n009056,data/processed/faces\S_58b65691.jpg,data/processed/faces\S_249691fe.jpg,False,False,val,False
P_46b088e5,val,n009056,data/processed/faces\S_58b65691.jpg,data/processed/faces\S_0b53cedc.jpg,False,False,val,False
P_b4d9fb52,val,n009056,data/processed/faces\S_58b65691.jpg,data/processed/faces\S_35f2ab9a.jpg,False,False,val,False
P_006475a8,val,n009056,data/processed/faces\S_58b65691.jpg,data/processed/faces\S_983dcecb.jpg,False,False,val,False
P_7cf33f52,val,n009056,data/processed/faces\S_58b65691.jpg,data/processed/faces\S_2a882558.jpg,False,False,val,False
P_f1d01d50,val,n009056,data/processed/faces\S_58b65691.jpg,data/processed/faces\S_725a430f.jpg,False,False,val,False
P_e40c4a83,val,n009056,data/processed/faces\S_58b65691.jpg,data/processed/faces\S_fc3f8435.jpg,False,False,val,False
P_72351010,val,n009056,data/processed/faces\S_58b65691.jpg,data/processed/faces\S_a1b05695.jpg,False,False,val,False
P_740b70a5,val,n009056,data/processed/faces\S_58b65691.jpg,data/processed/faces\S_111cdff1.jpg,False,False,val,False
P_98c12e96,val,n009056,data/processed/faces\S_58b65691.jpg,data/processed/faces\S_3cc47aae.jpg,False,False,val,False
P_b17a09ee,val,n009056,data/processed/faces\S_58b65691.jpg,data/processed/faces\S_7eb60bc5.jpg,False,False,val,False
P_96607e49,val,n009056,data/processed/faces\S_58b65691.jpg,data/processed/faces\S_2e8548dd.jpg,False,False,val,False
P_611c5128,val,n009056,data/processed/faces\S_58b65691.jpg,data/processed/faces\S_8447a526.jpg,False,False,val,False
P_021601b0,val,n009056,data/processed/faces\S_58b65691.jpg,data/processed/faces\S_6527fe7c.jpg,False,False,val,False
P_c4ba5cab,val,n009056,data/processed/faces\S_58b65691.jpg,data/processed/faces\S_e8eabba7.jpg,False,False,val,False
P_6217b6fe,val,n009056,data/processed/faces\S_58b65691.jpg,data/processed/faces\S_4557ac35.jpg,False,False,val,False
P_1cfb22f5,val,n009056,data/processed/faces\S_58b65691.jpg,data/processed/faces\S_3c9589e5.jpg,False,False,val,False
P_fead34b2,val,n009056,data/processed/faces\S_58b65691.jpg,data/processed/faces\S_c1444492.jpg,False,False,val,False
P_498ce676,val,n009056,data/processed/faces\S_58b65691.jpg,data/processed/faces\S_67d262af.jpg,False,False,val,False
P_64c5834b,val,n009056,data/processed/faces\S_58b65691.jpg,data/processed/faces\S_76978100.jpg,False,False,val,False
P_1ea490b4,val,n009056,data/processed/faces\S_58b65691.jpg,data/processed/faces\S_7d573e0a.jpg,False,False,val,False
P_34fa18ee,val,n009056,data/processed/faces\S_58b65691.jpg,data/processed/faces\S_62520f3f.jpg,False,False,val,False
P_b47327eb,val,n009056,data/processed/faces\S_58b65691.jpg,data/processed/faces\S_dc81a97e.jpg,False,False,val,False
P_228180b5,val,n009056,data/processed/faces\S_58b65691.jpg,data/processed/faces\S_45d1964e.jpg,False,False,val,False
P_26895226,val,n009056,data/processed/faces\S_58b65691.jpg,data/processed/faces\S_ec6c9550.jpg,False,False,val,False
P_9171658c,val,n009056,data/processed/faces\S_58b65691.jpg,data/processed/faces\S_db109477.jpg,False,False,val,False
P_5efb269f,val,n009056,data/processed/faces\S_58b65691.jpg,data/processed/faces\S_99aecb6a.jpg,False,False,val,False
P_0c4a3a26,val,n009056,data/processed/faces\S_58b65691.jpg,data/processed/faces\S_1cdeeed3.jpg,False,False,val,False
P_c45883bc,val,n009056,data/processed/faces\S_58b65691.jpg,data/processed/faces\S_38771735.jpg,False,False,val,False
P_c8ffe3b2,val,n009056,data/processed/faces\S_58b65691.jpg,data/processed/faces\S_e839e5f3.jpg,False,False,val,False
P_e4d27172,val,n009056,data/processed/faces\S_58b65691.jpg,data/processed/faces\S_58f8e8fe.jpg,False,False,val,False
P_1a91c3bb,val,n009056,data/processed/faces\S_58b65691.jpg,data/generated/face_swaps\SW_303813b7.jpg,False,False,val,False
P_84ce0a93,val,n009056,data/processed/faces\S_58b65691.jpg,data/generated/face_swaps\SW_58011c87.jpg,False,False,val,False
P_fb2b6b9d,val,n009056,data/processed/faces\S_58b65691.jpg,data/generated/face_swaps\SW_e564ac90.jpg,False,False,val,False
P_c7299fcd,val,n009056,data/processed/faces\S_58b65691.jpg,data/generated/face_swaps\SW_3213ae71.jpg,False,False,val,False
P_efc3eee6,val,n009056,data/processed/faces\S_58b65691.jpg,data/generated/face_swaps\SW_076f225d.jpg,False,False,val,False
P_7e7047a2,val,n009056,data/processed/faces\S_58b65691.jpg,data/generated/face_swaps\SW_0754e6cf.jpg,False,False,val,False
P_de0c3fdd,val,n009056,data/processed/faces\S_58b65691.jpg,data/generated/face_swaps\SW_23052623.jpg,False,False,val,False
P_0d5bd5e2,val,n009056,data/processed/faces\S_58b65691.jpg,data/generated/face_swaps\SW_aac41622.jpg,False,False,val,False
P_255f5962,val,n009056,data/processed/faces\S_58b65691.jpg,data/generated/face_swaps\SW_64dcd6ca.jpg,False,False,val,False
P_09942866,val,n009056,data/processed/faces\S_58b65691.jpg,data/generated/face_swaps\SW_7185163c.jpg,False,False,val,False
P_d7aeea8a,test,n000383,data/processed/faces\S_7f7147a0.jpg,data/processed/faces\S_bb85efa6.jpg,False,False,test,False
P_a08af99d,test,n000383,data/processed/faces\S_7f7147a0.jpg,data/processed/faces\S_72309b99.jpg,False,False,test,False
P_aad76185,test,n000383,data/processed/faces\S_7f7147a0.jpg,data/processed/faces\S_44eef6f3.jpg,False,False,test,False
P_932d2a24,test,n000383,data/processed/faces\S_7f7147a0.jpg,data/processed/faces\S_bd694964.jpg,False,False,test,False
P_b81dfce7,test,n000383,data/processed/faces\S_7f7147a0.jpg,data/processed/faces\S_259df0fc.jpg,False,False,test,False
P_af06800a,test,n000383,data/processed/faces\S_7f7147a0.jpg,data/processed/faces\S_83f1fa41.jpg,False,False,test,False
P_f16068e6,test,n000383,data/processed/faces\S_7f7147a0.jpg,data/processed/faces\S_6fb9cfe3.jpg,False,False,test,False
P_2485f93c,test,n000383,data/processed/faces\S_7f7147a0.jpg,data/processed/faces\S_6f69d0fa.jpg,False,False,test,False
P_744f47bb,test,n000383,data/processed/faces\S_7f7147a0.jpg,data/processed/faces\S_866f4683.jpg,False,False,test,False
P_2b4117dc,test,n000383,data/processed/faces\S_7f7147a0.jpg,data/processed/faces\S_79575a5e.jpg,False,False,test,False
P_5a6eea3d,test,n000383,data/processed/faces\S_7f7147a0.jpg,data/processed/faces\S_f336a72a.jpg,False,False,test,False
P_2387832c,test,n000383,data/processed/faces\S_7f7147a0.jpg,data/processed/faces\S_ca451c5d.jpg,False,False,test,False
P_a6c2c68d,test,n000383,data/processed/faces\S_7f7147a0.jpg,data/processed/faces\S_b99aae6e.jpg,False,False,test,False
P_261c2072,test,n000383,data/processed/faces\S_7f7147a0.jpg,data/processed/faces\S_a56c94f0.jpg,False,False,test,False
P_96bf8d2e,test,n000383,data/processed/faces\S_7f7147a0.jpg,data/processed/faces\S_a031ce6e.jpg,False,False,test,False
P_1c6e8713,test,n000383,data/processed/faces\S_7f7147a0.jpg,data/processed/faces\S_4ec31e45.jpg,False,False,test,False
P_7e69cf74,test,n000383,data/processed/faces\S_7f7147a0.jpg,data/processed/faces\S_63d3f2e9.jpg,False,False,test,False
P_a83e2b47,test,n000383,data/processed/faces\S_7f7147a0.jpg,data/processed/faces\S_0f572453.jpg,False,False,test,False
P_109fea2c,test,n000383,data/processed/faces\S_7f7147a0.jpg,data/processed/faces\S_1970e9fa.jpg,False,False,test,False
P_62b2da3e,test,n000383,data/processed/faces\S_7f7147a0.jpg,data/processed/faces\S_1d3dcbed.jpg,False,False,test,False
P_9e81b42b,test,n000383,data/processed/faces\S_7f7147a0.jpg,data/processed/faces\S_b6b0a8bb.jpg,False,False,test,False
P_2a37328a,test,n000383,data/processed/faces\S_7f7147a0.jpg,data/processed/faces\S_45f53417.jpg,False,False,test,False
P_929d68ff,test,n000383,data/processed/faces\S_7f7147a0.jpg,data/processed/faces\S_24fa890d.jpg,False,False,test,False
P_db5328f0,test,n000383,data/processed/faces\S_7f7147a0.jpg,data/processed/faces\S_36bc6f74.jpg,False,False,test,False
P_367a7c36,test,n000383,data/processed/faces\S_7f7147a0.jpg,data/processed/faces\S_afa3bace.jpg,False,False,test,False
P_85102cf8,test,n000383,data/processed/faces\S_7f7147a0.jpg,data/processed/faces\S_1b336d69.jpg,False,False,test,False
P_51b6c6e4,test,n000383,data/processed/faces\S_7f7147a0.jpg,data/processed/faces\S_a48292e5.jpg,False,False,test,False
P_957042cb,test,n000383,data/processed/faces\S_7f7147a0.jpg,data/processed/faces\S_9bee1361.jpg,False,False,test,False
P_75683cff,test,n000383,data/processed/faces\S_7f7147a0.jpg,data/processed/faces\S_eda4e03b.jpg,False,False,test,False
P_1269c89b,test,n000383,data/processed/faces\S_7f7147a0.jpg,data/processed/faces\S_321a5ad8.jpg,False,False,test,False
P_77fbb392,test,n000383,data/processed/faces\S_7f7147a0.jpg,data/processed/faces\S_0f0ca8b5.jpg,False,False,test,False
P_9053cc85,test,n000383,data/processed/faces\S_7f7147a0.jpg,data/processed/faces\S_8d5a2cf7.jpg,False,False,test,False
P_263c862d,test,n000383,data/processed/faces\S_7f7147a0.jpg,data/processed/faces\S_3c468af5.jpg,False,False,test,False
P_6dbdf93b,test,n000383,data/processed/faces\S_7f7147a0.jpg,data/processed/faces\S_1cd6febd.jpg,False,False,test,False
P_d100603a,test,n000383,data/processed/faces\S_7f7147a0.jpg,data/processed/faces\S_73577e75.jpg,False,False,test,False
P_3efac081,test,n000383,data/processed/faces\S_7f7147a0.jpg,data/processed/faces\S_3760e119.jpg,False,False,test,False
P_21172b42,test,n000383,data/processed/faces\S_7f7147a0.jpg,data/processed/faces\S_459218cd.jpg,False,False,test,False
P_e128676d,test,n000383,data/processed/faces\S_7f7147a0.jpg,data/processed/faces\S_0dadb8ec.jpg,False,False,test,False
P_cc6b743d,test,n000383,data/processed/faces\S_7f7147a0.jpg,data/processed/faces\S_3d30162a.jpg,False,False,test,False
P_3bf4dbd6,test,n000383,data/processed/faces\S_7f7147a0.jpg,data/processed/faces\S_ae8f7777.jpg,False,False,test,False
P_030f82da,test,n000383,data/processed/faces\S_7f7147a0.jpg,data/processed/faces\S_223ba067.jpg,False,False,test,False
P_c8144670,test,n000383,data/processed/faces\S_7f7147a0.jpg,data/processed/faces\S_0860d62b.jpg,False,False,test,False
P_fb073401,test,n000383,data/processed/faces\S_7f7147a0.jpg,data/processed/faces\S_58ab0fb2.jpg,False,False,test,False
P_d913d9a6,test,n000383,data/processed/faces\S_7f7147a0.jpg,data/processed/faces\S_1a9651ed.jpg,False,False,test,False
P_8cb72208,test,n000383,data/processed/faces\S_7f7147a0.jpg,data/processed/faces\S_1a82ba48.jpg,False,False,test,False
P_4bfb4b36,test,n000383,data/processed/faces\S_7f7147a0.jpg,data/processed/faces\S_4f208940.jpg,False,False,test,False
P_3a9379d5,test,n000383,data/processed/faces\S_7f7147a0.jpg,data/processed/faces\S_e11eb915.jpg,False,False,test,False
P_3c32c8fa,test,n000383,data/processed/faces\S_7f7147a0.jpg,data/processed/faces\S_3a14098a.jpg,False,False,test,False
P_c7c11c70,test,n000383,data/processed/faces\S_7f7147a0.jpg,data/generated/face_swaps\SW_df366c81.jpg,False,False,test,False
P_faf1cf79,test,n000383,data/processed/faces\S_7f7147a0.jpg,data/generated/face_swaps\SW_a1dde1af.jpg,False,False,test,False
P_85010b70,test,n000383,data/processed/faces\S_7f7147a0.jpg,data/generated/face_swaps\SW_28ae05bb.jpg,False,False,test,False
P_6587edb2,test,n000383,data/processed/faces\S_7f7147a0.jpg,data/generated/face_swaps\SW_d35202a6.jpg,False,False,test,False
P_42b4d749,test,n000383,data/processed/faces\S_7f7147a0.jpg,data/generated/face_swaps\SW_6daebf4e.jpg,False,False,test,False
P_e4917359,test,n000383,data/processed/faces\S_7f7147a0.jpg,data/generated/face_swaps\SW_e0b785bf.jpg,False,False,test,False
P_c4d96156,test,n000383,data/processed/faces\S_7f7147a0.jpg,data/generated/face_swaps\SW_75c530a6.jpg,False,False,test,False
P_dbe621ce,test,n000383,data/processed/faces\S_7f7147a0.jpg,data/generated/face_swaps\SW_bb210a07.jpg,False,False,test,False
P_5d5aec3f,test,n000383,data/processed/faces\S_7f7147a0.jpg,data/generated/face_swaps\SW_8f453564.jpg,False,False,test,False
P_23573c51,test,n000383,data/processed/faces\S_7f7147a0.jpg,data/generated/face_swaps\SW_5e9b0699.jpg,False,False,test,False
P_2f624b09,test,n001041,data/processed/faces\S_a5e97d4c.jpg,data/processed/faces\S_2b4991d6.jpg,False,False,test,False
P_df44e89f,test,n001041,data/processed/faces\S_a5e97d4c.jpg,data/processed/faces\S_3c4db4e8.jpg,False,False,test,False
P_ea8383c9,test,n001041,data/processed/faces\S_a5e97d4c.jpg,data/processed/faces\S_b5863239.jpg,False,False,test,False
P_61984593,test,n001041,data/processed/faces\S_a5e97d4c.jpg,data/processed/faces\S_521d170e.jpg,False,False,test,False
P_6e610b3f,test,n001041,data/processed/faces\S_a5e97d4c.jpg,data/processed/faces\S_eac8019e.jpg,False,False,test,False
P_258efbc1,test,n001041,data/processed/faces\S_a5e97d4c.jpg,data/processed/faces\S_9d1cd915.jpg,False,False,test,False
P_3cd479cc,test,n001041,data/processed/faces\S_a5e97d4c.jpg,data/processed/faces\S_e7c7a2c3.jpg,False,False,test,False
P_7688f420,test,n001041,data/processed/faces\S_a5e97d4c.jpg,data/processed/faces\S_68034bb9.jpg,False,False,test,False
P_1b3487a3,test,n001041,data/processed/faces\S_a5e97d4c.jpg,data/processed/faces\S_9a16e922.jpg,False,False,test,False
P_147cd514,test,n001041,data/processed/faces\S_a5e97d4c.jpg,data/processed/faces\S_80ca081b.jpg,False,False,test,False
P_000e5993,test,n001041,data/processed/faces\S_a5e97d4c.jpg,data/processed/faces\S_34dd010e.jpg,False,False,test,False
P_c65bd237,test,n001041,data/processed/faces\S_a5e97d4c.jpg,data/processed/faces\S_c620b1a9.jpg,False,False,test,False
P_4a4e521a,test,n001041,data/processed/faces\S_a5e97d4c.jpg,data/processed/faces\S_bd156e47.jpg,False,False,test,False
P_d00d48a7,test,n001041,data/processed/faces\S_a5e97d4c.jpg,data/processed/faces\S_76f1e2ba.jpg,False,False,test,False
P_d5d076d0,test,n001041,data/processed/faces\S_a5e97d4c.jpg,data/processed/faces\S_392e07be.jpg,False,False,test,False
P_c3c8dcc0,test,n001041,data/processed/faces\S_a5e97d4c.jpg,data/processed/faces\S_ca00258d.jpg,False,False,test,False
P_a8e31271,test,n001041,data/processed/faces\S_a5e97d4c.jpg,data/processed/faces\S_040e216f.jpg,False,False,test,False
P_afff7943,test,n001041,data/processed/faces\S_a5e97d4c.jpg,data/processed/faces\S_3de19676.jpg,False,False,test,False
P_603c5e5b,test,n001041,data/processed/faces\S_a5e97d4c.jpg,data/processed/faces\S_f5be7565.jpg,False,False,test,False
P_f97471d6,test,n001041,data/processed/faces\S_a5e97d4c.jpg,data/processed/faces\S_3520d246.jpg,False,False,test,False
P_e327e57e,test,n001041,data/processed/faces\S_a5e97d4c.jpg,data/processed/faces\S_4940a714.jpg,False,False,test,False
P_48f169d2,test,n001041,data/processed/faces\S_a5e97d4c.jpg,data/processed/faces\S_ce9838f5.jpg,False,False,test,False
P_5a684c64,test,n001041,data/processed/faces\S_a5e97d4c.jpg,data/processed/faces\S_ac9a305c.jpg,False,False,test,False
P_997d5f30,test,n001041,data/processed/faces\S_a5e97d4c.jpg,data/processed/faces\S_c519bf80.jpg,False,False,test,False
P_d8effa87,test,n001041,data/processed/faces\S_a5e97d4c.jpg,data/processed/faces\S_7cf93ece.jpg,False,False,test,False
P_a95ceeec,test,n001041,data/processed/faces\S_a5e97d4c.jpg,data/processed/faces\S_6d5b21d8.jpg,False,False,test,False
P_f9f22e58,test,n001041,data/processed/faces\S_a5e97d4c.jpg,data/processed/faces\S_e14d88b8.jpg,False,False,test,False
P_4d86eb87,test,n001041,data/processed/faces\S_a5e97d4c.jpg,data/processed/faces\S_d902a02a.jpg,False,False,test,False
P_6375c67f,test,n001041,data/processed/faces\S_a5e97d4c.jpg,data/processed/faces\S_59cba587.jpg,False,False,test,False
P_f3dddf20,test,n001041,data/processed/faces\S_a5e97d4c.jpg,data/processed/faces\S_c82f054d.jpg,False,False,test,False
P_16a6a3a1,test,n001041,data/processed/faces\S_a5e97d4c.jpg,data/processed/faces\S_9a4ccb00.jpg,False,False,test,False
P_8e601e0e,test,n001041,data/processed/faces\S_a5e97d4c.jpg,data/processed/faces\S_6e504c7c.jpg,False,False,test,False
P_a99d053a,test,n001041,data/processed/faces\S_a5e97d4c.jpg,data/processed/faces\S_c9538d70.jpg,False,False,test,False
P_c1c4c66a,test,n001041,data/processed/faces\S_a5e97d4c.jpg,data/processed/faces\S_b7b180ee.jpg,False,False,test,False
P_30e6725d,test,n001041,data/processed/faces\S_a5e97d4c.jpg,data/processed/faces\S_d60b573d.jpg,False,False,test,False
P_07c67215,test,n001041,data/processed/faces\S_a5e97d4c.jpg,data/processed/faces\S_191659cd.jpg,False,False,test,False
P_202884e8,test,n001041,data/processed/faces\S_a5e97d4c.jpg,data/processed/faces\S_e728bf10.jpg,False,False,test,False
P_83993710,test,n001041,data/processed/faces\S_a5e97d4c.jpg,data/processed/faces\S_58c46436.jpg,False,False,test,False
P_0072d930,test,n001041,data/processed/faces\S_a5e97d4c.jpg,data/processed/faces\S_ae8f7777.jpg,False,False,test,False
P_59d4381d,test,n001041,data/processed/faces\S_a5e97d4c.jpg,data/processed/faces\S_459218cd.jpg,False,False,test,False
P_0f3097f5,test,n001041,data/processed/faces\S_a5e97d4c.jpg,data/processed/faces\S_16cdafe5.jpg,False,False,test,False
P_4ed2cbae,test,n001041,data/processed/faces\S_a5e97d4c.jpg,data/processed/faces\S_85286116.jpg,False,False,test,False
P_46a94f50,test,n001041,data/processed/faces\S_a5e97d4c.jpg,data/processed/faces\S_bb66b623.jpg,False,False,test,False
P_2ba2e1f1,test,n001041,data/processed/faces\S_a5e97d4c.jpg,data/processed/faces\S_17e917bd.jpg,False,False,test,False
P_e61f8457,test,n001041,data/processed/faces\S_a5e97d4c.jpg,data/processed/faces\S_eed976f2.jpg,False,False,test,False
P_80cbb1f0,test,n001041,data/processed/faces\S_a5e97d4c.jpg,data/processed/faces\S_dc2c5519.jpg,False,False,test,False
P_d0eb234f,test,n001041,data/processed/faces\S_a5e97d4c.jpg,data/processed/faces\S_980494b0.jpg,False,False,test,False
P_be7c73f9,test,n001041,data/processed/faces\S_a5e97d4c.jpg,data/processed/faces\S_b12cf000.jpg,False,False,test,False
P_78b5713c,test,n001041,data/processed/faces\S_a5e97d4c.jpg,data/generated/face_swaps\SW_8a705a14.jpg,False,False,test,False
P_132fcc47,test,n001041,data/processed/faces\S_a5e97d4c.jpg,data/generated/face_swaps\SW_d5265fed.jpg,False,False,test,False
P_04a1ed62,test,n001041,data/processed/faces\S_a5e97d4c.jpg,data/generated/face_swaps\SW_bc001068.jpg,False,False,test,False
P_aa04432d,test,n001041,data/processed/faces\S_a5e97d4c.jpg,data/generated/face_swaps\SW_cbc560d4.jpg,False,False,test,False
P_316b1199,test,n001041,data/processed/faces\S_a5e97d4c.jpg,data/generated/face_swaps\SW_5936892f.jpg,False,False,test,False
P_8d4b7ee8,test,n001041,data/processed/faces\S_a5e97d4c.jpg,data/generated/face_swaps\SW_c1700eb3.jpg,False,False,test,False
P_2e54ad66,test,n001041,data/processed/faces\S_a5e97d4c.jpg,data/generated/face_swaps\SW_cdb7c558.jpg,False,False,test,False
P_684708ae,test,n001041,data/processed/faces\S_a5e97d4c.jpg,data/generated/face_swaps\SW_98392401.jpg,False,False,test,False
P_0453c60e,test,n001041,data/processed/faces\S_a5e97d4c.jpg,data/generated/face_swaps\SW_56b0b879.jpg,False,False,test,False
P_5bbe0101,test,n001041,data/processed/faces\S_a5e97d4c.jpg,data/generated/face_swaps\SW_0dcb5e21.jpg,False,False,test,False
P_8786237f,test,n001052,data/processed/faces\S_49c15042.jpg,data/processed/faces\S_9a0beafb.jpg,False,False,test,False
P_8933d963,test,n001052,data/processed/faces\S_49c15042.jpg,data/processed/faces\S_4cd751d3.jpg,False,False,test,False
P_0b4f97e7,test,n001052,data/processed/faces\S_49c15042.jpg,data/processed/faces\S_223ba067.jpg,False,False,test,False
P_260234df,test,n001052,data/processed/faces\S_49c15042.jpg,data/processed/faces\S_34c6a1fb.jpg,False,False,test,False
P_cc80e0a9,test,n001052,data/processed/faces\S_49c15042.jpg,data/processed/faces\S_3eed5428.jpg,False,False,test,False
P_fbe0e692,test,n001052,data/processed/faces\S_49c15042.jpg,data/processed/faces\S_750fd6f4.jpg,False,False,test,False
P_d8105f0f,test,n001052,data/processed/faces\S_49c15042.jpg,data/processed/faces\S_3ff5e807.jpg,False,False,test,False
P_cf1c466d,test,n001052,data/processed/faces\S_49c15042.jpg,data/processed/faces\S_234607e8.jpg,False,False,test,False
P_b5374e02,test,n001052,data/processed/faces\S_49c15042.jpg,data/processed/faces\S_6df6ac83.jpg,False,False,test,False
P_f80e13f3,test,n001052,data/processed/faces\S_49c15042.jpg,data/processed/faces\S_4377614c.jpg,False,False,test,False
P_6719764b,test,n001052,data/processed/faces\S_49c15042.jpg,data/processed/faces\S_e2238d70.jpg,False,False,test,False
P_5aa3dd14,test,n001052,data/processed/faces\S_49c15042.jpg,data/processed/faces\S_feac35fc.jpg,False,False,test,False
P_225d94ab,test,n001052,data/processed/faces\S_49c15042.jpg,data/processed/faces\S_7c570355.jpg,False,False,test,False
P_44435382,test,n001052,data/processed/faces\S_49c15042.jpg,data/processed/faces\S_8673f7e0.jpg,False,False,test,False
P_ed31e309,test,n001052,data/processed/faces\S_49c15042.jpg,data/processed/faces\S_dd32ed19.jpg,False,False,test,False
P_9b4897e6,test,n001052,data/processed/faces\S_49c15042.jpg,data/processed/faces\S_ad53e6b2.jpg,False,False,test,False
P_c41858c0,test,n001052,data/processed/faces\S_49c15042.jpg,data/processed/faces\S_79dfddb5.jpg,False,False,test,False
P_9b72b7ae,test,n001052,data/processed/faces\S_49c15042.jpg,data/processed/faces\S_8f2745f1.jpg,False,False,test,False
P_ea4e398b,test,n001052,data/processed/faces\S_49c15042.jpg,data/processed/faces\S_4dc1ab78.jpg,False,False,test,False
P_72b7f459,test,n001052,data/processed/faces\S_49c15042.jpg,data/processed/faces\S_9270ea1a.jpg,False,False,test,False
P_6d6e50ee,test,n001052,data/processed/faces\S_49c15042.jpg,data/processed/faces\S_6b59f895.jpg,False,False,test,False
P_55fde068,test,n001052,data/processed/faces\S_49c15042.jpg,data/processed/faces\S_b11fac83.jpg,False,False,test,False
P_e2b0220b,test,n001052,data/processed/faces\S_49c15042.jpg,data/processed/faces\S_8f085991.jpg,False,False,test,False
P_8943f07e,test,n001052,data/processed/faces\S_49c15042.jpg,data/processed/faces\S_887a2f17.jpg,False,False,test,False
P_ed21a7ed,test,n001052,data/processed/faces\S_49c15042.jpg,data/processed/faces\S_77cbe288.jpg,False,False,test,False
P_8bb40677,test,n001052,data/processed/faces\S_49c15042.jpg,data/processed/faces\S_9e908713.jpg,False,False,test,False
P_46113ce6,test,n001052,data/processed/faces\S_49c15042.jpg,data/processed/faces\S_2b0128cf.jpg,False,False,test,False
P_3dd98fa3,test,n001052,data/processed/faces\S_49c15042.jpg,data/processed/faces\S_2f68bdf4.jpg,False,False,test,False
P_6b6bae9d,test,n001052,data/processed/faces\S_49c15042.jpg,data/processed/faces\S_6f195672.jpg,False,False,test,False
P_31bd9874,test,n001052,data/processed/faces\S_49c15042.jpg,data/processed/faces\S_3cd0d15a.jpg,False,False,test,False
P_7a0def6b,test,n001052,data/processed/faces\S_49c15042.jpg,data/processed/faces\S_86a46984.jpg,False,False,test,False
P_c84dc633,test,n001052,data/processed/faces\S_49c15042.jpg,data/processed/faces\S_a0554c98.jpg,False,False,test,False
P_b43f3f31,test,n001052,data/processed/faces\S_49c15042.jpg,data/processed/faces\S_0579625c.jpg,False,False,test,False
P_9cf88cca,test,n001052,data/processed/faces\S_49c15042.jpg,data/processed/faces\S_6c6c8d3c.jpg,False,False,test,False
P_c90ca252,test,n001052,data/processed/faces\S_49c15042.jpg,data/processed/faces\S_4cf9ab3f.jpg,False,False,test,False
P_053e1800,test,n001052,data/processed/faces\S_49c15042.jpg,data/processed/faces\S_e601aefd.jpg,False,False,test,False
P_ea9157d2,test,n001052,data/processed/faces\S_49c15042.jpg,data/processed/faces\S_9c12e215.jpg,False,False,test,False
P_90127df8,test,n001052,data/processed/faces\S_49c15042.jpg,data/processed/faces\S_16cdafe5.jpg,False,False,test,False
P_ececb86e,test,n001052,data/processed/faces\S_49c15042.jpg,data/processed/faces\S_eda4e03b.jpg,False,False,test,False
P_08f1d6db,test,n001052,data/processed/faces\S_49c15042.jpg,data/processed/faces\S_3de19676.jpg,False,False,test,False
P_39a192c7,test,n001052,data/processed/faces\S_49c15042.jpg,data/processed/faces\S_c5658a20.jpg,False,False,test,False
P_6ca97498,test,n001052,data/processed/faces\S_49c15042.jpg,data/processed/faces\S_12b0462b.jpg,False,False,test,False
P_e83c0c13,test,n001052,data/processed/faces\S_49c15042.jpg,data/processed/faces\S_721c54ef.jpg,False,False,test,False
P_1d380313,test,n001052,data/processed/faces\S_49c15042.jpg,data/processed/faces\S_46aa201b.jpg,False,False,test,False
P_9cd82c16,test,n001052,data/processed/faces\S_49c15042.jpg,data/processed/faces\S_403e5669.jpg,False,False,test,False
P_29ed1d22,test,n001052,data/processed/faces\S_49c15042.jpg,data/processed/faces\S_980494b0.jpg,False,False,test,False
P_f90e1c26,test,n001052,data/processed/faces\S_49c15042.jpg,data/processed/faces\S_82ceef4e.jpg,False,False,test,False
P_771418fe,test,n001052,data/processed/faces\S_49c15042.jpg,data/generated/face_swaps\SW_bd8a4df0.jpg,False,False,test,False
P_46a99f09,test,n001052,data/processed/faces\S_49c15042.jpg,data/generated/face_swaps\SW_ff9cbb23.jpg,False,False,test,False
P_72515640,test,n001052,data/processed/faces\S_49c15042.jpg,data/generated/face_swaps\SW_3deb89e2.jpg,False,False,test,False
P_36ad10e0,test,n001052,data/processed/faces\S_49c15042.jpg,data/generated/face_swaps\SW_6b06d1a8.jpg,False,False,test,False
P_8735bc11,test,n001052,data/processed/faces\S_49c15042.jpg,data/generated/face_swaps\SW_acd8ec3b.jpg,False,False,test,False
P_76c47c1a,test,n001052,data/processed/faces\S_49c15042.jpg,data/generated/face_swaps\SW_f285510b.jpg,False,False,test,False
P_4dc5b418,test,n001052,data/processed/faces\S_49c15042.jpg,data/generated/face_swaps\SW_d32e8e8c.jpg,False,False,test,False
P_61dc5a87,test,n001052,data/processed/faces\S_49c15042.jpg,data/generated/face_swaps\SW_168e1d03.jpg,False,False,test,False
P_0973132c,test,n001052,data/processed/faces\S_49c15042.jpg,data/generated/face_swaps\SW_d6fd1f18.jpg,False,False,test,False
P_5a66d0d0,test,n001052,data/processed/faces\S_49c15042.jpg,data/generated/face_swaps\SW_65440d6a.jpg,False,False,test,False
P_043b7edb,test,n001098,data/processed/faces\S_a540a1ef.jpg,data/processed/faces\S_2278e400.jpg,False,False,test,False
P_3d42d6fc,test,n001098,data/processed/faces\S_a540a1ef.jpg,data/processed/faces\S_85286116.jpg,False,False,test,False
P_eed69dcd,test,n001098,data/processed/faces\S_a540a1ef.jpg,data/processed/faces\S_2663ca95.jpg,False,False,test,False
P_78dba56e,test,n001098,data/processed/faces\S_a540a1ef.jpg,data/processed/faces\S_f5d61627.jpg,False,False,test,False
P_f76b1491,test,n001098,data/processed/faces\S_a540a1ef.jpg,data/processed/faces\S_9f25c9ab.jpg,False,False,test,False
P_356926b6,test,n001098,data/processed/faces\S_a540a1ef.jpg,data/processed/faces\S_32950216.jpg,False,False,test,False
P_b219fe68,test,n001098,data/processed/faces\S_a540a1ef.jpg,data/processed/faces\S_e328a829.jpg,False,False,test,False
P_cb20b64b,test,n001098,data/processed/faces\S_a540a1ef.jpg,data/processed/faces\S_b4283de5.jpg,False,False,test,False
P_93efcbfb,test,n001098,data/processed/faces\S_a540a1ef.jpg,data/processed/faces\S_a19bc22f.jpg,False,False,test,False
P_4d679886,test,n001098,data/processed/faces\S_a540a1ef.jpg,data/processed/faces\S_dd5eee21.jpg,False,False,test,False
P_24a51d49,test,n001098,data/processed/faces\S_a540a1ef.jpg,data/processed/faces\S_dfacc6c7.jpg,False,False,test,False
P_a9405ac2,test,n001098,data/processed/faces\S_a540a1ef.jpg,data/processed/faces\S_c5658a20.jpg,False,False,test,False
P_cbca34ba,test,n001098,data/processed/faces\S_a540a1ef.jpg,data/processed/faces\S_e3f3c45c.jpg,False,False,test,False
P_86d474b9,test,n001098,data/processed/faces\S_a540a1ef.jpg,data/processed/faces\S_44e64d30.jpg,False,False,test,False
P_1debd5d4,test,n001098,data/processed/faces\S_a540a1ef.jpg,data/processed/faces\S_f129b4aa.jpg,False,False,test,False
P_db8e7189,test,n001098,data/processed/faces\S_a540a1ef.jpg,data/processed/faces\S_5420fcda.jpg,False,False,test,False
P_9d0d1092,test,n001098,data/processed/faces\S_a540a1ef.jpg,data/processed/faces\S_3ea15d9c.jpg,False,False,test,False
P_bf589d69,test,n001098,data/processed/faces\S_a540a1ef.jpg,data/processed/faces\S_5d0333fc.jpg,False,False,test,False
P_7c50e94a,test,n001098,data/processed/faces\S_a540a1ef.jpg,data/processed/faces\S_683ffb2e.jpg,False,False,test,False
P_112a4fa0,test,n001098,data/processed/faces\S_a540a1ef.jpg,data/processed/faces\S_756dbe77.jpg,False,False,test,False
P_29358305,test,n001098,data/processed/faces\S_a540a1ef.jpg,data/processed/faces\S_b9028449.jpg,False,False,test,False
P_84acaf56,test,n001098,data/processed/faces\S_a540a1ef.jpg,data/processed/faces\S_7cd5401e.jpg,False,False,test,False
P_fc99410b,test,n001098,data/processed/faces\S_a540a1ef.jpg,data/processed/faces\S_e5b2e886.jpg,False,False,test,False
P_12341f39,test,n001098,data/processed/faces\S_a540a1ef.jpg,data/processed/faces\S_0989b835.jpg,False,False,test,False
P_c0daeb27,test,n001098,data/processed/faces\S_a540a1ef.jpg,data/processed/faces\S_1d865a0b.jpg,False,False,test,False
P_ab755e89,test,n001098,data/processed/faces\S_a540a1ef.jpg,data/processed/faces\S_77655556.jpg,False,False,test,False
P_98e2e408,test,n001098,data/processed/faces\S_a540a1ef.jpg,data/processed/faces\S_7a2659db.jpg,False,False,test,False
P_2c76b779,test,n001098,data/processed/faces\S_a540a1ef.jpg,data/processed/faces\S_0860d62b.jpg,False,False,test,False
P_020e91a5,test,n001098,data/processed/faces\S_a540a1ef.jpg,data/processed/faces\S_fcf00f2e.jpg,False,False,test,False
P_28d1b92e,test,n001098,data/processed/faces\S_a540a1ef.jpg,data/processed/faces\S_6f5ead50.jpg,False,False,test,False
P_ac6afa31,test,n001098,data/processed/faces\S_a540a1ef.jpg,data/processed/faces\S_457d85af.jpg,False,False,test,False
P_d37d5d4e,test,n001098,data/processed/faces\S_a540a1ef.jpg,data/processed/faces\S_0cead1c0.jpg,False,False,test,False
P_73f88465,test,n001098,data/processed/faces\S_a540a1ef.jpg,data/processed/faces\S_464ef37f.jpg,False,False,test,False
P_ab8286a1,test,n001098,data/processed/faces\S_a540a1ef.jpg,data/processed/faces\S_139fba55.jpg,False,False,test,False
P_2208b6d2,test,n001098,data/processed/faces\S_a540a1ef.jpg,data/processed/faces\S_c14ca21a.jpg,False,False,test,False
P_990a3444,test,n001098,data/processed/faces\S_a540a1ef.jpg,data/processed/faces\S_74ce1199.jpg,False,False,test,False
P_2e25bc22,test,n001098,data/processed/faces\S_a540a1ef.jpg,data/processed/faces\S_fb8a4501.jpg,False,False,test,False
P_f7eafe24,test,n001098,data/processed/faces\S_a540a1ef.jpg,data/processed/faces\S_35d5231b.jpg,False,False,test,False
P_747b09f9,test,n001098,data/processed/faces\S_a540a1ef.jpg,data/processed/faces\S_a48292e5.jpg,False,False,test,False
P_7e1adae7,test,n001098,data/processed/faces\S_a540a1ef.jpg,data/processed/faces\S_ce9838f5.jpg,False,False,test,False
P_2139bb7b,test,n001098,data/processed/faces\S_a540a1ef.jpg,data/processed/faces\S_6b59f895.jpg,False,False,test,False
P_ce17bf5a,test,n001098,data/processed/faces\S_a540a1ef.jpg,data/processed/faces\S_3560d368.jpg,False,False,test,False
P_88998e73,test,n001098,data/processed/faces\S_a540a1ef.jpg,data/processed/faces\S_fdea623a.jpg,False,False,test,False
P_ad6f0bc2,test,n001098,data/processed/faces\S_a540a1ef.jpg,data/processed/faces\S_be0e515d.jpg,False,False,test,False
P_47983ed8,test,n001098,data/processed/faces\S_a540a1ef.jpg,data/processed/faces\S_0b8a0984.jpg,False,False,test,False
P_24ccc464,test,n001098,data/processed/faces\S_a540a1ef.jpg,data/processed/faces\S_5096dff7.jpg,False,False,test,False
P_39609d46,test,n001098,data/processed/faces\S_a540a1ef.jpg,data/processed/faces\S_146d72d0.jpg,False,False,test,False
P_957b79e4,test,n001098,data/processed/faces\S_a540a1ef.jpg,data/generated/face_swaps\SW_11560750.jpg,False,False,test,False
P_a67d45af,test,n001098,data/processed/faces\S_a540a1ef.jpg,data/generated/face_swaps\SW_9e146a04.jpg,False,False,test,False
P_1d884e99,test,n001098,data/processed/faces\S_a540a1ef.jpg,data/generated/face_swaps\SW_0b2b7365.jpg,False,False,test,False
P_b5227354,test,n001098,data/processed/faces\S_a540a1ef.jpg,data/generated/face_swaps\SW_2f6f1b4f.jpg,False,False,test,False
P_b4071244,test,n001098,data/processed/faces\S_a540a1ef.jpg,data/generated/face_swaps\SW_9e21f0bf.jpg,False,False,test,False
P_9066cd91,test,n001098,data/processed/faces\S_a540a1ef.jpg,data/generated/face_swaps\SW_f8697a38.jpg,False,False,test,False
P_5b2fbb4a,test,n001098,data/processed/faces\S_a540a1ef.jpg,data/generated/face_swaps\SW_d433d4a6.jpg,False,False,test,False
P_91947160,test,n001098,data/processed/faces\S_a540a1ef.jpg,data/generated/face_swaps\SW_10223766.jpg,False,False,test,False
P_718f11ef,test,n001098,data/processed/faces\S_a540a1ef.jpg,data/generated/face_swaps\SW_e8a462c6.jpg,False,False,test,False
P_b044b5ea,test,n001098,data/processed/faces\S_a540a1ef.jpg,data/generated/face_swaps\SW_df8d8b3c.jpg,False,False,test,False
P_1f45871f,test,n001165,data/processed/faces\S_1f299334.jpg,data/processed/faces\S_e03a1408.jpg,False,False,test,False
P_2dbe2c8e,test,n001165,data/processed/faces\S_1f299334.jpg,data/processed/faces\S_5f9e8b9a.jpg,False,False,test,False
P_81b38982,test,n001165,data/processed/faces\S_1f299334.jpg,data/processed/faces\S_c613294d.jpg,False,False,test,False
P_b218b9f4,test,n001165,data/processed/faces\S_1f299334.jpg,data/processed/faces\S_1e3cb86c.jpg,False,False,test,False
P_f9ddcd37,test,n001165,data/processed/faces\S_1f299334.jpg,data/processed/faces\S_ad566d96.jpg,False,False,test,False
P_27d0ed27,test,n001165,data/processed/faces\S_1f299334.jpg,data/processed/faces\S_9bc1cccc.jpg,False,False,test,False
P_224086f3,test,n001165,data/processed/faces\S_1f299334.jpg,data/processed/faces\S_3560d368.jpg,False,False,test,False
P_806196ac,test,n001165,data/processed/faces\S_1f299334.jpg,data/processed/faces\S_9d1b9c38.jpg,False,False,test,False
P_85d0a6bf,test,n001165,data/processed/faces\S_1f299334.jpg,data/processed/faces\S_0b293b2d.jpg,False,False,test,False
P_3f22f7a5,test,n001165,data/processed/faces\S_1f299334.jpg,data/processed/faces\S_8b581938.jpg,False,False,test,False
P_37d306bc,test,n001165,data/processed/faces\S_1f299334.jpg,data/processed/faces\S_e1f58331.jpg,False,False,test,False
P_fa7b7c0c,test,n001165,data/processed/faces\S_1f299334.jpg,data/processed/faces\S_a4539239.jpg,False,False,test,False
P_39498b00,test,n001165,data/processed/faces\S_1f299334.jpg,data/processed/faces\S_8a5c4d3f.jpg,False,False,test,False
P_c9083d64,test,n001165,data/processed/faces\S_1f299334.jpg,data/processed/faces\S_da0a28f3.jpg,False,False,test,False
P_eacfd810,test,n001165,data/processed/faces\S_1f299334.jpg,data/processed/faces\S_8957939a.jpg,False,False,test,False
P_4533e255,test,n001165,data/processed/faces\S_1f299334.jpg,data/processed/faces\S_6902b644.jpg,False,False,test,False
P_dc956a9d,test,n001165,data/processed/faces\S_1f299334.jpg,data/processed/faces\S_710a0be5.jpg,False,False,test,False
P_26759110,test,n001165,data/processed/faces\S_1f299334.jpg,data/processed/faces\S_bb66b623.jpg,False,False,test,False
P_63251758,test,n001165,data/processed/faces\S_1f299334.jpg,data/processed/faces\S_b1c00e96.jpg,False,False,test,False
P_9e6e4387,test,n001165,data/processed/faces\S_1f299334.jpg,data/processed/faces\S_5bbf2ada.jpg,False,False,test,False
P_80816f37,test,n001165,data/processed/faces\S_1f299334.jpg,data/processed/faces\S_58ab0fb2.jpg,False,False,test,False
P_75a5cc3f,test,n001165,data/processed/faces\S_1f299334.jpg,data/processed/faces\S_6094244a.jpg,False,False,test,False
P_cf0cd607,test,n001165,data/processed/faces\S_1f299334.jpg,data/processed/faces\S_9be57c6f.jpg,False,False,test,False
P_f12c42ff,test,n001165,data/processed/faces\S_1f299334.jpg,data/processed/faces\S_4334fa4a.jpg,False,False,test,False
P_40ce363d,test,n001165,data/processed/faces\S_1f299334.jpg,data/processed/faces\S_6e2dfc48.jpg,False,False,test,False
P_39a12502,test,n001165,data/processed/faces\S_1f299334.jpg,data/processed/faces\S_b8bf8d10.jpg,False,False,test,False
P_fefc4ae3,test,n001165,data/processed/faces\S_1f299334.jpg,data/processed/faces\S_e2f6430a.jpg,False,False,test,False
P_9b809fcf,test,n001165,data/processed/faces\S_1f299334.jpg,data/processed/faces\S_15da606a.jpg,False,False,test,False
P_d81592a7,test,n001165,data/processed/faces\S_1f299334.jpg,data/processed/faces\S_4fb7016d.jpg,False,False,test,False
P_060d91ab,test,n001165,data/processed/faces\S_1f299334.jpg,data/processed/faces\S_151b29c5.jpg,False,False,test,False
P_11265354,test,n001165,data/processed/faces\S_1f299334.jpg,data/processed/faces\S_7b132918.jpg,False,False,test,False
P_7eeaaa2a,test,n001165,data/processed/faces\S_1f299334.jpg,data/processed/faces\S_2ce5c99f.jpg,False,False,test,False
P_8cb8fb12,test,n001165,data/processed/faces\S_1f299334.jpg,data/processed/faces\S_4485467b.jpg,False,False,test,False
P_118f071b,test,n001165,data/processed/faces\S_1f299334.jpg,data/processed/faces\S_99958c1c.jpg,False,False,test,False
P_e1418784,test,n001165,data/processed/faces\S_1f299334.jpg,data/processed/faces\S_3b8e37ee.jpg,False,False,test,False
P_c0e58a8e,test,n001165,data/processed/faces\S_1f299334.jpg,data/processed/faces\S_b110e961.jpg,False,False,test,False
P_1fda4825,test,n001165,data/processed/faces\S_1f299334.jpg,data/processed/faces\S_13ba21cb.jpg,False,False,test,False
P_d81b45ff,test,n001165,data/processed/faces\S_1f299334.jpg,data/processed/faces\S_12b0462b.jpg,False,False,test,False
P_b2291745,test,n001165,data/processed/faces\S_1f299334.jpg,data/processed/faces\S_1b336d69.jpg,False,False,test,False
P_4791bf2f,test,n001165,data/processed/faces\S_1f299334.jpg,data/processed/faces\S_191659cd.jpg,False,False,test,False
P_9e66fdf8,test,n001165,data/processed/faces\S_1f299334.jpg,data/processed/faces\S_223ba067.jpg,False,False,test,False
P_e4496919,test,n001165,data/processed/faces\S_1f299334.jpg,data/processed/faces\S_6f5ead50.jpg,False,False,test,False
P_e64759da,test,n001165,data/processed/faces\S_1f299334.jpg,data/processed/faces\S_d1bf2058.jpg,False,False,test,False
P_80e15589,test,n001165,data/processed/faces\S_1f299334.jpg,data/processed/faces\S_792d42c9.jpg,False,False,test,False
P_393f28d9,test,n001165,data/processed/faces\S_1f299334.jpg,data/processed/faces\S_e4848f0d.jpg,False,False,test,False
P_f0499906,test,n001165,data/processed/faces\S_1f299334.jpg,data/processed/faces\S_c18ca273.jpg,False,False,test,False
P_e67f0465,test,n001165,data/processed/faces\S_1f299334.jpg,data/processed/faces\S_cac11308.jpg,False,False,test,False
P_1a2c778b,test,n001165,data/processed/faces\S_1f299334.jpg,data/generated/face_swaps\SW_30155f5b.jpg,False,False,test,False
P_d03f1fad,test,n001165,data/processed/faces\S_1f299334.jpg,data/generated/face_swaps\SW_f8834ff9.jpg,False,False,test,False
P_d4bdef2b,test,n001165,data/processed/faces\S_1f299334.jpg,data/generated/face_swaps\SW_c072a9c5.jpg,False,False,test,False
P_504c0a20,test,n001165,data/processed/faces\S_1f299334.jpg,data/generated/face_swaps\SW_711683ef.jpg,False,False,test,False
P_22ab56be,test,n001165,data/processed/faces\S_1f299334.jpg,data/generated/face_swaps\SW_d1de5997.jpg,False,False,test,False
P_a27ab270,test,n001165,data/processed/faces\S_1f299334.jpg,data/generated/face_swaps\SW_edf948e3.jpg,False,False,test,False
P_32c6a81c,test,n001165,data/processed/faces\S_1f299334.jpg,data/generated/face_swaps\SW_9349b3d3.jpg,False,False,test,False
P_74f6f7e4,test,n001165,data/processed/faces\S_1f299334.jpg,data/generated/face_swaps\SW_ef007d9b.jpg,False,False,test,False
P_a39a9729,test,n001165,data/processed/faces\S_1f299334.jpg,data/generated/face_swaps\SW_88a4d68f.jpg,False,False,test,False
P_590d41d1,test,n001165,data/processed/faces\S_1f299334.jpg,data/generated/face_swaps\SW_30fe1070.jpg,False,False,test,False
P_d7c94ed7,test,n001742,data/processed/faces\S_d383202e.jpg,data/processed/faces\S_a497ceb5.jpg,False,False,test,False
P_a524e9f3,test,n001742,data/processed/faces\S_d383202e.jpg,data/processed/faces\S_36de0ec7.jpg,False,False,test,False
P_a5d654a0,test,n001742,data/processed/faces\S_d383202e.jpg,data/processed/faces\S_b4394293.jpg,False,False,test,False
P_66a7087f,test,n001742,data/processed/faces\S_d383202e.jpg,data/processed/faces\S_4d6c0d4a.jpg,False,False,test,False
P_bfdf9556,test,n001742,data/processed/faces\S_d383202e.jpg,data/processed/faces\S_0f3d9bb4.jpg,False,False,test,False
P_eb525d87,test,n001742,data/processed/faces\S_d383202e.jpg,data/processed/faces\S_d1bf2058.jpg,False,False,test,False
P_df456115,test,n001742,data/processed/faces\S_d383202e.jpg,data/processed/faces\S_02a24081.jpg,False,False,test,False
P_b4e070c2,test,n001742,data/processed/faces\S_d383202e.jpg,data/processed/faces\S_0bbde2f8.jpg,False,False,test,False
P_167b1d63,test,n001742,data/processed/faces\S_d383202e.jpg,data/processed/faces\S_d80fa050.jpg,False,False,test,False
P_36e79157,test,n001742,data/processed/faces\S_d383202e.jpg,data/processed/faces\S_8905fff7.jpg,False,False,test,False
P_ff107844,test,n001742,data/processed/faces\S_d383202e.jpg,data/processed/faces\S_fdea623a.jpg,False,False,test,False
P_ac862118,test,n001742,data/processed/faces\S_d383202e.jpg,data/processed/faces\S_7badbbbd.jpg,False,False,test,False
P_4991e8dc,test,n001742,data/processed/faces\S_d383202e.jpg,data/processed/faces\S_fd7cd3e2.jpg,False,False,test,False
P_2cb5fa76,test,n001742,data/processed/faces\S_d383202e.jpg,data/processed/faces\S_dbea8a68.jpg,False,False,test,False
P_03ccba71,test,n001742,data/processed/faces\S_d383202e.jpg,data/processed/faces\S_b5eaaa4f.jpg,False,False,test,False
P_6d11da65,test,n001742,data/processed/faces\S_d383202e.jpg,data/processed/faces\S_85f7fbc9.jpg,False,False,test,False
P_74425305,test,n001742,data/processed/faces\S_d383202e.jpg,data/processed/faces\S_2344ac19.jpg,False,False,test,False
P_f19ced7c,test,n001742,data/processed/faces\S_d383202e.jpg,data/processed/faces\S_e2d7ac38.jpg,False,False,test,False
P_cfd8d25f,test,n001742,data/processed/faces\S_d383202e.jpg,data/processed/faces\S_8bc5a448.jpg,False,False,test,False
P_38873d60,test,n001742,data/processed/faces\S_d383202e.jpg,data/processed/faces\S_e2bd4625.jpg,False,False,test,False
P_e1669e22,test,n001742,data/processed/faces\S_d383202e.jpg,data/processed/faces\S_8342616c.jpg,False,False,test,False
P_df967d59,test,n001742,data/processed/faces\S_d383202e.jpg,data/processed/faces\S_f80a23bf.jpg,False,False,test,False
P_f0dbc093,test,n001742,data/processed/faces\S_d383202e.jpg,data/processed/faces\S_148ce64c.jpg,False,False,test,False
P_b1285021,test,n001742,data/processed/faces\S_d383202e.jpg,data/processed/faces\S_08ca39ea.jpg,False,False,test,False
P_d76c623d,test,n001742,data/processed/faces\S_d383202e.jpg,data/processed/faces\S_1cea7c31.jpg,False,False,test,False
P_cb0ce61c,test,n001742,data/processed/faces\S_d383202e.jpg,data/processed/faces\S_7269b2d0.jpg,False,False,test,False
P_ee8b72a7,test,n001742,data/processed/faces\S_d383202e.jpg,data/processed/faces\S_df4cb66d.jpg,False,False,test,False
P_d2b424a1,test,n001742,data/processed/faces\S_d383202e.jpg,data/processed/faces\S_721c54ef.jpg,False,False,test,False
P_f09d08b4,test,n001742,data/processed/faces\S_d383202e.jpg,data/processed/faces\S_ad8df8a8.jpg,False,False,test,False
P_9001212a,test,n001742,data/processed/faces\S_d383202e.jpg,data/processed/faces\S_ca1f2d59.jpg,False,False,test,False
P_b06a448f,test,n001742,data/processed/faces\S_d383202e.jpg,data/processed/faces\S_13d8647d.jpg,False,False,test,False
P_7f09b851,test,n001742,data/processed/faces\S_d383202e.jpg,data/processed/faces\S_b73a9ccb.jpg,False,False,test,False
P_1f3218a9,test,n001742,data/processed/faces\S_d383202e.jpg,data/processed/faces\S_e90fbe5e.jpg,False,False,test,False
P_399a2df7,test,n001742,data/processed/faces\S_d383202e.jpg,data/processed/faces\S_4694f132.jpg,False,False,test,False
P_4906ebf8,test,n001742,data/processed/faces\S_d383202e.jpg,data/processed/faces\S_5abad718.jpg,False,False,test,False
P_0bd01f6a,test,n001742,data/processed/faces\S_d383202e.jpg,data/processed/faces\S_95d64cb8.jpg,False,False,test,False
P_a8d27aaf,test,n001742,data/processed/faces\S_d383202e.jpg,data/processed/faces\S_17e917bd.jpg,False,False,test,False
P_9862379a,test,n001742,data/processed/faces\S_d383202e.jpg,data/processed/faces\S_021404ba.jpg,False,False,test,False
P_bd466b87,test,n001742,data/processed/faces\S_d383202e.jpg,data/processed/faces\S_1a9651ed.jpg,False,False,test,False
P_5e3fc677,test,n001742,data/processed/faces\S_d383202e.jpg,data/processed/faces\S_1b336d69.jpg,False,False,test,False
P_c9f0d461,test,n001742,data/processed/faces\S_d383202e.jpg,data/processed/faces\S_c9538d70.jpg,False,False,test,False
P_54b3b7da,test,n001742,data/processed/faces\S_d383202e.jpg,data/processed/faces\S_9a0beafb.jpg,False,False,test,False
P_4fb27043,test,n001742,data/processed/faces\S_d383202e.jpg,data/processed/faces\S_c14ca21a.jpg,False,False,test,False
P_1457dc81,test,n001742,data/processed/faces\S_d383202e.jpg,data/processed/faces\S_151b29c5.jpg,False,False,test,False
P_c22c207e,test,n001742,data/processed/faces\S_d383202e.jpg,data/processed/faces\S_77ddee90.jpg,False,False,test,False
P_0ba95d3c,test,n001742,data/processed/faces\S_d383202e.jpg,data/processed/faces\S_496f101b.jpg,False,False,test,False
P_941f00e6,test,n001742,data/processed/faces\S_d383202e.jpg,data/processed/faces\S_aebedfb2.jpg,False,False,test,False
P_faa3d14d,test,n001742,data/processed/faces\S_d383202e.jpg,data/processed/faces\S_b12cf000.jpg,False,False,test,False
P_be500928,test,n001742,data/processed/faces\S_d383202e.jpg,data/generated/face_swaps\SW_3068382a.jpg,False,False,test,False
P_4d5f9f12,test,n001742,data/processed/faces\S_d383202e.jpg,data/generated/face_swaps\SW_33bf672b.jpg,False,False,test,False
P_568e50cb,test,n001742,data/processed/faces\S_d383202e.jpg,data/generated/face_swaps\SW_55d51e93.jpg,False,False,test,False
P_f5ebae11,test,n001742,data/processed/faces\S_d383202e.jpg,data/generated/face_swaps\SW_160e2173.jpg,False,False,test,False
P_caf91c4c,test,n001742,data/processed/faces\S_d383202e.jpg,data/generated/face_swaps\SW_69101968.jpg,False,False,test,False
P_7cb14ebc,test,n001742,data/processed/faces\S_d383202e.jpg,data/generated/face_swaps\SW_b8bb3a0d.jpg,False,False,test,False
P_f601382d,test,n001742,data/processed/faces\S_d383202e.jpg,data/generated/face_swaps\SW_89e643f6.jpg,False,False,test,False
P_6220e550,test,n001742,data/processed/faces\S_d383202e.jpg,data/generated/face_swaps\SW_25ee42ef.jpg,False,False,test,False
P_1f7231cc,test,n001742,data/processed/faces\S_d383202e.jpg,data/generated/face_swaps\SW_7b5657ca.jpg,False,False,test,False
P_a7307e3c,test,n001742,data/processed/faces\S_d383202e.jpg,data/generated/face_swaps\SW_02db1865.jpg,False,False,test,False
P_222c266b,test,n001841,data/processed/faces\S_9cd85385.jpg,data/processed/faces\S_690b1b12.jpg,False,False,test,False
P_36ea3f5c,test,n001841,data/processed/faces\S_9cd85385.jpg,data/processed/faces\S_968dd0e5.jpg,False,False,test,False
P_79128306,test,n001841,data/processed/faces\S_9cd85385.jpg,data/processed/faces\S_eed976f2.jpg,False,False,test,False
P_2bc89d7f,test,n001841,data/processed/faces\S_9cd85385.jpg,data/processed/faces\S_d253ca87.jpg,False,False,test,False
P_b638c036,test,n001841,data/processed/faces\S_9cd85385.jpg,data/processed/faces\S_59b4981f.jpg,False,False,test,False
P_994e069b,test,n001841,data/processed/faces\S_9cd85385.jpg,data/processed/faces\S_0cf8ec7d.jpg,False,False,test,False
P_ed6ebe45,test,n001841,data/processed/faces\S_9cd85385.jpg,data/processed/faces\S_4814018e.jpg,False,False,test,False
P_2038ee8b,test,n001841,data/processed/faces\S_9cd85385.jpg,data/processed/faces\S_ddf63874.jpg,False,False,test,False
P_e77ed4cf,test,n001841,data/processed/faces\S_9cd85385.jpg,data/processed/faces\S_685140e2.jpg,False,False,test,False
P_c66c265b,test,n001841,data/processed/faces\S_9cd85385.jpg,data/processed/faces\S_798114bc.jpg,False,False,test,False
P_46c90439,test,n001841,data/processed/faces\S_9cd85385.jpg,data/processed/faces\S_91c8fae3.jpg,False,False,test,False
P_994ea444,test,n001841,data/processed/faces\S_9cd85385.jpg,data/processed/faces\S_de245511.jpg,False,False,test,False
P_a96f292c,test,n001841,data/processed/faces\S_9cd85385.jpg,data/processed/faces\S_e42caf02.jpg,False,False,test,False
P_562b9a9e,test,n001841,data/processed/faces\S_9cd85385.jpg,data/processed/faces\S_16b38e22.jpg,False,False,test,False
P_1923a4d5,test,n001841,data/processed/faces\S_9cd85385.jpg,data/processed/faces\S_2e07caf5.jpg,False,False,test,False
P_5f79444b,test,n001841,data/processed/faces\S_9cd85385.jpg,data/processed/faces\S_2e004e9f.jpg,False,False,test,False
P_511d17a9,test,n001841,data/processed/faces\S_9cd85385.jpg,data/processed/faces\S_1a82ba48.jpg,False,False,test,False
P_9a158dc7,test,n001841,data/processed/faces\S_9cd85385.jpg,data/processed/faces\S_fec8f053.jpg,False,False,test,False
P_53820fdf,test,n001841,data/processed/faces\S_9cd85385.jpg,data/processed/faces\S_120e4021.jpg,False,False,test,False
P_5c6ed893,test,n001841,data/processed/faces\S_9cd85385.jpg,data/processed/faces\S_ad88ae7f.jpg,False,False,test,False
P_fb279428,test,n001841,data/processed/faces\S_9cd85385.jpg,data/processed/faces\S_792d42c9.jpg,False,False,test,False
P_e937be62,test,n001841,data/processed/faces\S_9cd85385.jpg,data/processed/faces\S_be0e515d.jpg,False,False,test,False
P_a1f813e9,test,n001841,data/processed/faces\S_9cd85385.jpg,data/processed/faces\S_c70aa0e9.jpg,False,False,test,False
P_673e2945,test,n001841,data/processed/faces\S_9cd85385.jpg,data/processed/faces\S_3213c3a0.jpg,False,False,test,False
P_d6c22348,test,n001841,data/processed/faces\S_9cd85385.jpg,data/processed/faces\S_0ce5e02a.jpg,False,False,test,False
P_1233cff6,test,n001841,data/processed/faces\S_9cd85385.jpg,data/processed/faces\S_b743ec1a.jpg,False,False,test,False
P_f01376e2,test,n001841,data/processed/faces\S_9cd85385.jpg,data/processed/faces\S_77ddee90.jpg,False,False,test,False
P_2096c423,test,n001841,data/processed/faces\S_9cd85385.jpg,data/processed/faces\S_1be9137c.jpg,False,False,test,False
P_2156b520,test,n001841,data/processed/faces\S_9cd85385.jpg,data/processed/faces\S_cfa5cbcf.jpg,False,False,test,False
P_99703d60,test,n001841,data/processed/faces\S_9cd85385.jpg,data/processed/faces\S_f92c5456.jpg,False,False,test,False
P_fef0bd5d,test,n001841,data/processed/faces\S_9cd85385.jpg,data/processed/faces\S_1a0e88fb.jpg,False,False,test,False
P_68cf9ac4,test,n001841,data/processed/faces\S_9cd85385.jpg,data/processed/faces\S_46aa201b.jpg,False,False,test,False
P_e7683ed4,test,n001841,data/processed/faces\S_9cd85385.jpg,data/processed/faces\S_44c71094.jpg,False,False,test,False
P_2fb3b621,test,n001841,data/processed/faces\S_9cd85385.jpg,data/processed/faces\S_23e663a9.jpg,False,False,test,False
P_c22236ac,test,n001841,data/processed/faces\S_9cd85385.jpg,data/processed/faces\S_84a60ad6.jpg,False,False,test,False
P_1a7e9cb0,test,n001841,data/processed/faces\S_9cd85385.jpg,data/processed/faces\S_8f5eed3a.jpg,False,False,test,False
P_e3745895,test,n001841,data/processed/faces\S_9cd85385.jpg,data/processed/faces\S_e40d38ee.jpg,False,False,test,False
P_5d8b3f56,test,n001841,data/processed/faces\S_9cd85385.jpg,data/processed/faces\S_f4d67253.jpg,False,False,test,False
P_2b0c85b2,test,n001841,data/processed/faces\S_9cd85385.jpg,data/processed/faces\S_581d3f75.jpg,False,False,test,False
P_aa28acfe,test,n001841,data/processed/faces\S_9cd85385.jpg,data/processed/faces\S_36bc6f74.jpg,False,False,test,False
P_a959f186,test,n001841,data/processed/faces\S_9cd85385.jpg,data/processed/faces\S_6e504c7c.jpg,False,False,test,False
P_08779651,test,n001841,data/processed/faces\S_9cd85385.jpg,data/processed/faces\S_6f195672.jpg,False,False,test,False
P_81f34aa6,test,n001841,data/processed/faces\S_9cd85385.jpg,data/processed/faces\S_f5d61627.jpg,False,False,test,False
P_6b35d3f6,test,n001841,data/processed/faces\S_9cd85385.jpg,data/processed/faces\S_da0a28f3.jpg,False,False,test,False
P_34e8427c,test,n001841,data/processed/faces\S_9cd85385.jpg,data/processed/faces\S_e2d7ac38.jpg,False,False,test,False
P_eb56aa15,test,n001841,data/processed/faces\S_9cd85385.jpg,data/processed/faces\S_e0a884c9.jpg,False,False,test,False
P_5e9df62a,test,n001841,data/processed/faces\S_9cd85385.jpg,data/processed/faces\S_6b22ad4e.jpg,False,False,test,False
P_d730f418,test,n001841,data/processed/faces\S_9cd85385.jpg,data/processed/faces\S_146d72d0.jpg,False,False,test,False
P_bb088112,test,n001841,data/processed/faces\S_9cd85385.jpg,data/generated/face_swaps\SW_8da1b835.jpg,False,False,test,False
P_58afb011,test,n001841,data/processed/faces\S_9cd85385.jpg,data/generated/face_swaps\SW_b645aa02.jpg,False,False,test,False
P_ba1c3f99,test,n001841,data/processed/faces\S_9cd85385.jpg,data/generated/face_swaps\SW_bfdcd58a.jpg,False,False,test,False
P_13e176c4,test,n001841,data/processed/faces\S_9cd85385.jpg,data/generated/face_swaps\SW_e987188f.jpg,False,False,test,False
P_65250e8f,test,n001841,data/processed/faces\S_9cd85385.jpg,data/generated/face_swaps\SW_8702de47.jpg,False,False,test,False
P_7da87314,test,n001841,data/processed/faces\S_9cd85385.jpg,data/generated/face_swaps\SW_ca1f4021.jpg,False,False,test,False
P_3980239d,test,n001841,data/processed/faces\S_9cd85385.jpg,data/generated/face_swaps\SW_c1995f15.jpg,False,False,test,False
P_70eb5a34,test,n001841,data/processed/faces\S_9cd85385.jpg,data/generated/face_swaps\SW_5661c215.jpg,False,False,test,False
P_516713fb,test,n001841,data/processed/faces\S_9cd85385.jpg,data/generated/face_swaps\SW_f06759c1.jpg,False,False,test,False
P_640fdf78,test,n001841,data/processed/faces\S_9cd85385.jpg,data/generated/face_swaps\SW_59002a45.jpg,False,False,test,False
P_4f9b2d16,test,n002363,data/processed/faces\S_d2f6e0da.jpg,data/processed/faces\S_52a101f5.jpg,False,False,test,False
P_5952c966,test,n002363,data/processed/faces\S_d2f6e0da.jpg,data/processed/faces\S_4f208940.jpg,False,False,test,False
P_8dc56884,test,n002363,data/processed/faces\S_d2f6e0da.jpg,data/processed/faces\S_3bfa75c2.jpg,False,False,test,False
P_e9e4d39e,test,n002363,data/processed/faces\S_d2f6e0da.jpg,data/processed/faces\S_496f101b.jpg,False,False,test,False
P_3b793c5e,test,n002363,data/processed/faces\S_d2f6e0da.jpg,data/processed/faces\S_fd87b961.jpg,False,False,test,False
P_b06270c7,test,n002363,data/processed/faces\S_d2f6e0da.jpg,data/processed/faces\S_403e5669.jpg,False,False,test,False
P_b756118c,test,n002363,data/processed/faces\S_d2f6e0da.jpg,data/processed/faces\S_5d43fda8.jpg,False,False,test,False
P_f0b8738d,test,n002363,data/processed/faces\S_d2f6e0da.jpg,data/processed/faces\S_04abd8a8.jpg,False,False,test,False
P_5d9f689b,test,n002363,data/processed/faces\S_d2f6e0da.jpg,data/processed/faces\S_48b4e0a9.jpg,False,False,test,False
P_0500d7a6,test,n002363,data/processed/faces\S_d2f6e0da.jpg,data/processed/faces\S_a3aa4a98.jpg,False,False,test,False
P_df136610,test,n002363,data/processed/faces\S_d2f6e0da.jpg,data/processed/faces\S_0a166ba5.jpg,False,False,test,False
P_2c2e2e96,test,n002363,data/processed/faces\S_d2f6e0da.jpg,data/processed/faces\S_dc2c5519.jpg,False,False,test,False
P_80c43689,test,n002363,data/processed/faces\S_d2f6e0da.jpg,data/processed/faces\S_9cf8b18d.jpg,False,False,test,False
P_c4d693ce,test,n002363,data/processed/faces\S_d2f6e0da.jpg,data/processed/faces\S_adbdfcb4.jpg,False,False,test,False
P_e308df38,test,n002363,data/processed/faces\S_d2f6e0da.jpg,data/processed/faces\S_a37d064b.jpg,False,False,test,False
P_e0441cc8,test,n002363,data/processed/faces\S_d2f6e0da.jpg,data/processed/faces\S_322ded86.jpg,False,False,test,False
P_75581f2c,test,n002363,data/processed/faces\S_d2f6e0da.jpg,data/processed/faces\S_e4848f0d.jpg,False,False,test,False
P_8d8da0a5,test,n002363,data/processed/faces\S_d2f6e0da.jpg,data/processed/faces\S_b90b9388.jpg,False,False,test,False
P_7813eeaf,test,n002363,data/processed/faces\S_d2f6e0da.jpg,data/processed/faces\S_19015772.jpg,False,False,test,False
P_4ccace62,test,n002363,data/processed/faces\S_d2f6e0da.jpg,data/processed/faces\S_f43d914e.jpg,False,False,test,False
P_3f5732b7,test,n002363,data/processed/faces\S_d2f6e0da.jpg,data/processed/faces\S_207d7e8b.jpg,False,False,test,False
P_be3de896,test,n002363,data/processed/faces\S_d2f6e0da.jpg,data/processed/faces\S_5e10554f.jpg,False,False,test,False
P_ec6b8d98,test,n002363,data/processed/faces\S_d2f6e0da.jpg,data/processed/faces\S_b02ebd58.jpg,False,False,test,False
P_5e789d0f,test,n002363,data/processed/faces\S_d2f6e0da.jpg,data/processed/faces\S_f6cf1889.jpg,False,False,test,False
P_c3c1938e,test,n002363,data/processed/faces\S_d2f6e0da.jpg,data/processed/faces\S_c47e8c99.jpg,False,False,test,False
P_ec42a6d7,test,n002363,data/processed/faces\S_d2f6e0da.jpg,data/processed/faces\S_82b47f67.jpg,False,False,test,False
P_77207559,test,n002363,data/processed/faces\S_d2f6e0da.jpg,data/processed/faces\S_0b8a0984.jpg,False,False,test,False
P_922bc3e9,test,n002363,data/processed/faces\S_d2f6e0da.jpg,data/processed/faces\S_d2da335f.jpg,False,False,test,False
P_e8fe4ccf,test,n002363,data/processed/faces\S_d2f6e0da.jpg,data/processed/faces\S_8e76f26b.jpg,False,False,test,False
P_4c1c523c,test,n002363,data/processed/faces\S_d2f6e0da.jpg,data/processed/faces\S_f890656e.jpg,False,False,test,False
P_241ae9a8,test,n002363,data/processed/faces\S_d2f6e0da.jpg,data/processed/faces\S_2a562b04.jpg,False,False,test,False
P_9e9effbd,test,n002363,data/processed/faces\S_d2f6e0da.jpg,data/processed/faces\S_931c7eda.jpg,False,False,test,False
P_c29f10ef,test,n002363,data/processed/faces\S_d2f6e0da.jpg,data/processed/faces\S_0c7bd41f.jpg,False,False,test,False
P_5cb2f04f,test,n002363,data/processed/faces\S_d2f6e0da.jpg,data/processed/faces\S_d7f61cee.jpg,False,False,test,False
P_aba5d58f,test,n002363,data/processed/faces\S_d2f6e0da.jpg,data/processed/faces\S_162979a9.jpg,False,False,test,False
P_02e99aa3,test,n002363,data/processed/faces\S_d2f6e0da.jpg,data/processed/faces\S_e0a884c9.jpg,False,False,test,False
P_c1dedc20,test,n002363,data/processed/faces\S_d2f6e0da.jpg,data/processed/faces\S_2cd92f90.jpg,False,False,test,False
P_e5834fcc,test,n002363,data/processed/faces\S_d2f6e0da.jpg,data/processed/faces\S_e6711072.jpg,False,False,test,False
P_b08b4545,test,n002363,data/processed/faces\S_d2f6e0da.jpg,data/processed/faces\S_9de76ee6.jpg,False,False,test,False
P_fb21f52b,test,n002363,data/processed/faces\S_d2f6e0da.jpg,data/processed/faces\S_eda4e03b.jpg,False,False,test,False
P_e2079992,test,n002363,data/processed/faces\S_d2f6e0da.jpg,data/processed/faces\S_6e504c7c.jpg,False,False,test,False
P_90e54688,test,n002363,data/processed/faces\S_d2f6e0da.jpg,data/processed/faces\S_234607e8.jpg,False,False,test,False
P_02a4c07b,test,n002363,data/processed/faces\S_d2f6e0da.jpg,data/processed/faces\S_85286116.jpg,False,False,test,False
P_8e738235,test,n002363,data/processed/faces\S_d2f6e0da.jpg,data/processed/faces\S_6902b644.jpg,False,False,test,False
P_9c00379d,test,n002363,data/processed/faces\S_d2f6e0da.jpg,data/processed/faces\S_fdea623a.jpg,False,False,test,False
P_29e79c44,test,n002363,data/processed/faces\S_d2f6e0da.jpg,data/processed/faces\S_ad88ae7f.jpg,False,False,test,False
P_84ad568f,test,n002363,data/processed/faces\S_d2f6e0da.jpg,data/processed/faces\S_e63842b5.jpg,False,False,test,False
P_61150842,test,n002363,data/processed/faces\S_d2f6e0da.jpg,data/processed/faces\S_856062f8.jpg,False,False,test,False
P_54b67e2e,test,n002363,data/processed/faces\S_d2f6e0da.jpg,data/generated/face_swaps\SW_0ffa0857.jpg,False,False,test,False
P_419d8dd0,test,n002363,data/processed/faces\S_d2f6e0da.jpg,data/generated/face_swaps\SW_f7f68106.jpg,False,False,test,False
P_d6ae8763,test,n002363,data/processed/faces\S_d2f6e0da.jpg,data/generated/face_swaps\SW_2fb21c9d.jpg,False,False,test,False
P_54697d9b,test,n002363,data/processed/faces\S_d2f6e0da.jpg,data/generated/face_swaps\SW_50ff23fe.jpg,False,False,test,False
P_cd14b970,test,n002363,data/processed/faces\S_d2f6e0da.jpg,data/generated/face_swaps\SW_38c75b55.jpg,False,False,test,False
P_57a545bd,test,n002363,data/processed/faces\S_d2f6e0da.jpg,data/generated/face_swaps\SW_c1f93796.jpg,False,False,test,False
P_a309efda,test,n002363,data/processed/faces\S_d2f6e0da.jpg,data/generated/face_swaps\SW_81e7a50c.jpg,False,False,test,False
P_ff4d90d3,test,n002363,data/processed/faces\S_d2f6e0da.jpg,data/generated/face_swaps\SW_aa767af0.jpg,False,False,test,False
P_e408ce4c,test,n002363,data/processed/faces\S_d2f6e0da.jpg,data/generated/face_swaps\SW_34bd87bd.jpg,False,False,test,False
P_bad89275,test,n002363,data/processed/faces\S_d2f6e0da.jpg,data/generated/face_swaps\SW_da10b3eb.jpg,False,False,test,False
P_8d6222d6,test,n005210,data/processed/faces\S_f410f867.jpg,data/processed/faces\S_b47bf88b.jpg,False,False,test,False
P_d2021528,test,n005210,data/processed/faces\S_f410f867.jpg,data/processed/faces\S_0d34d038.jpg,False,False,test,False
P_c928e20e,test,n005210,data/processed/faces\S_f410f867.jpg,data/processed/faces\S_25ed5cca.jpg,False,False,test,False
P_83bdc93f,test,n005210,data/processed/faces\S_f410f867.jpg,data/processed/faces\S_5488d170.jpg,False,False,test,False
P_cdb7963f,test,n005210,data/processed/faces\S_f410f867.jpg,data/processed/faces\S_dfb06db3.jpg,False,False,test,False
P_058ae3ff,test,n005210,data/processed/faces\S_f410f867.jpg,data/processed/faces\S_e11eb915.jpg,False,False,test,False
P_b9a98676,test,n005210,data/processed/faces\S_f410f867.jpg,data/processed/faces\S_e852c0f0.jpg,False,False,test,False
P_6835fd56,test,n005210,data/processed/faces\S_f410f867.jpg,data/processed/faces\S_8af3548c.jpg,False,False,test,False
P_9b4dc6ed,test,n005210,data/processed/faces\S_f410f867.jpg,data/processed/faces\S_6b22ad4e.jpg,False,False,test,False
P_45cc0b72,test,n005210,data/processed/faces\S_f410f867.jpg,data/processed/faces\S_11e12359.jpg,False,False,test,False
P_738fc7fc,test,n005210,data/processed/faces\S_f410f867.jpg,data/processed/faces\S_e1eb52f7.jpg,False,False,test,False
P_98cde96a,test,n005210,data/processed/faces\S_f410f867.jpg,data/processed/faces\S_30e09cfa.jpg,False,False,test,False
P_7f88f301,test,n005210,data/processed/faces\S_f410f867.jpg,data/processed/faces\S_aebedfb2.jpg,False,False,test,False
P_9a6dc4f3,test,n005210,data/processed/faces\S_f410f867.jpg,data/processed/faces\S_317998cc.jpg,False,False,test,False
P_c316bbda,test,n005210,data/processed/faces\S_f410f867.jpg,data/processed/faces\S_11741d74.jpg,False,False,test,False
P_5f570421,test,n005210,data/processed/faces\S_f410f867.jpg,data/processed/faces\S_fc37a1af.jpg,False,False,test,False
P_ab4611e4,test,n005210,data/processed/faces\S_f410f867.jpg,data/processed/faces\S_d17f88f2.jpg,False,False,test,False
P_a6cac03a,test,n005210,data/processed/faces\S_f410f867.jpg,data/processed/faces\S_17fb2c70.jpg,False,False,test,False
P_eb44fe71,test,n005210,data/processed/faces\S_f410f867.jpg,data/processed/faces\S_883ed280.jpg,False,False,test,False
P_356876c6,test,n005210,data/processed/faces\S_f410f867.jpg,data/processed/faces\S_692abb9e.jpg,False,False,test,False
P_c3a3a416,test,n005210,data/processed/faces\S_f410f867.jpg,data/processed/faces\S_c18ca273.jpg,False,False,test,False
P_4a490ab3,test,n005210,data/processed/faces\S_f410f867.jpg,data/processed/faces\S_9370dbc9.jpg,False,False,test,False
P_f9574093,test,n005210,data/processed/faces\S_f410f867.jpg,data/processed/faces\S_00070a07.jpg,False,False,test,False
P_a2a5ab0d,test,n005210,data/processed/faces\S_f410f867.jpg,data/processed/faces\S_234be83c.jpg,False,False,test,False
P_7fb7ccd2,test,n005210,data/processed/faces\S_f410f867.jpg,data/processed/faces\S_cfa3f92e.jpg,False,False,test,False
P_00d12490,test,n005210,data/processed/faces\S_f410f867.jpg,data/processed/faces\S_d1958833.jpg,False,False,test,False
P_ba7e3d5c,test,n005210,data/processed/faces\S_f410f867.jpg,data/processed/faces\S_4fb10607.jpg,False,False,test,False
P_007c60c2,test,n005210,data/processed/faces\S_f410f867.jpg,data/processed/faces\S_21dda345.jpg,False,False,test,False
P_edc61879,test,n005210,data/processed/faces\S_f410f867.jpg,data/processed/faces\S_effc92b7.jpg,False,False,test,False
P_6d4f5d45,test,n005210,data/processed/faces\S_f410f867.jpg,data/processed/faces\S_19547875.jpg,False,False,test,False
P_5fc0409b,test,n005210,data/processed/faces\S_f410f867.jpg,data/processed/faces\S_980494b0.jpg,False,False,test,False
P_4766ce2e,test,n005210,data/processed/faces\S_f410f867.jpg,data/processed/faces\S_5096dff7.jpg,False,False,test,False
P_5dc35ff8,test,n005210,data/processed/faces\S_f410f867.jpg,data/processed/faces\S_6b0dd6d0.jpg,False,False,test,False
P_85b88175,test,n005210,data/processed/faces\S_f410f867.jpg,data/processed/faces\S_eec00896.jpg,False,False,test,False
P_97a7cd2c,test,n005210,data/processed/faces\S_f410f867.jpg,data/processed/faces\S_9aedc8b8.jpg,False,False,test,False
P_1347e308,test,n005210,data/processed/faces\S_f410f867.jpg,data/processed/faces\S_e63842b5.jpg,False,False,test,False
P_59a57684,test,n005210,data/processed/faces\S_f410f867.jpg,data/processed/faces\S_c563a52a.jpg,False,False,test,False
P_312f8e8e,test,n005210,data/processed/faces\S_f410f867.jpg,data/processed/faces\S_9a6641e6.jpg,False,False,test,False
P_f685e3d2,test,n005210,data/processed/faces\S_f410f867.jpg,data/processed/faces\S_06010b8e.jpg,False,False,test,False
P_4aea37ef,test,n005210,data/processed/faces\S_f410f867.jpg,data/processed/faces\S_3760e119.jpg,False,False,test,False
P_576c747d,test,n005210,data/processed/faces\S_f410f867.jpg,data/processed/faces\S_e14d88b8.jpg,False,False,test,False
P_1723ea8d,test,n005210,data/processed/faces\S_f410f867.jpg,data/processed/faces\S_750fd6f4.jpg,False,False,test,False
P_b9621186,test,n005210,data/processed/faces\S_f410f867.jpg,data/processed/faces\S_f129b4aa.jpg,False,False,test,False
P_a1b1d797,test,n005210,data/processed/faces\S_f410f867.jpg,data/processed/faces\S_9d1b9c38.jpg,False,False,test,False
P_24391cb7,test,n005210,data/processed/faces\S_f410f867.jpg,data/processed/faces\S_ca1f2d59.jpg,False,False,test,False
P_c2da709d,test,n005210,data/processed/faces\S_f410f867.jpg,data/processed/faces\S_ddf63874.jpg,False,False,test,False
P_27c23db9,test,n005210,data/processed/faces\S_f410f867.jpg,data/processed/faces\S_a3aa4a98.jpg,False,False,test,False
P_448d5123,test,n005210,data/processed/faces\S_f410f867.jpg,data/processed/faces\S_97f3f656.jpg,False,False,test,False
P_c7f47c9c,test,n005210,data/processed/faces\S_f410f867.jpg,data/generated/face_swaps\SW_bebca6c1.jpg,False,False,test,False
P_3e8160a9,test,n005210,data/processed/faces\S_f410f867.jpg,data/generated/face_swaps\SW_a1f5659a.jpg,False,False,test,False
P_05376e3a,test,n005210,data/processed/faces\S_f410f867.jpg,data/generated/face_swaps\SW_6492b27b.jpg,False,False,test,False
P_0fe70d6a,test,n005210,data/processed/faces\S_f410f867.jpg,data/generated/face_swaps\SW_7ee69b21.jpg,False,False,test,False
P_96471b50,test,n005210,data/processed/faces\S_f410f867.jpg,data/generated/face_swaps\SW_1d042741.jpg,False,False,test,False
P_9b28f058,test,n005210,data/processed/faces\S_f410f867.jpg,data/generated/face_swaps\SW_344bade0.jpg,False,False,test,False
P_9d94f407,test,n005210,data/processed/faces\S_f410f867.jpg,data/generated/face_swaps\SW_9502b5ac.jpg,False,False,test,False
P_52347226,test,n005210,data/processed/faces\S_f410f867.jpg,data/generated/face_swaps\SW_008ae340.jpg,False,False,test,False
P_58045861,test,n005210,data/processed/faces\S_f410f867.jpg,data/generated/face_swaps\SW_d3ee2dd2.jpg,False,False,test,False
P_46b7e665,test,n005210,data/processed/faces\S_f410f867.jpg,data/generated/face_swaps\SW_f410b252.jpg,False,False,test,False
P_6d3c27dd,test,n006685,data/processed/faces\S_bab773b1.jpg,data/processed/faces\S_856062f8.jpg,False,False,test,False
P_4af71f2f,test,n006685,data/processed/faces\S_bab773b1.jpg,data/processed/faces\S_dc97efb3.jpg,False,False,test,False
P_be71df6d,test,n006685,data/processed/faces\S_bab773b1.jpg,data/processed/faces\S_6c1596fe.jpg,False,False,test,False
P_decae771,test,n006685,data/processed/faces\S_bab773b1.jpg,data/processed/faces\S_545cc5b1.jpg,False,False,test,False
P_25ed17d3,test,n006685,data/processed/faces\S_bab773b1.jpg,data/processed/faces\S_29e99d4a.jpg,False,False,test,False
P_d69df078,test,n006685,data/processed/faces\S_bab773b1.jpg,data/processed/faces\S_635bd691.jpg,False,False,test,False
P_5ec5e873,test,n006685,data/processed/faces\S_bab773b1.jpg,data/processed/faces\S_8cff5346.jpg,False,False,test,False
P_c21267d2,test,n006685,data/processed/faces\S_bab773b1.jpg,data/processed/faces\S_cac11308.jpg,False,False,test,False
P_bbe5fa04,test,n006685,data/processed/faces\S_bab773b1.jpg,data/processed/faces\S_0847d607.jpg,False,False,test,False
P_2488e4e5,test,n006685,data/processed/faces\S_bab773b1.jpg,data/processed/faces\S_a6e5ba8e.jpg,False,False,test,False
P_2171409d,test,n006685,data/processed/faces\S_bab773b1.jpg,data/processed/faces\S_08b9a2bf.jpg,False,False,test,False
P_cdcc7dac,test,n006685,data/processed/faces\S_bab773b1.jpg,data/processed/faces\S_f6597e54.jpg,False,False,test,False
P_fbe8c10d,test,n006685,data/processed/faces\S_bab773b1.jpg,data/processed/faces\S_60b6c029.jpg,False,False,test,False
P_4765260a,test,n006685,data/processed/faces\S_bab773b1.jpg,data/processed/faces\S_5785fbd1.jpg,False,False,test,False
P_876b6ad9,test,n006685,data/processed/faces\S_bab773b1.jpg,data/processed/faces\S_3a14098a.jpg,False,False,test,False
P_87830580,test,n006685,data/processed/faces\S_bab773b1.jpg,data/processed/faces\S_6587813d.jpg,False,False,test,False
P_5d72e9af,test,n006685,data/processed/faces\S_bab773b1.jpg,data/processed/faces\S_81b0a5a2.jpg,False,False,test,False
P_5aa53e2a,test,n006685,data/processed/faces\S_bab773b1.jpg,data/processed/faces\S_0d0be399.jpg,False,False,test,False
P_5e9c1d04,test,n006685,data/processed/faces\S_bab773b1.jpg,data/processed/faces\S_146d72d0.jpg,False,False,test,False
P_01ac4b83,test,n006685,data/processed/faces\S_bab773b1.jpg,data/processed/faces\S_d606bb42.jpg,False,False,test,False
P_9b07a923,test,n006685,data/processed/faces\S_bab773b1.jpg,data/processed/faces\S_244b757e.jpg,False,False,test,False
P_879e33a5,test,n006685,data/processed/faces\S_bab773b1.jpg,data/processed/faces\S_0639ab04.jpg,False,False,test,False
P_1a0c1bc4,test,n006685,data/processed/faces\S_bab773b1.jpg,data/processed/faces\S_82ceef4e.jpg,False,False,test,False
P_da78e32a,test,n006685,data/processed/faces\S_bab773b1.jpg,data/processed/faces\S_660bfc18.jpg,False,False,test,False
P_e90d4a28,test,n006685,data/processed/faces\S_bab773b1.jpg,data/processed/faces\S_a75acc7a.jpg,False,False,test,False
P_1ad328bf,test,n006685,data/processed/faces\S_bab773b1.jpg,data/processed/faces\S_ca4ee9ae.jpg,False,False,test,False
P_0995c77e,test,n006685,data/processed/faces\S_bab773b1.jpg,data/processed/faces\S_8baf2802.jpg,False,False,test,False
P_25ba276b,test,n006685,data/processed/faces\S_bab773b1.jpg,data/processed/faces\S_fd2ceca7.jpg,False,False,test,False
P_31d11846,test,n006685,data/processed/faces\S_bab773b1.jpg,data/processed/faces\S_af1a454a.jpg,False,False,test,False
P_30a8fa05,test,n006685,data/processed/faces\S_bab773b1.jpg,data/processed/faces\S_3956bf66.jpg,False,False,test,False
P_358b89ac,test,n006685,data/processed/faces\S_bab773b1.jpg,data/processed/faces\S_b4b98611.jpg,False,False,test,False
P_e9883c85,test,n006685,data/processed/faces\S_bab773b1.jpg,data/processed/faces\S_97f3f656.jpg,False,False,test,False
P_6b4b2221,test,n006685,data/processed/faces\S_bab773b1.jpg,data/processed/faces\S_2725f25a.jpg,False,False,test,False
P_8d86984f,test,n006685,data/processed/faces\S_bab773b1.jpg,data/processed/faces\S_b12cf000.jpg,False,False,test,False
P_9496e15d,test,n006685,data/processed/faces\S_bab773b1.jpg,data/processed/faces\S_e510e657.jpg,False,False,test,False
P_135961fb,test,n006685,data/processed/faces\S_bab773b1.jpg,data/processed/faces\S_00f2d7f3.jpg,False,False,test,False
P_69c27912,test,n006685,data/processed/faces\S_bab773b1.jpg,data/processed/faces\S_43d7a9b8.jpg,False,False,test,False
P_9fbc60fd,test,n006685,data/processed/faces\S_bab773b1.jpg,data/processed/faces\S_2958db89.jpg,False,False,test,False
P_377db897,test,n006685,data/processed/faces\S_bab773b1.jpg,data/processed/faces\S_cd65bd8e.jpg,False,False,test,False
P_a2dfd7a4,test,n006685,data/processed/faces\S_bab773b1.jpg,data/processed/faces\S_1970e9fa.jpg,False,False,test,False
P_fc7d0770,test,n006685,data/processed/faces\S_bab773b1.jpg,data/processed/faces\S_c9538d70.jpg,False,False,test,False
P_6c49f1f2,test,n006685,data/processed/faces\S_bab773b1.jpg,data/processed/faces\S_8f2745f1.jpg,False,False,test,False
P_6ee983c6,test,n006685,data/processed/faces\S_bab773b1.jpg,data/processed/faces\S_7a2659db.jpg,False,False,test,False
P_4857150b,test,n006685,data/processed/faces\S_bab773b1.jpg,data/processed/faces\S_7b132918.jpg,False,False,test,False
P_9e091501,test,n006685,data/processed/faces\S_bab773b1.jpg,data/processed/faces\S_13d8647d.jpg,False,False,test,False
P_a77d7710,test,n006685,data/processed/faces\S_bab773b1.jpg,data/processed/faces\S_2e004e9f.jpg,False,False,test,False
P_9a9d4c09,test,n006685,data/processed/faces\S_bab773b1.jpg,data/processed/faces\S_f890656e.jpg,False,False,test,False
P_119a11be,test,n006685,data/processed/faces\S_bab773b1.jpg,data/processed/faces\S_e63842b5.jpg,False,False,test,False
P_c8b9f1cb,test,n006685,data/processed/faces\S_bab773b1.jpg,data/generated/face_swaps\SW_9c43bdc1.jpg,False,False,test,False
P_5b92a682,test,n006685,data/processed/faces\S_bab773b1.jpg,data/generated/face_swaps\SW_c46d18c9.jpg,False,False,test,False
P_ab141fdb,test,n006685,data/processed/faces\S_bab773b1.jpg,data/generated/face_swaps\SW_1c76cc91.jpg,False,False,test,False
P_7f3a0f8c,test,n006685,data/processed/faces\S_bab773b1.jpg,data/generated/face_swaps\SW_b207555f.jpg,False,False,test,False
P_b1ea25fd,test,n006685,data/processed/faces\S_bab773b1.jpg,data/generated/face_swaps\SW_19d7f170.jpg,False,False,test,False
P_9956714b,test,n006685,data/processed/faces\S_bab773b1.jpg,data/generated/face_swaps\SW_a1eaffbf.jpg,False,False,test,False
P_ffa29a7d,test,n006685,data/processed/faces\S_bab773b1.jpg,data/generated/face_swaps\SW_4f878d65.jpg,False,False,test,False
P_e602ed19,test,n006685,data/processed/faces\S_bab773b1.jpg,data/generated/face_swaps\SW_2c8984a2.jpg,False,False,test,False
P_4ad2f8ce,test,n006685,data/processed/faces\S_bab773b1.jpg,data/generated/face_swaps\SW_4ae286da.jpg,False,False,test,False
P_b7ae086a,test,n006685,data/processed/faces\S_bab773b1.jpg,data/generated/face_swaps\SW_c67cf495.jpg,False,False,test,False
